[{"senderKeyId":1449871980,"senderChainKey":{"iteration":59,"seed":"uyVSfr+eTYhJvoMky+wqu8z/7nBALe9SCx7lNIrEj94="},"senderSigningKey":{"public":"BewYYkcGQtI862/ls3mep5/ZW9tC0soOpS2nsRQrv+NN","private":"iEPdRUXJhZ4QBuLGnwyBSH0lIBFYQLkSzOs2u3Lcp04="},"senderMessageKeys":[{"iteration":1,"seed":"NK/hszfph/YfgX2iNvVN9dFi51ZlM7vp3bXGJ8BLQms="},{"iteration":3,"seed":"TCSJU8q3o9TMWV+35U5B7q4lc6ntJi06J10cDjnAQXI="},{"iteration":5,"seed":"kKh0U+JOPbDDMbtckPb4oJwkUuXpmbxvFOE67G6WntE="},{"iteration":7,"seed":"WBMdv/YRgMXA10bWFwt+6/ifZAS9/xi2H5Ni+P1UVAY="},{"iteration":9,"seed":"tGZJU0bwT2NmKLnhhR5n0VPPAHHgyl6t151HRcr2S2A="},{"iteration":11,"seed":"Kt67FfgSDX2XEqH9xHCKQ0akMuTumINUPQRpxldvq8E="},{"iteration":13,"seed":"ILggx5oHKS6P/EZJCwPOAarilXluolszPKDookZxmJI="},{"iteration":15,"seed":"XiephHl1OJeCcuUWq6jN+uKyTefKEn46117UR3M/GLE="},{"iteration":17,"seed":"12XTRoQ6Z/xKvsQiv57h9OC8xD25+kkRL9Efu3TQ5JU="},{"iteration":19,"seed":"YqhYPH49NTFuXSbYp5yDg4jwJBP3m0a1ZkjggKZy4Io="},{"iteration":21,"seed":"ZBC7J3hchJT57ZgMsEO8xTvt8rHwwRm1J2t0uWcyFT0="},{"iteration":23,"seed":"4DTFbdAtCeP60tB6UDscemN3+m9KhyH1ZeoVr8PiDcQ="},{"iteration":25,"seed":"FZUdLfQviw/5Ckbo+B/GBL5eNymFzPeQVK357ZwEgps="},{"iteration":27,"seed":"89Xd4jMtz/VtzqqSmMT9XdDAsCTFgejuTCJ8RXtdqzc="},{"iteration":29,"seed":"xdm2uPlUtScshd1axvlnN3eJJz8Be8C2N6DcgrbEkco="},{"iteration":31,"seed":"0MvTfs03CwFjI3NBZhKNXswv2iYQhFIXLQmYf74LTV4="},{"iteration":33,"seed":"nPCzNObFd8v1vVml0svscCKmOoeYyb2JwW3O5pvdjz4="},{"iteration":35,"seed":"vrXEsyEqe4fj9ax1ABS1UK0KDqeP2QK1NEQ/UzfpsgM="},{"iteration":37,"seed":"TdkPt5HT3ueDlvhS19tAVtB5vTqvB8vL/P2iFErF1Kw="},{"iteration":39,"seed":"w6PfdtvIcekLB7XXG6ZalCQXu/lYPgFzHO7cduiEu60="},{"iteration":41,"seed":"4nEA6Nmf0poz4d97EXX3u5DsyFmnYKg2ipRjKtDkvOQ="},{"iteration":43,"seed":"W14QJJxxc+vzkZyfwIBZgK7G8+ardHMg12/WdlTy5Qc="},{"iteration":45,"seed":"Q1lFVqG/UOTXV9lss8QnqlRJVjZJMao3bfDKZ937u3s="},{"iteration":47,"seed":"6HKchi9EvsNP+8JCsIvO7EOhgkUqLre8Y9fnFlDgr/c="},{"iteration":49,"seed":"TkssEzoAZxAE+LvV3lb1e0IwliZ0zHm1OcJnoRxdYyY="},{"iteration":51,"seed":"mHtK+h7gN+1/S+w16OXBAAl/QB2UTsy7cp6UtEic5jY="},{"iteration":53,"seed":"eLcZ1kQRLtnSfbN8dFEc7oKpQRHKPjXqoFNE/Sw42Bc="},{"iteration":55,"seed":"MQ1qTLNj+XzNCT+EMPXwE+kgLMca+s6e2sV4csoyPUQ="},{"iteration":57,"seed":"t7zPgiJOSiFDLhA3PRXN2r24R5IP/ttBvmwSxevRQT8="}]}]