[{"senderKeyId":700726563,"senderChainKey":{"iteration":621,"seed":"r2xfwcwHDuGMimRoa7dRqzH6yIDPFLrTKGy7TLFOFVI="},"senderSigningKey":{"public":"BbjT6p87VK0Bhnl7K4D3TOEqgKv3VEuwDeUbgLMHNkpJ"},"senderMessageKeys":[{"iteration":591,"seed":"a+z5YQFNqwUcBDDaT/B1BRUwqpHsP2JZl1GbQDjEWpk="},{"iteration":593,"seed":"KYlvcyGs7BgYgnhDG6X7gHVhw/XZZdqyj6JIQpDvd28="},{"iteration":595,"seed":"cbS6T3/bASYO5UVfytXe2hbNWdih/9YC2p3LJ4SiRxw="},{"iteration":597,"seed":"iYYXyLGxc/SCA7vW9EyMuojECaN/Kq8PMZYMpdgUXPc="},{"iteration":599,"seed":"d8w/lokLgDQca96Kqri6pN4Sy75vqj2dYD3MLRYAnJg="},{"iteration":601,"seed":"a2rL5Zz6uuyKxAz7PT3VMZNcE9U8e8NPFqV02QcaEWA="},{"iteration":603,"seed":"eT3zjr6frUJkXMpYYbRKgCJZEKZ3vzukUYZ7DYZWdJY="},{"iteration":605,"seed":"aVC3m1xQ6sdPGIAKZYHmDdgLc7YeAwhocOjDfl3BJLA="},{"iteration":607,"seed":"I477FJErB1f/Do84nmsjOFE2xIqq8K7e/cqcKuH/6lc="},{"iteration":609,"seed":"9EaCFOmVO6Ds7Fce/W2afboEge85H8YJBbXJh1sr1/o="},{"iteration":611,"seed":"fEZGIrzwRpm/45fRkcncJaEI9i2ZBqG1Ew13XCiixxM="},{},{},{},{}]},{"senderKeyId":700726563,"senderChainKey":{"iteration":613,"seed":"wpyIVArz2bFw8eVZIJa4q8C2f/QxoNAklXnoFHA52Ro="},"senderSigningKey":{"public":"BbjT6p87VK0Bhnl7K4D3TOEqgKv3VEuwDeUbgLMHNkpJ"},"senderMessageKeys":[]}]