[{"senderKeyId":294086329,"senderChainKey":{"iteration":463,"seed":"2UImHCnSRuZXFZk7l5YNLstpbWm5YO5vgX5qnfcRLPQ="},"senderSigningKey":{"public":"BRf3K+YMq0D55GDlPju0SRyWrP5rgEITRQgE16z2Mv9W"},"senderMessageKeys":[{"iteration":427,"seed":"BZWDl4LYvHdFnDB0QJT+jmTSZqXaOaPz9jse3rH+D/w="},{"iteration":428,"seed":"I/4//i2RWMfcCfOa8tFT4ZU9SjMqaXOFDxc0geF3ZQM="},{"iteration":429,"seed":"xixHaNSe5ATXZzErqWGdWOezIezN6TYvLskSCFAhA2s="},{"iteration":430,"seed":"mie+Fzu0QVL9iUaDA/j3VdtFUEPy+cMY/k+llkeJijw="},{"iteration":431,"seed":"8LMZF1Vrfbhrv5ce6X4ght4r8/MO8We0tYsOA6yz2iA="},{"iteration":432,"seed":"B023rSBaPAyuG36NpoAL91wzdxtLwsoZBOi17cWLyj0="},{"iteration":433,"seed":"g8d4KV2YXsWzPe3aPtwcB+co6vxVFarjv6ZWcHAlzMk="},{"iteration":434,"seed":"qiO9M4AOpDtr+6zwYq0oYNq3S4Gs9Rx62xiaTHa1aLM="},{"iteration":435,"seed":"HTQ+xm77sbrp0HiEXX6ULPlK7LRoghiqG7FP/t4JBFI="},{"iteration":436,"seed":"JC/jsDqsm8xyfiPgPoWxh2kpfr/D2YI3v8IBHH/e1Sw="},{"iteration":437,"seed":"feI2xZSnNd7stPvexkCLaAQ3QIL8az9v4XfTigKIVAQ="},{"iteration":438,"seed":"eEnq5CiQJDsSO7Q6XIIZO+V4WVLfxeeQiShinPZiopM="},{"iteration":439,"seed":"aPNPM0eGNeyp5BnYPoafNg5wRR/qUDQlWnWHJh0U6eI="},{"iteration":440,"seed":"LxO9kau3QTlqdmnJZLCigLbTuHIR9sfnUXQcyaofnaM="},{"iteration":441,"seed":"9M6Wi051DUGCSKBPZN//duI4QapJeKrbjastHGgEWeA="},{"iteration":442,"seed":"J6Z5Y3J/YEBc8i/xWM+GNS9zpMIZ0+XEvvAEOyklMug="},{"iteration":443,"seed":"Mh3ZBMC2w7zYbNwBX2W9qfN1eq8b7bnxYH/5ZLPJXNQ="},{},{},{},{},{},{},{},{},{},{},{},{},{},{}]},{"senderKeyId":294086329,"senderChainKey":{"iteration":431,"seed":"DX7RdREo29x0RTE8JSv8iazWZZdQJBwLg9f8ZD9A8/A="},"senderSigningKey":{"public":"BRf3K+YMq0D55GDlPju0SRyWrP5rgEITRQgE16z2Mv9W"},"senderMessageKeys":[]},{"senderKeyId":294086329,"senderChainKey":{"iteration":437,"seed":"WtCJ2JJSjaYipSPfcOKjq6jiOaHiuF/rZsdNi/3fS5o="},"senderSigningKey":{"public":"BRf3K+YMq0D55GDlPju0SRyWrP5rgEITRQgE16z2Mv9W"},"senderMessageKeys":[]},{"senderKeyId":294086329,"senderChainKey":{"iteration":441,"seed":"9P8yUMfcSGVVJ3WWv2wZE1TxmyABeC9rDXwaYUsgXEA="},"senderSigningKey":{"public":"BRf3K+YMq0D55GDlPju0SRyWrP5rgEITRQgE16z2Mv9W"},"senderMessageKeys":[]},{"senderKeyId":294086329,"senderChainKey":{"iteration":443,"seed":"9oDmLxPduNqXhMcmEElWnlSxiSfn4Vba18oiydKPRCc="},"senderSigningKey":{"public":"BRf3K+YMq0D55GDlPju0SRyWrP5rgEITRQgE16z2Mv9W"},"senderMessageKeys":[]}]