{"_sessions":{"BZ+gxyFsc+nkso2GoqhVk1U7hyAfUpGzIHM71XcgxyJC":{"registrationId":1629307457,"currentRatchet":{"ephemeralKeyPair":{"pubKey":"BfYmCw6CizqCH//7lKgigxV4vL7o4wOopWW8jrFxJowC","privKey":"aFORPkrVgb2ttreQzc4yJnUEDkOAPxYfksaPAdBjjWA="},"lastRemoteEphemeralKey":"BQJXPPOVuCnefUMbrNphANwqEmYvEfX/CpFENrj/XMwk","previousCounter":0,"rootKey":"lNMoRKSsMnuke2rFkyQcQYCzPMPUrvpnlVFcfczS1zA="},"indexInfo":{"baseKey":"BZ+gxyFsc+nkso2GoqhVk1U7hyAfUpGzIHM71XcgxyJC","baseKeyType":1,"closed":-1,"used":1721196568912,"created":1721196568912,"remoteIdentityKey":"BbOvKciGMAqECokOdBcsor50hC8snqfzQHCjx2sgNM9y"},"_chains":{"BfYmCw6CizqCH//7lKgigxV4vL7o4wOopWW8jrFxJowC":{"chainKey":{"counter":9,"key":"7Swk6c4WgVG/ELBBW0CkMtoNaGWcgOABurg9pLwfPdY="},"chainType":1,"messageKeys":{}}},"pendingPreKey":{"signedKeyId":2,"baseKey":"BZ+gxyFsc+nkso2GoqhVk1U7hyAfUpGzIHM71XcgxyJC","preKeyId":10341980}}},"version":"v1"}