{"_sessions":{"BeMdgNfL8EvyviTO/oSvrX+w687fozMO1SuDVIBHDVlB":{"registrationId":73,"currentRatchet":{"ephemeralKeyPair":{"pubKey":"BaHHzGBY88fqRIUSN52IjgN/xS/POC6xrdWQhdRqiu97","privKey":"wNuF4oAcWxHXqjO6NNIaeClSrAqagmjtHKZtj13KdkI="},"lastRemoteEphemeralKey":"BYqm6paZrlucIK2w0POIGTv//d0Vv1XYukEJe2Y5Fssw","previousCounter":0,"rootKey":"cJeorQDYKoev6IRfaRF5eOBY6jxobOtvJjC1ZjH4JgE="},"indexInfo":{"baseKey":"BeMdgNfL8EvyviTO/oSvrX+w687fozMO1SuDVIBHDVlB","baseKeyType":1,"closed":1721227177349,"used":1721227175422,"created":1721227175422,"remoteIdentityKey":"BZX89fXzFqulFELdwS9+DpJea2mmlvBCnGAXW5m4DEFT"},"_chains":{"BaHHzGBY88fqRIUSN52IjgN/xS/POC6xrdWQhdRqiu97":{"chainKey":{"counter":-1,"key":"0wEUvxRoS5Y4pPbVW/8Ubvx61IFJHGG1KOsIrxgSPxw="},"chainType":1,"messageKeys":{}}},"pendingPreKey":{"signedKeyId":1,"baseKey":"BeMdgNfL8EvyviTO/oSvrX+w687fozMO1SuDVIBHDVlB"}},"BTwkIRYZkSmibs3sTs4wWlkPR6U0qiOxe60RjkTa7MBZ":{"registrationId":73,"currentRatchet":{"ephemeralKeyPair":{"pubKey":"BbQuPqnb6Gvrdz1qc8KFZ/Qdc9EYiimwk6UKsriIUw0E","privKey":"2Azj7zjNR2CGINPNud9vAPBLNmymFYGh12QTOYxgI0I="},"lastRemoteEphemeralKey":"BYqm6paZrlucIK2w0POIGTv//d0Vv1XYukEJe2Y5Fssw","previousCounter":0,"rootKey":"W6pPr+Pvnd8ztlxUpCfEKgwN+PpApHQ5Jv94OCWKhxc="},"indexInfo":{"baseKey":"BTwkIRYZkSmibs3sTs4wWlkPR6U0qiOxe60RjkTa7MBZ","baseKeyType":1,"closed":-1,"used":1721227177340,"created":1721227177340,"remoteIdentityKey":"BZX89fXzFqulFELdwS9+DpJea2mmlvBCnGAXW5m4DEFT"},"_chains":{"BbQuPqnb6Gvrdz1qc8KFZ/Qdc9EYiimwk6UKsriIUw0E":{"chainKey":{"counter":1,"key":"YmfVoaXIcgZLK1zJIV6O227J2nfBkC6vwkkQBse3rb8="},"chainType":1,"messageKeys":{}}},"pendingPreKey":{"signedKeyId":1,"baseKey":"BTwkIRYZkSmibs3sTs4wWlkPR6U0qiOxe60RjkTa7MBZ"}}},"version":"v1"}