{"_sessions":{"BZMHpmGxukHS8UPWYdFILb0m6MfrN4LISBmBGrB8jttP":{"registrationId":1719908670,"currentRatchet":{"ephemeralKeyPair":{"pubKey":"BfHh1yCXKfwAVRNowG4dFM8wj0DRV3MWoU2hDRMWg1gc","privKey":"OI5z4TXdl0D7Plh4XycH14f/GqtLb+Z2yZc4jMVK6mM="},"lastRemoteEphemeralKey":"BXqKR+zQd4f3Wh8/0smWiRUCz/ae6uTzI6nGiTWbyGhF","previousCounter":0,"rootKey":"ypVg/Dpd8v0txG4Cr8cMjwoeTeKRH84MDdVzG6nS9iE="},"indexInfo":{"baseKey":"BZMHpmGxukHS8UPWYdFILb0m6MfrN4LISBmBGrB8jttP","baseKeyType":1,"closed":-1,"used":1721196568455,"created":1721196568455,"remoteIdentityKey":"BUazCp4jmwUDYWBPVSxKZPkAXBprcpb/Z+kgqmbw2q4n"},"_chains":{"BfHh1yCXKfwAVRNowG4dFM8wj0DRV3MWoU2hDRMWg1gc":{"chainKey":{"counter":9,"key":"IlKaFGHp1QmoosUqf7V+T/LyXP9zGn6lkLijM4BljnU="},"chainType":1,"messageKeys":{}}},"pendingPreKey":{"signedKeyId":1,"baseKey":"BZMHpmGxukHS8UPWYdFILb0m6MfrN4LISBmBGrB8jttP","preKeyId":6220549}}},"version":"v1"}