{"_sessions":{"BUi+z69cSrPQ/Yyj05SNKSQW5G21MPjCa+pNjiipPFpm":{"registrationId":160,"currentRatchet":{"ephemeralKeyPair":{"pubKey":"BQMu9f849fOM7r3hoxA9pzglNM3E+btW7ZORu3kptnpp","privKey":"gI1QPiv51dGnKetrYYFq7Ee6QYzH+wiEMi2QWQ084EA="},"lastRemoteEphemeralKey":"BagopKrrzKn5jg3iwUvXSoSbA5WQHia+XSHvRDsrctln","previousCounter":0,"rootKey":"uYxX6L0wwWRTdZPK46JlH29xDzWngTVd/0CwErSnd9c="},"indexInfo":{"baseKey":"BUi+z69cSrPQ/Yyj05SNKSQW5G21MPjCa+pNjiipPFpm","baseKeyType":1,"closed":-1,"used":1721196568279,"created":1721196568279,"remoteIdentityKey":"BWYi8uYo8AhrH62NTA5HwR/yem7nm6FQnhmyyO4elEAR"},"_chains":{"BQMu9f849fOM7r3hoxA9pzglNM3E+btW7ZORu3kptnpp":{"chainKey":{"counter":9,"key":"BLa5f0F3obl3Xgzj6Gfg8524tabTUd1anaxUtwxtL9I="},"chainType":1,"messageKeys":{}}},"pendingPreKey":{"signedKeyId":1,"baseKey":"BUi+z69cSrPQ/Yyj05SNKSQW5G21MPjCa+pNjiipPFpm"}}},"version":"v1"}