{"_sessions":{"BcolFwhk/fmqNR1s560BL1UBWeqGBB+m3zhkt/ULaPlZ":{"registrationId":2053498252,"currentRatchet":{"ephemeralKeyPair":{"pubKey":"BYQ+SRWUE8lka5cruwMiQV/KMqEr8+SoanuW/h2x3ZQ0","privKey":"UG9ogiwTplSjrS98DnG7AsykOMAq3ecgu2jQYr0EPFo="},"lastRemoteEphemeralKey":"BTbDDLcGvf3/pPCBuVD2hrpaRNZkTldpvBK8lBZ4Sf1z","previousCounter":0,"rootKey":"YgePYv80MGZivjKicRry9KgRphQ5aaAq/gnd86SN3oc="},"indexInfo":{"baseKey":"BcolFwhk/fmqNR1s560BL1UBWeqGBB+m3zhkt/ULaPlZ","baseKeyType":1,"closed":1721227178948,"used":1721227175943,"created":1721227175943,"remoteIdentityKey":"BZw3CNJisoDpbD6TSxm9wnMuFWWZsEP21Ota1kxPb20/"},"_chains":{"BYQ+SRWUE8lka5cruwMiQV/KMqEr8+SoanuW/h2x3ZQ0":{"chainKey":{"counter":-1,"key":"MsM8dUjcvT5DO1CZpcVoCYFnmzTz2IyypGju4Z9hVJ0="},"chainType":1,"messageKeys":{}}},"pendingPreKey":{"signedKeyId":0,"baseKey":"BcolFwhk/fmqNR1s560BL1UBWeqGBB+m3zhkt/ULaPlZ","preKeyId":1737511}},"BTxIzrJJ6G/f72J6b1USRN34Ks2EFyEo/k92OT5jYOZo":{"registrationId":2053498252,"currentRatchet":{"ephemeralKeyPair":{"pubKey":"BbEKtVFYJ1kpbWmIrZM1jxBW2PS2dfbmCU7VurQTNWdK","privKey":"cD3Hl9QMO8N4CWfWgeNMyx0gnUHwuYnD1TfSLK2EME4="},"lastRemoteEphemeralKey":"BTbDDLcGvf3/pPCBuVD2hrpaRNZkTldpvBK8lBZ4Sf1z","previousCounter":0,"rootKey":"D0pkP92dUMY31+rSuabHuDlJR304zp+j7fnPvPgzpz4="},"indexInfo":{"baseKey":"BTxIzrJJ6G/f72J6b1USRN34Ks2EFyEo/k92OT5jYOZo","baseKeyType":1,"closed":-1,"used":1721227178942,"created":1721227178942,"remoteIdentityKey":"BZw3CNJisoDpbD6TSxm9wnMuFWWZsEP21Ota1kxPb20/"},"_chains":{"BbEKtVFYJ1kpbWmIrZM1jxBW2PS2dfbmCU7VurQTNWdK":{"chainKey":{"counter":1,"key":"cGEhuTh60cWXAI/N/VxWk6I8Kr3OP2gqAxmxURHifCk="},"chainType":1,"messageKeys":{}}},"pendingPreKey":{"signedKeyId":0,"baseKey":"BTxIzrJJ6G/f72J6b1USRN34Ks2EFyEo/k92OT5jYOZo","preKeyId":1737123}}},"version":"v1"}