{"_sessions":{"Bc5OWs6Zh6XdOdQaSzQ0RUvUypGV309ZW5iNZLnOCRUE":{"registrationId":776553227,"currentRatchet":{"ephemeralKeyPair":{"pubKey":"BX6dKAC19lUUJN4stJyRQ1TEqGZ5xTJ8tVds2WAemA4+","privKey":"AGprao3vpqnz9082gxgh+l6FZIFWPpG9ZrImpb81SF0="},"lastRemoteEphemeralKey":"BVXqYWWTg6cdsgjYXDuNltjxT5V1wNQQM+IdSyM5gFkR","previousCounter":0,"rootKey":"R6UBI0vitqExVdrLrPFelC1RyNv11aMYdhLIU8TCKuU="},"indexInfo":{"baseKey":"Bc5OWs6Zh6XdOdQaSzQ0RUvUypGV309ZW5iNZLnOCRUE","baseKeyType":1,"closed":-1,"used":1721196568809,"created":1721196568809,"remoteIdentityKey":"BaB4srcleNkRUxKFkc9twrwycLQxUd5c4MlvSoFF1ehL"},"_chains":{"BX6dKAC19lUUJN4stJyRQ1TEqGZ5xTJ8tVds2WAemA4+":{"chainKey":{"counter":9,"key":"HYe9RVPhSNuhiyn+spaZw25UriuX+Vjmk+uGJBWsNMA="},"chainType":1,"messageKeys":{}}},"pendingPreKey":{"signedKeyId":1,"baseKey":"Bc5OWs6Zh6XdOdQaSzQ0RUvUypGV309ZW5iNZLnOCRUE","preKeyId":8161006}}},"version":"v1"}