{"_sessions":{"BQhrJ+YCaRBvO/yRWWdBrREfZwKzuHw0tf9fSC39LCRP":{"registrationId":1353106121,"currentRatchet":{"ephemeralKeyPair":{"pubKey":"BWnR/rnvtJNwxrK55P8XcdZx9u2CQT/t3Dx1skRex35o","privKey":"SF//p8S1kXZIrtKjKk31RChIqixpuX1fKs6JdnnehWo="},"lastRemoteEphemeralKey":"BTKh4XBVkglKPpG8qIok2fFYVBzFZ+zVIu2HFB8hOQkA","previousCounter":0,"rootKey":"tyaVShP8R7VndVDKIlF8qCTa32s/mmSFdiKoeukAinc="},"indexInfo":{"baseKey":"BQhrJ+YCaRBvO/yRWWdBrREfZwKzuHw0tf9fSC39LCRP","baseKeyType":2,"closed":-1,"used":1721227228401,"created":1721227228401,"remoteIdentityKey":"BUUtBwkMzg5eXJg3FtjL4dp6HN77BcX8dRureNMVxRNH"},"_chains":{"BTKh4XBVkglKPpG8qIok2fFYVBzFZ+zVIu2HFB8hOQkA":{"chainKey":{"counter":0,"key":"GFqzOPdlak35uNiOoFbsEJAOutuwC65R2w5L47PE8NU="},"chainType":2,"messageKeys":{}},"BWnR/rnvtJNwxrK55P8XcdZx9u2CQT/t3Dx1skRex35o":{"chainKey":{"counter":-1,"key":"agqv4/rtUjiu9zqS1jZYtDym8cqmz9IDs7mgZIHUE5E="},"chainType":1,"messageKeys":{}}}}},"version":"v1"}