{"_sessions":{"BaGoycH9k20GSpbvbeuA5bHat/14WSbYqQ8dvrbJoAY/":{"registrationId":393687491,"currentRatchet":{"ephemeralKeyPair":{"pubKey":"BRMd7hnzyA7SVdu1AcGG2rIFDf1A1kX9BbUzq6HkwPk9","privKey":"0OkJElvTvUM7qfxRS4FNthZXLcPkX7DJ/a7dkTyI5nM="},"lastRemoteEphemeralKey":"BXmGvhjfqNbMcLga8PFp5JmENJ2ein0glAH2E6cDCfE0","previousCounter":0,"rootKey":"tpGlO4FewZlqx9ISzH3ntQ6TJJZ0p01cr66qqKiTEhk="},"indexInfo":{"baseKey":"BaGoycH9k20GSpbvbeuA5bHat/14WSbYqQ8dvrbJoAY/","baseKeyType":1,"closed":-1,"used":1721196568760,"created":1721196568760,"remoteIdentityKey":"BbnNHTPUEttxoFpSIJ3fVSac63scuFT/fLad9uOWHMYf"},"_chains":{"BRMd7hnzyA7SVdu1AcGG2rIFDf1A1kX9BbUzq6HkwPk9":{"chainKey":{"counter":9,"key":"9ViaTXVnu0Jiokw/Z84k7l7IWkeHdNnGMoA/iFV/PlY="},"chainType":1,"messageKeys":{}}},"pendingPreKey":{"signedKeyId":0,"baseKey":"BaGoycH9k20GSpbvbeuA5bHat/14WSbYqQ8dvrbJoAY/","preKeyId":3087948}}},"version":"v1"}