{"_sessions":{"BZQiHB7ZXhdxPTza0dcdgAHIMG4oUgcGt5jSc2J7l+0M":{"registrationId":917919314,"currentRatchet":{"ephemeralKeyPair":{"pubKey":"Bcl7vckdNTo1Ta+kGvDNR+ZkPYQxScvv9S+1TalAF28/","privKey":"4OoBHwOtyOKtlUMA+TgWXH26tkfw+tvvcUbB47gfIGo="},"lastRemoteEphemeralKey":"BUFlUs+sUKOyf/yxyc630QZbVXkwOVUaYCyj1W6UqhRT","previousCounter":0,"rootKey":"yBAZ1fy13TcgDCaDHp87bLJIS3uF7BznPoE/E8KDVgE="},"indexInfo":{"baseKey":"BZQiHB7ZXhdxPTza0dcdgAHIMG4oUgcGt5jSc2J7l+0M","baseKeyType":1,"closed":-1,"used":1721227116905,"created":1721227116905,"remoteIdentityKey":"BTEeH3qKEqp4vDPa490F9sgJpTu0H/4mNgKtBOE0jpQo"},"_chains":{"Bcl7vckdNTo1Ta+kGvDNR+ZkPYQxScvv9S+1TalAF28/":{"chainKey":{"counter":0,"key":"DRZVGyG+KGjVfnomGpqA5vcp/O/kmVg9NEElwstH5r0="},"chainType":1,"messageKeys":{}}},"pendingPreKey":{"signedKeyId":2,"baseKey":"BZQiHB7ZXhdxPTza0dcdgAHIMG4oUgcGt5jSc2J7l+0M","preKeyId":7030424}}},"version":"v1"}