{"_sessions":{"BXYGrKbt5q5TmilvYitip81/SoV97Bq7wG9DKhWT9SRh":{"registrationId":1845738386,"currentRatchet":{"ephemeralKeyPair":{"pubKey":"BSn6jwF6XXSVwjyPi9skffe87GkWafd3d8suQd37dZUf","privKey":"WJIePyqbnvvQFGNvle+F6/0XKRqu0UOO1sKuM9/6mVU="},"lastRemoteEphemeralKey":"BZjSPwptFb6sW9Gu3MZarA1GeX8bMrLPebjDHWG8WzEM","previousCounter":0,"rootKey":"qNwKG1c/PPQuSM8iCQv/U545W7OgyzUFfewG6XJOrmY="},"indexInfo":{"baseKey":"BXYGrKbt5q5TmilvYitip81/SoV97Bq7wG9DKhWT9SRh","baseKeyType":1,"closed":-1,"used":1721227117018,"created":1721227117018,"remoteIdentityKey":"Bcy3AOpzIOTyhsMQaJYBF4GyIPy79iMIzVM79wLMSmQ7"},"_chains":{"BSn6jwF6XXSVwjyPi9skffe87GkWafd3d8suQd37dZUf":{"chainKey":{"counter":0,"key":"evTchkTocEjCIq1SDZ7a6WZgVWViw+3szaWkuQhw4wc="},"chainType":1,"messageKeys":{}}},"pendingPreKey":{"signedKeyId":0,"baseKey":"BXYGrKbt5q5TmilvYitip81/SoV97Bq7wG9DKhWT9SRh","preKeyId":14111346}}},"version":"v1"}