{"_sessions":{"BSvMWBmn+SWWlW5ImheIhyOfoxRVovmGG6nPxWImjFB+":{"registrationId":200453357,"currentRatchet":{"ephemeralKeyPair":{"pubKey":"BaFErhBEUFPdd4mdbWi+FzogzLOde0MhWV7TA/074244","privKey":"qC/bGqBuOeX1KF5K3devjUJUhhk7WvJW1m4Lcuy0Z3k="},"lastRemoteEphemeralKey":"BYrDwmHs12D1PY2Q8W6DJM9G7nJwfH6LvaeK4ONE6Zs+","previousCounter":0,"rootKey":"jyzxwzKHNxVFqkzU9oTk6FNEFI3kt4EmJUicXhuyZss="},"indexInfo":{"baseKey":"BSvMWBmn+SWWlW5ImheIhyOfoxRVovmGG6nPxWImjFB+","baseKeyType":1,"closed":-1,"used":1721227117639,"created":1721227117639,"remoteIdentityKey":"Bd2IN2kafMuIlvbmEHY3laiZkBzwm5bFi2zpmq0haHYr"},"_chains":{"BaFErhBEUFPdd4mdbWi+FzogzLOde0MhWV7TA/074244":{"chainKey":{"counter":0,"key":"sYqSjaVb7H41B0menKa+9w/7I8b3RbhjipS/H3NKzDY="},"chainType":1,"messageKeys":{}}},"pendingPreKey":{"signedKeyId":1,"baseKey":"BSvMWBmn+SWWlW5ImheIhyOfoxRVovmGG6nPxWImjFB+","preKeyId":10518621}}},"version":"v1"}