{"_sessions":{"BQJEmxA+UtY+Q/F4V3oBoDVz/MYP7DuNyvT1PuV6ewtW":{"registrationId":1283073750,"currentRatchet":{"ephemeralKeyPair":{"pubKey":"BQnLSSMe8KuUsRCDWK1NDcUwWufIhMrl6fEKIdcW7joP","privKey":"qD6DTRoQOEd9nCzjUxZ2CVrpOHaj2GjyQyrnWFdFqHs="},"lastRemoteEphemeralKey":"BZGJLXCWQUdtidbNJkwUfoosHl23szz9KuVnjTFM4IJo","previousCounter":0,"rootKey":"2/FfKMoILvO70r55fp5k49qwpL4F2eLLgC5sGWEEsuM="},"indexInfo":{"baseKey":"BQJEmxA+UtY+Q/F4V3oBoDVz/MYP7DuNyvT1PuV6ewtW","baseKeyType":1,"closed":-1,"used":1721196568538,"created":1721196568538,"remoteIdentityKey":"BXRksXtpnRigYzMsCS5wT5cFfDHL7DzcWdSf4wyqZGo1"},"_chains":{"BQnLSSMe8KuUsRCDWK1NDcUwWufIhMrl6fEKIdcW7joP":{"chainKey":{"counter":9,"key":"0ypPyFkgst84NF5SfxQpiBbr9jVFVuBZbkMzS6iUR1k="},"chainType":1,"messageKeys":{}}},"pendingPreKey":{"signedKeyId":0,"baseKey":"BQJEmxA+UtY+Q/F4V3oBoDVz/MYP7DuNyvT1PuV6ewtW","preKeyId":7837851}}},"version":"v1"}