{"_sessions":{"BTLiXEERwZ9HI9MRauk37C97tL51zOTQSfM8Il8hCNhV":{"registrationId":2140782937,"currentRatchet":{"ephemeralKeyPair":{"pubKey":"BfDRjnNdJDuZrYMJgE3n1bBFrMqEQFNRccT7q3pXVGhw","privKey":"IJeb9rSuv649T+M+J8jSE1HPEf//cNpTqK96crS8g0g="},"lastRemoteEphemeralKey":"BR+bCXw0LRjuIqJVvmedF90kST+3Z3Wv0cMIkuCwBc18","previousCounter":9,"rootKey":"eta793tUK+LoEWkbmbD1EjiEEjS8C7fcWpuKkuDMLvk="},"indexInfo":{"baseKey":"BTLiXEERwZ9HI9MRauk37C97tL51zOTQSfM8Il8hCNhV","baseKeyType":1,"closed":-1,"used":1721197560121,"created":1721196568924,"remoteIdentityKey":"Bd8ek7MCeSA6P0yuXdqs3GFNb5NZcNtYVqbKxfCTSKIu"},"_chains":{"BR+bCXw0LRjuIqJVvmedF90kST+3Z3Wv0cMIkuCwBc18":{"chainKey":{"counter":0,"key":"EzSkIZ/DQWJR9kRMHRrgsH5fYZs6Gy5VFiJn+nU3iyU="},"chainType":2,"messageKeys":{}},"BfDRjnNdJDuZrYMJgE3n1bBFrMqEQFNRccT7q3pXVGhw":{"chainKey":{"counter":-1,"key":"QYDNJVjo3ka27iYXobgQm+B7F4axIIlrZNt1Lhv29qA="},"chainType":1,"messageKeys":{}}}}},"version":"v1"}