{"_sessions":{"BUe2ZAczoOxrsqYmFkH5QK2H/wdbgMNIhz9QLtL4tpRh":{"registrationId":1337554464,"currentRatchet":{"ephemeralKeyPair":{"pubKey":"BVF8ldZvYMuaAIF0MGu1d229dmFuq7FLICkRqCnZSL5Z","privKey":"CG3AAjZhcAy4ZZK1A5Y+DSQ65az2neLhRAJEc6lYyFM="},"lastRemoteEphemeralKey":"BaNsRhB1d90c2xMLAIc7gK7kXbfo6M82t8/Mw0i8t6E2","previousCounter":0,"rootKey":"2DO+mNI8VbzvhnYq3gTqhcI/NKhxgG2f9MtvNJm71FI="},"indexInfo":{"baseKey":"BUe2ZAczoOxrsqYmFkH5QK2H/wdbgMNIhz9QLtL4tpRh","baseKeyType":1,"closed":-1,"used":1721196568857,"created":1721196568857,"remoteIdentityKey":"BSu5Ln/se/IYu2xt95vghdHD8XRJqhpqHGAY+6sMoEhk"},"_chains":{"BVF8ldZvYMuaAIF0MGu1d229dmFuq7FLICkRqCnZSL5Z":{"chainKey":{"counter":9,"key":"9vIhapc3ADB+bUP4AxI1IKNpBvj7KO7drKOzn5VTXrk="},"chainType":1,"messageKeys":{}}},"pendingPreKey":{"signedKeyId":0,"baseKey":"BUe2ZAczoOxrsqYmFkH5QK2H/wdbgMNIhz9QLtL4tpRh","preKeyId":9491095}}},"version":"v1"}