{"_sessions":{"BZSKzoKqMKDQf2zya7+V87vwo6PYpfLSVVqIy+tn9F4J":{"registrationId":2020539011,"currentRatchet":{"ephemeralKeyPair":{"pubKey":"BW1nkrNnO8vw/rXlSaz3ERe3I9YaEnVK1vIdJiHsQp06","privKey":"6AE6lu4w68tbS0hsnngenY64e2P7qaYRCr7TDzkpHW0="},"lastRemoteEphemeralKey":"BT1qw4La+ht1sCAARI4CILtCyRNZC7/vczTfWVg15Q8R","previousCounter":0,"rootKey":"ByIPOB9F5daOzBOb6ERvuYkP6oNpRBkC1Pafhin2lCk="},"indexInfo":{"baseKey":"BZSKzoKqMKDQf2zya7+V87vwo6PYpfLSVVqIy+tn9F4J","baseKeyType":1,"closed":-1,"used":1721196568835,"created":1721196568835,"remoteIdentityKey":"BZGvyr4hMoQQLD5n6aWtaF66A0rBk0xyhTBP3UzjY/5Z"},"_chains":{"BW1nkrNnO8vw/rXlSaz3ERe3I9YaEnVK1vIdJiHsQp06":{"chainKey":{"counter":9,"key":"49IvSSGfq2awt4EtfSplzcS7yOs4/348ODcJVRiyUSU="},"chainType":1,"messageKeys":{}}},"pendingPreKey":{"signedKeyId":0,"baseKey":"BZSKzoKqMKDQf2zya7+V87vwo6PYpfLSVVqIy+tn9F4J","preKeyId":8829912}}},"version":"v1"}