{"_sessions":{"BVO+sGZfjwlg0qZAEva77x01M26THgcWoLv5iHEHzz4K":{"registrationId":98,"currentRatchet":{"ephemeralKeyPair":{"pubKey":"BeQTr8KWQaRmkgsY9HOATzzsvKFdchvkcRVGW+LXfgMD","privKey":"aJl8XoAqainjiATKRlMZXFGyOfim4+zUUG1QC1Otskg="},"lastRemoteEphemeralKey":"BX2tL1MiL4H8bg247MxpPOZ1e682lpOQuaN5ko6/WQVy","previousCounter":0,"rootKey":"G4+c159yTO/Zlc2DG7iqMRQ9ZNEsM1hI1K1Xe6z6aak="},"indexInfo":{"baseKey":"BVO+sGZfjwlg0qZAEva77x01M26THgcWoLv5iHEHzz4K","baseKeyType":1,"closed":1721196877816,"used":1721196568274,"created":1721196568274,"remoteIdentityKey":"BS181+4/S5Kklc3Szc+NtCME1oyeqNfhTSA5MHEd+zkz"},"_chains":{"BeQTr8KWQaRmkgsY9HOATzzsvKFdchvkcRVGW+LXfgMD":{"chainKey":{"counter":9,"key":"lS7fctfZxGVdMr95ITJYvC89dFMlGxfefl/11kzVF2A="},"chainType":1,"messageKeys":{}}},"pendingPreKey":{"signedKeyId":1,"baseKey":"BVO+sGZfjwlg0qZAEva77x01M26THgcWoLv5iHEHzz4K","preKeyId":9}},"BYHWN2E/Bds8DM9OY8u0r1N+6zDvmRtLbDLLAWJYn8MN":{"registrationId":98,"currentRatchet":{"ephemeralKeyPair":{"pubKey":"BTA4U57JmPDM529dnUDftdtsv1bLfoy3lLI+BfKpVLpT","privKey":"gNYqHIJbKu9nG3K9nSgIrKm0Hab6ZV9K9XidEOmmgUM="},"lastRemoteEphemeralKey":"BQB24PkMufKr+QpqayxSsfNAzilWrMgqzuYuUypmNuRb","previousCounter":0,"rootKey":"gHdPyjXjd3rxW/upquIn2GpacW5w6pLCiZBrIRR2/Po="},"indexInfo":{"baseKey":"BYHWN2E/Bds8DM9OY8u0r1N+6zDvmRtLbDLLAWJYn8MN","baseKeyType":2,"closed":-1,"used":1721196877819,"created":1721196877819,"remoteIdentityKey":"BS181+4/S5Kklc3Szc+NtCME1oyeqNfhTSA5MHEd+zkz"},"_chains":{"BQB24PkMufKr+QpqayxSsfNAzilWrMgqzuYuUypmNuRb":{"chainKey":{"counter":17,"key":"noBYXqXULN7zop/FWueXqi8eJafbfGTqusgyyfbO6BI="},"chainType":2,"messageKeys":{"0":"rzRS3KT7JtBHNIranJdDGTud3bdyoQlS4DAY07WTfZk=","3":"eGeb5Z095qDTE4ZJmepu7eP2/G4TeCp9WF/pFnSbVWw=","5":"b56qWa6t4LJR6uV+bJxyl/kq6tmBNfWHJRatvVsxO6c=","8":"gSWm8H1f9E6o/rdh9/xtaEr6p5DdFKYCjAKvaFLvVH8=","10":"fcG0nk63fgYI1YotyWh0XcOgzx5NHXCHsqPnZxIkpEw=","12":"AYi8RWjOw6BbYuJP4/ZOvh3oTmcbpKGbTiyhF4OFZp8=","13":"0H8uhV9E3inl4Vq05s4bCOf19vhqahQ8gxjJaNV5dhw=","15":"niChhpes1H2cihytKXvTI/tQtP5vqRtJ89WJcqP6RYQ="}},"BTA4U57JmPDM529dnUDftdtsv1bLfoy3lLI+BfKpVLpT":{"chainKey":{"counter":-1,"key":"kmjy1ALc244s7O0LdFQt/Uiz+22Dzxkrm0Tcfm+/HaI="},"chainType":1,"messageKeys":{}}}}},"version":"v1"}