{"_sessions":{"BaVGBNy9a1PQlqpuXHMxVsXxnTycgmrNpzccUImCJ8oZ":{"registrationId":2098425292,"currentRatchet":{"ephemeralKeyPair":{"pubKey":"BQmgCSfe34yVo/OMnBV6cc0IpPBkSayMY8oQBZOZynlH","privKey":"cPfZVBTkTdaAiFGhrWWFGCI0Rvx8Iv428obbdooAv2o="},"lastRemoteEphemeralKey":"BfdrHM5acvkWZ2E7KGBweD/TNKQY4eA+gnDJmIZoOR9k","previousCounter":0,"rootKey":"Nu9SioK5x6j9MiCp86smJ5XARRPtRDAZVhPEjLp0yRI="},"indexInfo":{"baseKey":"BaVGBNy9a1PQlqpuXHMxVsXxnTycgmrNpzccUImCJ8oZ","baseKeyType":1,"closed":-1,"used":1721227117447,"created":1721227117447,"remoteIdentityKey":"BRtQ5NsHvR+/42aJ2jUEFde6V8WKzZgiIDTIVfA8Edwy"},"_chains":{"BQmgCSfe34yVo/OMnBV6cc0IpPBkSayMY8oQBZOZynlH":{"chainKey":{"counter":0,"key":"PVHx53wFKfVyzANJNIR06oohdLSbQxS6M14QEnjcSY0="},"chainType":1,"messageKeys":{}}},"pendingPreKey":{"signedKeyId":0,"baseKey":"BaVGBNy9a1PQlqpuXHMxVsXxnTycgmrNpzccUImCJ8oZ"}}},"version":"v1"}