{"_sessions":{"BU3cJ0cP8wlvUaeL56Jwby0KGLUubyuRDTBH6FiYbaZe":{"registrationId":1866318003,"currentRatchet":{"ephemeralKeyPair":{"pubKey":"Bfw9CzoyEcd67N2kvARDNBo7IAVruK/dlSmokW3zIGo8","privKey":"ONB0qQvBG6JRHHLnIoeTRPOODFoRcytedmd/zkMWKlI="},"lastRemoteEphemeralKey":"BT+Gv0Fi8qYcjiLCVaOQlwubCVTIJxQD+OfYXp9UbApt","previousCounter":0,"rootKey":"CEHVqtYnrTv9wGm799KwTtowjIVu5rmC0EMxeKZSL0Q="},"indexInfo":{"baseKey":"BU3cJ0cP8wlvUaeL56Jwby0KGLUubyuRDTBH6FiYbaZe","baseKeyType":1,"closed":-1,"used":1721227117412,"created":1721227117412,"remoteIdentityKey":"BR0QYlHEYoeY++NsawZI3ciA4o20wina3jYs5bCUSRJn"},"_chains":{"Bfw9CzoyEcd67N2kvARDNBo7IAVruK/dlSmokW3zIGo8":{"chainKey":{"counter":0,"key":"8nMhc4PYs/d4H3yFxQfmTm+OdMDC5e/UwP06aIcbF8g="},"chainType":1,"messageKeys":{}}},"pendingPreKey":{"signedKeyId":1,"baseKey":"BU3cJ0cP8wlvUaeL56Jwby0KGLUubyuRDTBH6FiYbaZe","preKeyId":10557325}}},"version":"v1"}