{"_sessions":{"BeTFvxDgHQVw3rb6VxayI5ixhU5G+TEQqP1mGsc/MLFi":{"registrationId":449477326,"currentRatchet":{"ephemeralKeyPair":{"pubKey":"BT04mIxNWn4CO2PMrnH7ygdWdYa2aKQWl9gs86NuQq1s","privKey":"yD46NWyCPOgai+feLNNcnEMIGSnvMC8juk7J7TEVAmY="},"lastRemoteEphemeralKey":"BZphYc0HR5O5ASlPUNy2wH2xSemVWRUct850sil2L5EN","previousCounter":0,"rootKey":"BVdcLs4EpnfPtMygtwmuHdS7lipClSItD47llThzYVA="},"indexInfo":{"baseKey":"BeTFvxDgHQVw3rb6VxayI5ixhU5G+TEQqP1mGsc/MLFi","baseKeyType":1,"closed":-1,"used":1721196568579,"created":1721196568579,"remoteIdentityKey":"BaCBoLnqbUTsGOCiMT+VVIntk/1TPnyzKK6+SkgsdfED"},"_chains":{"BT04mIxNWn4CO2PMrnH7ygdWdYa2aKQWl9gs86NuQq1s":{"chainKey":{"counter":9,"key":"FsMp1z279qmwE8X9mHtjUtjcgQbENXSsSXvy76VWRWQ="},"chainType":1,"messageKeys":{}}},"pendingPreKey":{"signedKeyId":4,"baseKey":"BeTFvxDgHQVw3rb6VxayI5ixhU5G+TEQqP1mGsc/MLFi","preKeyId":2670843}}},"version":"v1"}