{"_sessions":{"BcGWPdQUqztq4Pk0+e2zX9heDwwZQwm8WzBSP5dNRZk8":{"registrationId":1748392801,"currentRatchet":{"ephemeralKeyPair":{"pubKey":"BSSnE+UO3HkGmcNT/rSmT0AkzPzfON2qihQLsHjMWWcK","privKey":"uBFWp6KN1Nv6YQSnSNh5I7I9DHJybocsjmkBDW5n/EY="},"lastRemoteEphemeralKey":"BeCHGMO1xTa7nr2PWxfTyJy8+j6LwwKMXQ0v2zaDp2Yx","previousCounter":0,"rootKey":"ely0jg+hRUN1XTl88gSKHbAtIetHuzb5xIP06m9OmT8="},"indexInfo":{"baseKey":"BcGWPdQUqztq4Pk0+e2zX9heDwwZQwm8WzBSP5dNRZk8","baseKeyType":1,"closed":1721227178881,"used":1721227175932,"created":1721227175932,"remoteIdentityKey":"BfSQvKjZSsqWLZcOmNtYKbjUShl5RcgSI07ujFZvgvgy"},"_chains":{"BSSnE+UO3HkGmcNT/rSmT0AkzPzfON2qihQLsHjMWWcK":{"chainKey":{"counter":-1,"key":"3sOmcPF7GbMN+WQFj+TrtZJk03AtCLhx6g+OIU3DG8c="},"chainType":1,"messageKeys":{}}},"pendingPreKey":{"signedKeyId":8,"baseKey":"BcGWPdQUqztq4Pk0+e2zX9heDwwZQwm8WzBSP5dNRZk8","preKeyId":3937541}},"BZ3hEnnRH1IIbNJ//FjXt+O0hYUM70S+I79MSIWoILs7":{"registrationId":1748392801,"currentRatchet":{"ephemeralKeyPair":{"pubKey":"Bat6tLom3CUzIFP/UKnzQhOyjInGt9mB7G15hl4MsNkp","privKey":"wFl9YfDB1vBdOGQ1Nwrgt5yEdvKSgFqu88SXo8CawHg="},"lastRemoteEphemeralKey":"BeCHGMO1xTa7nr2PWxfTyJy8+j6LwwKMXQ0v2zaDp2Yx","previousCounter":0,"rootKey":"ReITbfulBpRitHAbFehtfGVFi8VfTQrqclH7kLV1O5g="},"indexInfo":{"baseKey":"BZ3hEnnRH1IIbNJ//FjXt+O0hYUM70S+I79MSIWoILs7","baseKeyType":1,"closed":-1,"used":1721227178878,"created":1721227178878,"remoteIdentityKey":"BfSQvKjZSsqWLZcOmNtYKbjUShl5RcgSI07ujFZvgvgy"},"_chains":{"Bat6tLom3CUzIFP/UKnzQhOyjInGt9mB7G15hl4MsNkp":{"chainKey":{"counter":1,"key":"nCFv/3GeIEvlpDcmQkbwXp5h63T6hoZT3pMorQmX0wk="},"chainType":1,"messageKeys":{}}},"pendingPreKey":{"signedKeyId":8,"baseKey":"BZ3hEnnRH1IIbNJ//FjXt+O0hYUM70S+I79MSIWoILs7","preKeyId":3937631}}},"version":"v1"}