{"_sessions":{"BZLHzxXSQAkZ6a7rmeEZzstFi47HKvEa5qWD6kKn6KUb":{"registrationId":869444478,"currentRatchet":{"ephemeralKeyPair":{"pubKey":"Bak46FWcbhxS3Hu57mKOY9IKDu3M5hCG9hfZ8NOn/pRV","privKey":"KGE4ckyQJD5TGiwvr3uVUx0zGN3yIWNMy0wfwjbI2kw="},"lastRemoteEphemeralKey":"BW/il1UdEKV9UvpLGwopNiReaVaL/6iCwzyQx8UJ/MlB","previousCounter":0,"rootKey":"NXm4OBP7aNn0UL6Vhh8r8eP/tJKogGknok6z74lNbkc="},"indexInfo":{"baseKey":"BZLHzxXSQAkZ6a7rmeEZzstFi47HKvEa5qWD6kKn6KUb","baseKeyType":1,"closed":-1,"used":1721196568906,"created":1721196568906,"remoteIdentityKey":"BUmlXU94zzQ3IiJJNKi+7LkCgpi4Cfsg5UwItFfXGu8R"},"_chains":{"Bak46FWcbhxS3Hu57mKOY9IKDu3M5hCG9hfZ8NOn/pRV":{"chainKey":{"counter":9,"key":"4nM//LUI3T5TmtM5qAEU5lDxZ9WvB2u3hMhKjCYhltE="},"chainType":1,"messageKeys":{}}},"pendingPreKey":{"signedKeyId":17,"baseKey":"BZLHzxXSQAkZ6a7rmeEZzstFi47HKvEa5qWD6kKn6KUb","preKeyId":2214503}}},"version":"v1"}