{"_sessions":{"BU3q2/4OaZ2hLsH2t/ZTSQZbTejiroUhqMzlmUf+3plV":{"registrationId":178,"currentRatchet":{"ephemeralKeyPair":{"pubKey":"BUQfPGi2nwAoU/JCy1t0h1/KZucNaqHs8r9rB0lIdNZE","privKey":"YKsQGcpTKdTviXiKCIYHVu0yHgm8V8auvmfOkUX8T3o="},"lastRemoteEphemeralKey":"BTs2fGNmOVQjeHH2wdxz3CW0NnlM1KoidsbC6ufeNotg","previousCounter":0,"rootKey":"/7958lkNTbwdwo+4Wvo6Gx8O6WPGJnR+kw+RjNSE5JQ="},"indexInfo":{"baseKey":"BU3q2/4OaZ2hLsH2t/ZTSQZbTejiroUhqMzlmUf+3plV","baseKeyType":1,"closed":-1,"used":1721196568324,"created":1721196568324,"remoteIdentityKey":"BaSeHM28DZRn9D0KGGOr7YHQb9XM5DfQf910+IdV5zth"},"_chains":{"BUQfPGi2nwAoU/JCy1t0h1/KZucNaqHs8r9rB0lIdNZE":{"chainKey":{"counter":9,"key":"PqnBQTr8VJ1cM6fxZ/R8cno0qeywCwiGBsZRvy2U810="},"chainType":1,"messageKeys":{}}},"pendingPreKey":{"signedKeyId":1,"baseKey":"BU3q2/4OaZ2hLsH2t/ZTSQZbTejiroUhqMzlmUf+3plV"}}},"version":"v1"}