{"_sessions":{"BRvJokWq8wzitHzic3TbkF2EOblrIOZ20l3npDs6oBhx":{"registrationId":1893802024,"currentRatchet":{"ephemeralKeyPair":{"pubKey":"BVgmXR28rbqzNU8GSX8zvW+eH+nupziK5TaJsZKqkgxR","privKey":"2KqnJCysMgfGXVWES/NPDyxSyCvIFnAAlOaJSug7R3A="},"lastRemoteEphemeralKey":"BT54rcJcf2OdKOl7oFac734+FdXhykweIveIflvC+JNX","previousCounter":0,"rootKey":"27EB83F5CA/cNW0x93+WiHROWr1R32eZW8oE3xllG08="},"indexInfo":{"baseKey":"BRvJokWq8wzitHzic3TbkF2EOblrIOZ20l3npDs6oBhx","baseKeyType":1,"closed":-1,"used":1721227116614,"created":1721227116614,"remoteIdentityKey":"BSceFW6ybwN5FFum9ythAV3x6Dz9Xu1Qi7iwL7mx1NAE"},"_chains":{"BVgmXR28rbqzNU8GSX8zvW+eH+nupziK5TaJsZKqkgxR":{"chainKey":{"counter":0,"key":"U7mNvcEMbNgdQ7X0Oj/Ka4pa0r/Z7WEY1zxP0cClPa4="},"chainType":1,"messageKeys":{}}},"pendingPreKey":{"signedKeyId":7,"baseKey":"BRvJokWq8wzitHzic3TbkF2EOblrIOZ20l3npDs6oBhx","preKeyId":5416824}}},"version":"v1"}