{"_sessions":{"BWXBjGQqYmIV7CgztpvNT+hKyLw9hsPT6WF1ZUHTGcc6":{"registrationId":888753073,"currentRatchet":{"ephemeralKeyPair":{"pubKey":"BQTpP70obSlZrMvrdIX3mYhe+gkiVpAyWF11Z8XtdsdJ","privKey":"AFyWWCsmdDdEpKb0/f3jy52mxsiVolpJUkY8RuWvqUU="},"lastRemoteEphemeralKey":"BSPLBYxETAWDHQXFF98IJfV1OSljOdZiObEHGADJzKZC","previousCounter":0,"rootKey":"pufdjSE557FtMNnINrPcCz2RyIlj7VhZHIhOWrJ6ctc="},"indexInfo":{"baseKey":"BWXBjGQqYmIV7CgztpvNT+hKyLw9hsPT6WF1ZUHTGcc6","baseKeyType":1,"closed":-1,"used":1721196568351,"created":1721196568351,"remoteIdentityKey":"BVzWHTqrHIuIxKXRgVTaDw7syq6gvmpsgorTH9Fs4A4J"},"_chains":{"BQTpP70obSlZrMvrdIX3mYhe+gkiVpAyWF11Z8XtdsdJ":{"chainKey":{"counter":9,"key":"SS7lID+8azUKGrIioSYp0ZnFGR+Au2yxyBeDkKvRpS8="},"chainType":1,"messageKeys":{}}},"pendingPreKey":{"signedKeyId":3,"baseKey":"BWXBjGQqYmIV7CgztpvNT+hKyLw9hsPT6WF1ZUHTGcc6"}}},"version":"v1"}