{"_sessions":{"Bdm+q0VGB2wuNPwj0rKt9nirXq5YtPoNVMZIrmQKVqZf":{"registrationId":766544105,"currentRatchet":{"ephemeralKeyPair":{"pubKey":"BeHVZiTYcsqLZD1ZwhT40UudVO/Ld8TljcAaeYnKsukc","privKey":"OCrwZKTgmsbkOcUu6wOCMPI80XGXRmc31gBk0QSlTG4="},"lastRemoteEphemeralKey":"BbSQv/OeBzcG0xQJOZTxxxZCBZM2XRe/Lj6o/IYWk8o2","previousCounter":0,"rootKey":"a8a7ySN0VQOMAFLAskaoKNTnzVBO9hbN8IlNKZNhkhY="},"indexInfo":{"baseKey":"Bdm+q0VGB2wuNPwj0rKt9nirXq5YtPoNVMZIrmQKVqZf","baseKeyType":1,"closed":1721227178062,"used":1721227175607,"created":1721227175607,"remoteIdentityKey":"BaPM+DrwXt/PPIi4TL8Z6xkb1m3hYVSFDEC2+Lh5avt7"},"_chains":{"BeHVZiTYcsqLZD1ZwhT40UudVO/Ld8TljcAaeYnKsukc":{"chainKey":{"counter":-1,"key":"yl306+GUXfkTsjNtcB9MQtzebBnKc26KuTnBgQHRX70="},"chainType":1,"messageKeys":{}}},"pendingPreKey":{"signedKeyId":4,"baseKey":"Bdm+q0VGB2wuNPwj0rKt9nirXq5YtPoNVMZIrmQKVqZf","preKeyId":11494192}},"BTRS1pFFE+S6UGeOwY97gOQdD3Xh9vHiPIL+ib+dynZw":{"registrationId":766544105,"currentRatchet":{"ephemeralKeyPair":{"pubKey":"BTdlSsLzzsQJRwAQjKginolIdZVT5InIwNjyqA3OkLgw","privKey":"AA5psZQIpzCA++fvsJZEcRq38wN9Nw3gWNM6KAV6tEo="},"lastRemoteEphemeralKey":"Bd91MBG2HVknEToTjbKUihz/mmW9bdmQrKq5kXZ8qBY7","previousCounter":1,"rootKey":"vXA4k+Wt8pJhymMskUvY0TSdBiMNZmwZXAZjlMb4BW8="},"indexInfo":{"baseKey":"BTRS1pFFE+S6UGeOwY97gOQdD3Xh9vHiPIL+ib+dynZw","baseKeyType":1,"closed":-1,"used":1721227494380,"created":1721227178059,"remoteIdentityKey":"BaPM+DrwXt/PPIi4TL8Z6xkb1m3hYVSFDEC2+Lh5avt7"},"_chains":{"Bd91MBG2HVknEToTjbKUihz/mmW9bdmQrKq5kXZ8qBY7":{"chainKey":{"counter":0,"key":"fahG8yDaGvqnhloXMYwBjcVLiVk4QMzbWgASlEij/pQ="},"chainType":2,"messageKeys":{}},"BTdlSsLzzsQJRwAQjKginolIdZVT5InIwNjyqA3OkLgw":{"chainKey":{"counter":-1,"key":"PWTRCGHyLF4JleksIcz+OuVQISMdFRDPVWduS6TBrNc="},"chainType":1,"messageKeys":{}}}}},"version":"v1"}