{"_sessions":{"Bdva+YGk8rskm1C1n3UGZe/2YhLKt7zeHNirMiKSae0N":{"registrationId":82,"currentRatchet":{"ephemeralKeyPair":{"pubKey":"BeyAh1JbdRegRtLs/kXzdEQKCdhz8fSepoRfXTesf3kE","privKey":"oAuCuqrCH3CX9M2z7F1FTu7RLgtBETwAaH0Y5E6THlA="},"lastRemoteEphemeralKey":"BeuY+EUn8kYe/aEWV4Dyxe5PGreecqhRsrjwHyD5lEst","previousCounter":0,"rootKey":"GG0vGoy4MT5tR44JoeMuQiXdeAsNRF1kWiq9hy/+/Ms="},"indexInfo":{"baseKey":"Bdva+YGk8rskm1C1n3UGZe/2YhLKt7zeHNirMiKSae0N","baseKeyType":1,"closed":-1,"used":1721196568313,"created":1721196568313,"remoteIdentityKey":"BXUu/Vt9B58XTi0oqsneNuP4x034XqZAQCF/ZqyVP2A4"},"_chains":{"BeyAh1JbdRegRtLs/kXzdEQKCdhz8fSepoRfXTesf3kE":{"chainKey":{"counter":9,"key":"Hwy9ptw6STU4XdThnn3u+Pg9lx6/vvBpJfZNMKVNs0M="},"chainType":1,"messageKeys":{}}},"pendingPreKey":{"signedKeyId":1,"baseKey":"Bdva+YGk8rskm1C1n3UGZe/2YhLKt7zeHNirMiKSae0N"}}},"version":"v1"}