{"_sessions":{"BZIA99iEpveCAP3pBCgzhIzO+oCx5YK2LdWb8SyWRm8O":{"registrationId":2026500441,"currentRatchet":{"ephemeralKeyPair":{"pubKey":"BV/NTLAkv8+TJCsWnBu2uGsx7dDTdCpGrTgeUXgF5sAk","privKey":"iD/pHX5+drXiW/83abKud+azhl3RpkOzZAOeENQLBH8="},"lastRemoteEphemeralKey":"BaZSvxGgg3ocXpFybCuOfpa5mvKugLagtsOK5iQVSOhW","previousCounter":0,"rootKey":"+iqfOhlscXf0hGOhNJD3xWOUtfBXv0uX612dbDORgAA="},"indexInfo":{"baseKey":"BZIA99iEpveCAP3pBCgzhIzO+oCx5YK2LdWb8SyWRm8O","baseKeyType":1,"closed":-1,"used":1721227117509,"created":1721227117509,"remoteIdentityKey":"BZMbEPQ00Cxr+xD0Q7Uxo/+5yeJXfYvzzstt3UcA+VpQ"},"_chains":{"BV/NTLAkv8+TJCsWnBu2uGsx7dDTdCpGrTgeUXgF5sAk":{"chainKey":{"counter":0,"key":"soDmi+5qKum3snI9hGB/2/8A6Kcy+xj4OI5V1ZvrP2Y="},"chainType":1,"messageKeys":{}}},"pendingPreKey":{"signedKeyId":0,"baseKey":"BZIA99iEpveCAP3pBCgzhIzO+oCx5YK2LdWb8SyWRm8O"}}},"version":"v1"}