{"_sessions":{"BRfVFnySRRDOLvXo8M4FFiVniUyjMUAWobA81dPHDJ4v":{"registrationId":685707287,"currentRatchet":{"ephemeralKeyPair":{"pubKey":"BbgyQJib3TNuqkz86F2kWnnS9iQZcwv/NG/O5XbIIC4P","privKey":"4KQc4cJtJa0KyJLqBCbglxySh9n9utDSEAE3wOuCY1w="},"lastRemoteEphemeralKey":"BRIXhBJiVAfrDB5OQr+xJZ9Y/4L9wy6pNsiSaL26WEUm","previousCounter":0,"rootKey":"gw16eh180tGhCwIrMgRYfR+AgHaY7LV2X0RQwbA1oQ0="},"indexInfo":{"baseKey":"BRfVFnySRRDOLvXo8M4FFiVniUyjMUAWobA81dPHDJ4v","baseKeyType":1,"closed":-1,"used":1721227116717,"created":1721227116717,"remoteIdentityKey":"BWgJ97Qppg8ewan/AuNOcvYziQ5gQ+CiEf7XuiIoouI+"},"_chains":{"BbgyQJib3TNuqkz86F2kWnnS9iQZcwv/NG/O5XbIIC4P":{"chainKey":{"counter":0,"key":"JSuOnZ0ipE9DE7Vn5dIrodq04y2CN53gXzsCPhpxZo8="},"chainType":1,"messageKeys":{}}},"pendingPreKey":{"signedKeyId":1,"baseKey":"BRfVFnySRRDOLvXo8M4FFiVniUyjMUAWobA81dPHDJ4v"}}},"version":"v1"}