{"_sessions":{"BV9Debv6ODk17psLmgQk8SWsPs2+/7k3T7uKYq49Cd1B":{"registrationId":106420362,"currentRatchet":{"ephemeralKeyPair":{"pubKey":"BcY++WSa5qe21NclOUkyEvTtdrBZ9V95WFOWegiE2rUG","privKey":"uGXYGpJIjPSqcysH9ZkcLtfqiVppizdpOFM6FZ1U/XI="},"lastRemoteEphemeralKey":"BbCAuUupkcCwUszMcHNDwvdOSBfwQscL/m4EeXiOgONc","previousCounter":0,"rootKey":"frC/Q2kygkOGVUiafdnPXzWHsyXtN0ETo1uzStAPnOg="},"indexInfo":{"baseKey":"BV9Debv6ODk17psLmgQk8SWsPs2+/7k3T7uKYq49Cd1B","baseKeyType":1,"closed":1721227178270,"used":1721227175648,"created":1721227175648,"remoteIdentityKey":"BctwLHjImBxjKU1p9dPwnD9cf446PiGp6LoVsgx3WSE7"},"_chains":{"BcY++WSa5qe21NclOUkyEvTtdrBZ9V95WFOWegiE2rUG":{"chainKey":{"counter":-1,"key":"zfm4Lbk+AK42AGbfLO61tovF2uB7mtwArF1R43tJj/g="},"chainType":1,"messageKeys":{}}},"pendingPreKey":{"signedKeyId":3,"baseKey":"BV9Debv6ODk17psLmgQk8SWsPs2+/7k3T7uKYq49Cd1B","preKeyId":8229297}},"BSMSdigBkXH5iepSHodYGxDgyAbp2DwcD2Cl2QR+KzZW":{"registrationId":106420362,"currentRatchet":{"ephemeralKeyPair":{"pubKey":"BQxOq70TuRzVvGw9lT/6WCaZ0+FbY/ma6ZMXVi0eP9hS","privKey":"GLhL/UEvGiye1zZYkMjD/H7+pyZ92G7AGy3dhb2ZiVk="},"lastRemoteEphemeralKey":"BbCAuUupkcCwUszMcHNDwvdOSBfwQscL/m4EeXiOgONc","previousCounter":0,"rootKey":"ZFOh0nuonJCKCV1kHzGPMgD7XeDTKOaB5n8Y/b6raUM="},"indexInfo":{"baseKey":"BSMSdigBkXH5iepSHodYGxDgyAbp2DwcD2Cl2QR+KzZW","baseKeyType":1,"closed":-1,"used":1721227178269,"created":1721227178269,"remoteIdentityKey":"BctwLHjImBxjKU1p9dPwnD9cf446PiGp6LoVsgx3WSE7"},"_chains":{"BQxOq70TuRzVvGw9lT/6WCaZ0+FbY/ma6ZMXVi0eP9hS":{"chainKey":{"counter":1,"key":"5t0q/Bt/mirghjam2T7uGYEdGoinOeBxYjwFDAUnDAs="},"chainType":1,"messageKeys":{}}},"pendingPreKey":{"signedKeyId":3,"baseKey":"BSMSdigBkXH5iepSHodYGxDgyAbp2DwcD2Cl2QR+KzZW","preKeyId":8229195}}},"version":"v1"}