{"_sessions":{"BVuB3yfLF3ppQbfdLNq57K9vWTq6I6VlPSyFwZ6Vj2VD":{"registrationId":13795,"currentRatchet":{"ephemeralKeyPair":{"pubKey":"BQgLuZLxOjTkMwH7rFhK5CIETcp8nl1y4IsHK8cOLFZ1","privKey":"aLOMy9/OcJIWZfs0GzCP44ZpIkdRDiPiykFfXXj4HHs="},"lastRemoteEphemeralKey":"BXqwnpspRkIJ0cLoy+oUrpVwFsJXIex0kRJ7aArrYZ02","previousCounter":0,"rootKey":"bBM0z50KyBP6a2UPynDfjZoXG6BFA0cLhPWHs1Adcxo="},"indexInfo":{"baseKey":"BVuB3yfLF3ppQbfdLNq57K9vWTq6I6VlPSyFwZ6Vj2VD","baseKeyType":1,"closed":-1,"used":1721227115844,"created":1721227115844,"remoteIdentityKey":"Bffq3ctxh1F8ZOcC9JUPjZ6Ee1g9vbUlcWtIAByskG43"},"_chains":{"BQgLuZLxOjTkMwH7rFhK5CIETcp8nl1y4IsHK8cOLFZ1":{"chainKey":{"counter":0,"key":"AkLF320FBvcShiuWFyPMvKxP7kFrGcNv32yFoFEpKfA="},"chainType":1,"messageKeys":{}}},"pendingPreKey":{"signedKeyId":1,"baseKey":"BVuB3yfLF3ppQbfdLNq57K9vWTq6I6VlPSyFwZ6Vj2VD"}}},"version":"v1"}