{"_sessions":{"BTxJMMxcCSQzettE/mGSZoRcyM/JQL8VVtx9byel2V0T":{"registrationId":612298105,"currentRatchet":{"ephemeralKeyPair":{"pubKey":"Bfhs89SMOgtjVs1/xnPEHYDc4tHa9XEySdgciemurlgE","privKey":"MNRgZZLmUciNKvxebhMu3yYSfCYUTQtdJMxQ76ysslc="},"lastRemoteEphemeralKey":"BfPlHEfWgOi0yczidtiWTY0Ty208HHTw8zZsFCcysF8F","previousCounter":0,"rootKey":"6tY7PBvfaBCE/iBEX94/NR24IuUtGu2y2Kb9DOykJ5k="},"indexInfo":{"baseKey":"BTxJMMxcCSQzettE/mGSZoRcyM/JQL8VVtx9byel2V0T","baseKeyType":1,"closed":-1,"used":1721196568660,"created":1721196568660,"remoteIdentityKey":"Bb9a6E3nWoLamwL5UAf8S1XrfsaFJ7JaDfGhuQyp9bZy"},"_chains":{"Bfhs89SMOgtjVs1/xnPEHYDc4tHa9XEySdgciemurlgE":{"chainKey":{"counter":9,"key":"2iHT0WnH4AkkLIxHsIti/9/BDsXTRgzxdUAWesw7sRE="},"chainType":1,"messageKeys":{}}},"pendingPreKey":{"signedKeyId":8,"baseKey":"BTxJMMxcCSQzettE/mGSZoRcyM/JQL8VVtx9byel2V0T","preKeyId":8554882}}},"version":"v1"}