{"_sessions":{"BZcpbAswordxUWXG6kZAKwj1QoXyMPan9IhMjsABgmtD":{"registrationId":5935,"currentRatchet":{"ephemeralKeyPair":{"pubKey":"BXHS610Ceqg3Ti9HCgXcRxaFbg2/5EbkDDmJZh3HPsRw","privKey":"QKhF7ZEL7aIwjzCmAyD36jUCm/DX3kCms1MUYq+lp2c="},"lastRemoteEphemeralKey":"Be/ydwUrO+g+2UmXKYT3nUNpH5899C6oTFt9gqx015BB","previousCounter":0,"rootKey":"4gfiUpJ10gtB6AfYefFnHiCt6QlMfkm4chKimuSUtJY="},"indexInfo":{"baseKey":"BZcpbAswordxUWXG6kZAKwj1QoXyMPan9IhMjsABgmtD","baseKeyType":1,"closed":-1,"used":1721196568338,"created":1721196568338,"remoteIdentityKey":"BQSCO3az1eM9r9jfGsxHSLPD+LBZREifa/T1EZ5ZCuJc"},"_chains":{"BXHS610Ceqg3Ti9HCgXcRxaFbg2/5EbkDDmJZh3HPsRw":{"chainKey":{"counter":9,"key":"NcIzq0G3usIX7YmaMB2/nejrWV1Hcp+o+TpGvgxO6hw="},"chainType":1,"messageKeys":{}}},"pendingPreKey":{"signedKeyId":1,"baseKey":"BZcpbAswordxUWXG6kZAKwj1QoXyMPan9IhMjsABgmtD"}}},"version":"v1"}