{"_sessions":{"BU51U82oP8AUPpiJF+2r5res77/yltUwO9LfLf4VJMoN":{"registrationId":1782427479,"currentRatchet":{"ephemeralKeyPair":{"pubKey":"BVn94K44LkJVIk4+MXn9Chvq3K3CpxECveit5pQEaYkD","privKey":"kEsbRVCutYwhWiGuEjBktZSpTp7885bMNMFWfYHHlmE="},"lastRemoteEphemeralKey":"BRs0yI2H9SKeVVtTXb5EIDVcRQ5aA6IyBvr1Wv9lVZF3","previousCounter":0,"rootKey":"h+9fU1mSEVmdXb444jxRhPOxWTpA83FYT9KvHJcv1jw="},"indexInfo":{"baseKey":"BU51U82oP8AUPpiJF+2r5res77/yltUwO9LfLf4VJMoN","baseKeyType":1,"closed":-1,"used":1721227116450,"created":1721227116450,"remoteIdentityKey":"BTCBZF+Zla3jydTTYLpisSbmvgTFI4b//lfW2pL1/5l7"},"_chains":{"BVn94K44LkJVIk4+MXn9Chvq3K3CpxECveit5pQEaYkD":{"chainKey":{"counter":0,"key":"BMrQyJUOap5i/ODwLqNpkUJebsDDX82CIyYkgJ1qzFY="},"chainType":1,"messageKeys":{}}},"pendingPreKey":{"signedKeyId":20,"baseKey":"BU51U82oP8AUPpiJF+2r5res77/yltUwO9LfLf4VJMoN","preKeyId":5797728}}},"version":"v1"}