{"_sessions":{"BXh3xwTrIvo0TbX11MrAEk5vMLdDb1ZTO84CQuV/N60u":{"registrationId":1741684737,"currentRatchet":{"ephemeralKeyPair":{"pubKey":"BW72RusMoSIEDhxVS7iT7bmJ09ZiqmWnk0N/KINLudJT","privKey":"IJpkfVQueRmCNLGTxKbvjveQopBSY5h+kcn5MYJ+EGQ="},"lastRemoteEphemeralKey":"BbHP5m1LPsPMWFTuHzayle9GRNg24Jd8VUN4dJjA7Q59","previousCounter":0,"rootKey":"3B0jqEKZTeojqLUgUnwQfiO77aI541mSZQ4BiN96s4I="},"indexInfo":{"baseKey":"BXh3xwTrIvo0TbX11MrAEk5vMLdDb1ZTO84CQuV/N60u","baseKeyType":1,"closed":-1,"used":1721196568356,"created":1721196568356,"remoteIdentityKey":"BbWljV2c/bsQbq3EPb4sdNzbAMeJPSENBDh39sGgJ7Je"},"_chains":{"BW72RusMoSIEDhxVS7iT7bmJ09ZiqmWnk0N/KINLudJT":{"chainKey":{"counter":9,"key":"jCQCc6z0Bx4Nvz9v1YrB4txuwEhK4zNJGy9ZXzRGqz0="},"chainType":1,"messageKeys":{}}},"pendingPreKey":{"signedKeyId":0,"baseKey":"BXh3xwTrIvo0TbX11MrAEk5vMLdDb1ZTO84CQuV/N60u","preKeyId":11863991}}},"version":"v1"}