{"_sessions":{"BcHDAccNm/G9nyRJvc/f1ZBnFkc+5VL68vjVFWBrxuVQ":{"registrationId":80,"currentRatchet":{"ephemeralKeyPair":{"pubKey":"BdfoJoBThcAhxGf2g8TKYuAMs63gFHoTfFrDwaZH3Idg","privKey":"+MyqsIGKwHZCySSGn9co49n607QB8FjDBHhF3tifl2M="},"lastRemoteEphemeralKey":"BcJ4bawCGygYfRgZfcuStpLaSwqZbti78h9Yyow+LEhv","previousCounter":0,"rootKey":"GqXbOXD0v42VSe9rKeYvkut15fB//4klZ3IDvd650X4="},"indexInfo":{"baseKey":"BcHDAccNm/G9nyRJvc/f1ZBnFkc+5VL68vjVFWBrxuVQ","baseKeyType":1,"closed":-1,"used":1721196568252,"created":1721196568252,"remoteIdentityKey":"BTljSI2OEmbj5z+/tJUjytNdTwL4g46AFzfeBFNR4hZi"},"_chains":{"BdfoJoBThcAhxGf2g8TKYuAMs63gFHoTfFrDwaZH3Idg":{"chainKey":{"counter":9,"key":"asTjWjbRQva7nNuho0X8mTvRd8oLksD/302TnNWraoY="},"chainType":1,"messageKeys":{}}},"pendingPreKey":{"signedKeyId":1,"baseKey":"BcHDAccNm/G9nyRJvc/f1ZBnFkc+5VL68vjVFWBrxuVQ"}}},"version":"v1"}