{"_sessions":{"BeH/LD4q4Nc7Kvo8pfuPnFPlJ+cqfH90DehdfMXspYMe":{"registrationId":1165,"currentRatchet":{"ephemeralKeyPair":{"pubKey":"Bco57uH9x1CoqmAVn1FAdIj63qEgThbXzrBX114aq5tn","privKey":"iCkzU6Ck4fNWIvszitFoMJHQVPcZ2f7x4QeiPKkGjFA="},"lastRemoteEphemeralKey":"BcLkBZXJiIsCyxqR3T3xVK6O79+HokXj2jEGkTch7p8P","previousCounter":0,"rootKey":"RtGnNLkDmpv4Psj7NgwVQAyfFh5acyIfh+AGdzh0WSk="},"indexInfo":{"baseKey":"BeH/LD4q4Nc7Kvo8pfuPnFPlJ+cqfH90DehdfMXspYMe","baseKeyType":1,"closed":-1,"used":1721227115706,"created":1721227115706,"remoteIdentityKey":"BdVwk1FX2kj7nA1/rk3mzC8IE43zYUm+yGI9gg5YN91j"},"_chains":{"Bco57uH9x1CoqmAVn1FAdIj63qEgThbXzrBX114aq5tn":{"chainKey":{"counter":0,"key":"PleEBYGOUiXgH5GG6ZjEfilhRCf+5bJLQE55cXyREU8="},"chainType":1,"messageKeys":{}}},"pendingPreKey":{"signedKeyId":1,"baseKey":"BeH/LD4q4Nc7Kvo8pfuPnFPlJ+cqfH90DehdfMXspYMe"}}},"version":"v1"}