{"_sessions":{"BeY1+b6vbWTYBFAH/DD/YdBqKjeUaytNHuT+bTU7bXF5":{"registrationId":535816293,"currentRatchet":{"ephemeralKeyPair":{"pubKey":"BQxXWPsHUs7GE6UtI9kpI0LV38iHS81LoOOH1wvgviRG","privKey":"0Hyu5gh9DQsIbyffKPgbAOSynZ3O+xEWADxaCM5fOHY="},"lastRemoteEphemeralKey":"BarqQqJOWEG7UrqPfomuyklHd8YRXuiUsVlRqCGVrPJt","previousCounter":0,"rootKey":"u0zeM35qwHh9z3CRrUj/BNaPu0TngQzkzwuryoFdAjA="},"indexInfo":{"baseKey":"BeY1+b6vbWTYBFAH/DD/YdBqKjeUaytNHuT+bTU7bXF5","baseKeyType":1,"closed":1721227179056,"used":1721227176008,"created":1721227176008,"remoteIdentityKey":"BdvCXPDQvmFVal4pzhs9zRbC8pPT17kz0uyCCuzjccVZ"},"_chains":{"BQxXWPsHUs7GE6UtI9kpI0LV38iHS81LoOOH1wvgviRG":{"chainKey":{"counter":-1,"key":"MbO7PQ3oYHSRKvs9RAdFyk4OzLFKqUQKlhLg5H/vncA="},"chainType":1,"messageKeys":{}}},"pendingPreKey":{"signedKeyId":2,"baseKey":"BeY1+b6vbWTYBFAH/DD/YdBqKjeUaytNHuT+bTU7bXF5","preKeyId":6039208}},"BQou+s6JD3PXPjeCi1sIVCZ+J2TYfa5TAFosE57MGBpN":{"registrationId":535816293,"currentRatchet":{"ephemeralKeyPair":{"pubKey":"BRytFZOA1ZRMJ/zP922iHL1rnF56Ia/LfPx9dGKFgBgW","privKey":"ABn/9B3Ze6AeVHIxCglLmo792JmYMJes8R2XXBab/EU="},"lastRemoteEphemeralKey":"BarqQqJOWEG7UrqPfomuyklHd8YRXuiUsVlRqCGVrPJt","previousCounter":0,"rootKey":"LvC2B0uGLRf/+orieMixEQLFXYegkG72BenE9xpcJaI="},"indexInfo":{"baseKey":"BQou+s6JD3PXPjeCi1sIVCZ+J2TYfa5TAFosE57MGBpN","baseKeyType":1,"closed":-1,"used":1721227179053,"created":1721227179053,"remoteIdentityKey":"BdvCXPDQvmFVal4pzhs9zRbC8pPT17kz0uyCCuzjccVZ"},"_chains":{"BRytFZOA1ZRMJ/zP922iHL1rnF56Ia/LfPx9dGKFgBgW":{"chainKey":{"counter":1,"key":"HP6Bn+VuE69ZwqD82WtqqSoZDDHVVfwsFSAv/+V7Jic="},"chainType":1,"messageKeys":{}}},"pendingPreKey":{"signedKeyId":2,"baseKey":"BQou+s6JD3PXPjeCi1sIVCZ+J2TYfa5TAFosE57MGBpN","preKeyId":6039924}}},"version":"v1"}