{"_sessions":{"BSTRBgJwJ0yTyQfCoQlCEKpSUmYmYqb6efxezOEZx4Up":{"registrationId":12516,"currentRatchet":{"ephemeralKeyPair":{"pubKey":"BWqL5kzMLlfJsO54hNuskR/OnMg2s3QFX3vdXtVzdyEa","privKey":"YOhhYKlEQUaSk69yyLi2gKBgNa4VLDbMa3C96s4LQ3A="},"lastRemoteEphemeralKey":"BRpEzlt6v5cjgHhPe/b9b2tIe5Ky3jhj53pNgL5mjzlz","previousCounter":0,"rootKey":"WYaJJzw6k7RVg+yJGGyJnAP1a0rIR7icrS3BrgimXv8="},"indexInfo":{"baseKey":"BSTRBgJwJ0yTyQfCoQlCEKpSUmYmYqb6efxezOEZx4Up","baseKeyType":1,"closed":-1,"used":1721227116331,"created":1721227116331,"remoteIdentityKey":"BSuKv2oer6PGgiCUfiqWyQORo8bp6ymbOU81wdq79Wsr"},"_chains":{"BWqL5kzMLlfJsO54hNuskR/OnMg2s3QFX3vdXtVzdyEa":{"chainKey":{"counter":0,"key":"Ph/2hcKsYJ0qoaDpRNk9uoubiZ3q87EzxK5AH8B+lwI="},"chainType":1,"messageKeys":{}}},"pendingPreKey":{"signedKeyId":1,"baseKey":"BSTRBgJwJ0yTyQfCoQlCEKpSUmYmYqb6efxezOEZx4Up"}}},"version":"v1"}