{"_sessions":{"BVjVbkKeuqBzBBA+uLfBb4QU8yyLwPA3zNPhEoJScQR8":{"registrationId":1152,"currentRatchet":{"ephemeralKeyPair":{"pubKey":"BZVi4qr8oD/qBpCYeMv35309Xg642KOxB0QQGyYxCzo2","privKey":"wHo0AEqF/UMei7msdhHtF94dzZRROUtBwF9pYuctQmA="},"lastRemoteEphemeralKey":"BdllUtr5/NXff5740CtdSHf0EaR3Qm7oeQ0h0Otq7FQO","previousCounter":0,"rootKey":"k7NnSTrIwSD+esZkYmhI/Uw1ouvB1dEtTSs/A+1JJlA="},"indexInfo":{"baseKey":"BVjVbkKeuqBzBBA+uLfBb4QU8yyLwPA3zNPhEoJScQR8","baseKeyType":1,"closed":-1,"used":1721227115940,"created":1721227115940,"remoteIdentityKey":"BXOywp49Yt3eAQZOoXzVaCazwauNgAAjN2kqT0gC37IO"},"_chains":{"BZVi4qr8oD/qBpCYeMv35309Xg642KOxB0QQGyYxCzo2":{"chainKey":{"counter":0,"key":"XEqiRzBAS8uA9QDGyDlBwdiM6AQdr7p1K/4qQyyuBrk="},"chainType":1,"messageKeys":{}}},"pendingPreKey":{"signedKeyId":1,"baseKey":"BVjVbkKeuqBzBBA+uLfBb4QU8yyLwPA3zNPhEoJScQR8"}}},"version":"v1"}