{"_sessions":{"BUgZ/p1ZT7mmUXKMOu0fVHarlhIvngbCVC07fVjwb0AV":{"registrationId":997966756,"currentRatchet":{"ephemeralKeyPair":{"pubKey":"BbF/0dxJB8+nAvIB0LNjHWeYyOf8PxDQRJrBZ3w2EpN2","privKey":"4FREQVSBrhWP7GyHaxVNm35WTf/6D5x6v/mbllG5ZWI="},"lastRemoteEphemeralKey":"BazOWIZW1UYHsklOufx1AIlqrXxmizT9yBASHC1Fk48d","previousCounter":0,"rootKey":"9qe3PF5QqSF2kCr7S5Ls8iOm9LWCBI05mdim0MSn2ek="},"indexInfo":{"baseKey":"BUgZ/p1ZT7mmUXKMOu0fVHarlhIvngbCVC07fVjwb0AV","baseKeyType":1,"closed":-1,"used":1721196568533,"created":1721196568533,"remoteIdentityKey":"BfeTjDt4i9Agsbp2jMg2HYoJLGKEq5Cq+vFVcYCJfKMu"},"_chains":{"BbF/0dxJB8+nAvIB0LNjHWeYyOf8PxDQRJrBZ3w2EpN2":{"chainKey":{"counter":9,"key":"jUHcsA6VE6zfWcjLhzcRfqRGvKRONTZkI1Cw98MX3dU="},"chainType":1,"messageKeys":{}}},"pendingPreKey":{"signedKeyId":0,"baseKey":"BUgZ/p1ZT7mmUXKMOu0fVHarlhIvngbCVC07fVjwb0AV"}}},"version":"v1"}