{"_sessions":{"BXgkHN+N9lmrdzrOxWqzeklYC4IKGJqS1eQaAreqZX9y":{"registrationId":1161051446,"currentRatchet":{"ephemeralKeyPair":{"pubKey":"BUwncMuEB6OW7esgqdPdWx4cg496WGBUkefqEO2PS7JO","privKey":"6LEhZ0AgwKK1mVSuQR0J8tRa3YNC57sjcv6AH2NdQXQ="},"lastRemoteEphemeralKey":"BRFAGQKkiLuHtzvJFb+ia+W9uLwMLxahPVcdKLL5wKdz","previousCounter":0,"rootKey":"V8iVZlW4kQhMHgxZ+uMX6MJJAZxLfkWtbCF5sX0VCEU="},"indexInfo":{"baseKey":"BXgkHN+N9lmrdzrOxWqzeklYC4IKGJqS1eQaAreqZX9y","baseKeyType":1,"closed":-1,"used":1721196568609,"created":1721196568609,"remoteIdentityKey":"BQnq0TGP/DuZ3PsfZWXi58/krINKLxsC4zlclN/KpNAk"},"_chains":{"BUwncMuEB6OW7esgqdPdWx4cg496WGBUkefqEO2PS7JO":{"chainKey":{"counter":9,"key":"a5lXzV9I5vvPl7d+RDrsmm4dZcdiBN+4BucivKhHtHI="},"chainType":1,"messageKeys":{}}},"pendingPreKey":{"signedKeyId":3,"baseKey":"BXgkHN+N9lmrdzrOxWqzeklYC4IKGJqS1eQaAreqZX9y","preKeyId":1392626}}},"version":"v1"}