{"_sessions":{"BahhiMZV/XHPiBNxISRJiMPxLkNwRA1JkqAjwiHS0BZR":{"registrationId":994570403,"currentRatchet":{"ephemeralKeyPair":{"pubKey":"BY1zTWMGEMyiEYsqh+IHvGVOGrVVnUj/ypltFBZyUsQW","privKey":"uC5GcBdfGmZdYe8YdrlEvPaghiGrF8ZIeoozXEvjGEs="},"lastRemoteEphemeralKey":"BWklWCtllNSOEx4tRSoF/xG/CvpMpZjmaqxs8ckKpKJM","previousCounter":0,"rootKey":"53IyFRfoJVIEwexEpUI8fl3xwA11o6HZW8eLPVRdVaE="},"indexInfo":{"baseKey":"BahhiMZV/XHPiBNxISRJiMPxLkNwRA1JkqAjwiHS0BZR","baseKeyType":1,"closed":-1,"used":1721196568655,"created":1721196568655,"remoteIdentityKey":"BSgR3jS75AT9Mv6NhV4utJxUBj7Hp2LoAIz2Xoje7tVM"},"_chains":{"BY1zTWMGEMyiEYsqh+IHvGVOGrVVnUj/ypltFBZyUsQW":{"chainKey":{"counter":9,"key":"5DoAThOQFuNVfAJyniQaWNRC+KBXGlyPLPrpaE9Neug="},"chainType":1,"messageKeys":{}}},"pendingPreKey":{"signedKeyId":0,"baseKey":"BahhiMZV/XHPiBNxISRJiMPxLkNwRA1JkqAjwiHS0BZR","preKeyId":6913996}}},"version":"v1"}