{"_sessions":{"BZFuxWxqJEgKSB71/TvgZwL4h7fW+y3eoQ2Y2U0VOJY0":{"registrationId":69,"currentRatchet":{"ephemeralKeyPair":{"pubKey":"Bf95mnuLNK6hY37BEwVVP3VsB5pY4hV2k5QhmJBBcxhS","privKey":"MEbzybccmo18PcQVRZNA4DMbVLgIG5NU5JeoYR2uSmU="},"lastRemoteEphemeralKey":"BRvKBC4WUchodXbuMvOOPCH3Uw1NX/Or548A6fN5+hJE","previousCounter":0,"rootKey":"XkKvmS+thePJU2F3KU/d7mq+Hh8TeT37yzn7kPTcSF8="},"indexInfo":{"baseKey":"BZFuxWxqJEgKSB71/TvgZwL4h7fW+y3eoQ2Y2U0VOJY0","baseKeyType":1,"closed":-1,"used":1721196568248,"created":1721196568248,"remoteIdentityKey":"BeLveS9SEzREdwHmOVJw1pe9ea2oFfaGnWeP1D2oBUNw"},"_chains":{"Bf95mnuLNK6hY37BEwVVP3VsB5pY4hV2k5QhmJBBcxhS":{"chainKey":{"counter":9,"key":"j+YDQw/Jr4yfr7pc8xOYx8ppqJhcO63Acim1yVCZgnw="},"chainType":1,"messageKeys":{}}},"pendingPreKey":{"signedKeyId":1,"baseKey":"BZFuxWxqJEgKSB71/TvgZwL4h7fW+y3eoQ2Y2U0VOJY0"}}},"version":"v1"}