{"_sessions":{"BXe8F5PShya1B8EE8JslpiGnUZ7/qAqlDmvSuuEC2k5B":{"registrationId":1306876537,"currentRatchet":{"ephemeralKeyPair":{"pubKey":"Bb9n49dLzykMi947jZ4s2wuDirfxc0LQPYWqz2cCyWhk","privKey":"+Pm+EvIIHI/9yyKhaECEVkw4IEeWgldYyeqdqrv/YHM="},"lastRemoteEphemeralKey":"BWB3uVKT0zkJDXPZxON3RXqTjnzarD1xUUXRjU882m5/","previousCounter":0,"rootKey":"lWjfhhSKqp0vx0/bYzVd2FoMnGg2RNvammMo6Br8Kw4="},"indexInfo":{"baseKey":"BXe8F5PShya1B8EE8JslpiGnUZ7/qAqlDmvSuuEC2k5B","baseKeyType":1,"closed":-1,"used":1721227116836,"created":1721227116836,"remoteIdentityKey":"BYdMtDR+iEWtpBWhYGYQegbPWEu5hhhHiwBK64GDWbQf"},"_chains":{"Bb9n49dLzykMi947jZ4s2wuDirfxc0LQPYWqz2cCyWhk":{"chainKey":{"counter":0,"key":"imxm4DTmVU/1WV8ZuadzgzX/+QKT0VoWhiGqBmjL3V4="},"chainType":1,"messageKeys":{}}},"pendingPreKey":{"signedKeyId":0,"baseKey":"BXe8F5PShya1B8EE8JslpiGnUZ7/qAqlDmvSuuEC2k5B"}}},"version":"v1"}