{"_sessions":{"BZt7B7eQOXX+7glltIvj9gqKAf8RG9Xo9jjhOaHH46wM":{"registrationId":797316391,"currentRatchet":{"ephemeralKeyPair":{"pubKey":"BeoicKclz2zGZzzDl6+6MglfIoNaSZurotXsTXvl7ocz","privKey":"IPGdYyyfZxyQOz028D23RtDCsYi6dTzpS8pUzzlES2I="},"lastRemoteEphemeralKey":"BQdCiBKwb43wG+IGFUqRqUPCYEmp6zEt7yOuxzSjTStj","previousCounter":0,"rootKey":"ikZuYipkEqwfUzzRda9PizMo/NMkJNQygQr7nt1n6hY="},"indexInfo":{"baseKey":"BZt7B7eQOXX+7glltIvj9gqKAf8RG9Xo9jjhOaHH46wM","baseKeyType":1,"closed":1721227178831,"used":1721227175921,"created":1721227175921,"remoteIdentityKey":"BdjSSfRd/SUn0O5ppvA78dnvUbu/nG+O8HsF3+GI34F+"},"_chains":{"BeoicKclz2zGZzzDl6+6MglfIoNaSZurotXsTXvl7ocz":{"chainKey":{"counter":-1,"key":"z9FBfSkiBPZSxUxdKQxVv7jMfZyp+z1rKrcyP+yeh+Q="},"chainType":1,"messageKeys":{}}},"pendingPreKey":{"signedKeyId":5,"baseKey":"BZt7B7eQOXX+7glltIvj9gqKAf8RG9Xo9jjhOaHH46wM","preKeyId":15164388}},"BaC/cepVw4ky6pU6V4/vdUNMB0cg8CcQS/d0pzf48G0X":{"registrationId":797316391,"currentRatchet":{"ephemeralKeyPair":{"pubKey":"Bc6oJY7liKZOdzXZjZqit7XfpFqlWXgWxwNIo1FoTzoj","privKey":"KNdgXKKZHAXpvsvVDOYnI7st+L5gCAZ73I7W8rX2KEs="},"lastRemoteEphemeralKey":"BQdCiBKwb43wG+IGFUqRqUPCYEmp6zEt7yOuxzSjTStj","previousCounter":0,"rootKey":"xMtF8UWvNhb/0TPzymy50ifIgcG4GqDnVI8Y9SgVeAk="},"indexInfo":{"baseKey":"BaC/cepVw4ky6pU6V4/vdUNMB0cg8CcQS/d0pzf48G0X","baseKeyType":1,"closed":-1,"used":1721227178829,"created":1721227178829,"remoteIdentityKey":"BdjSSfRd/SUn0O5ppvA78dnvUbu/nG+O8HsF3+GI34F+"},"_chains":{"Bc6oJY7liKZOdzXZjZqit7XfpFqlWXgWxwNIo1FoTzoj":{"chainKey":{"counter":1,"key":"0ZNa6yTceWJVdM8Q2tPWmkM+DYD7zm+UcuLGzNJ4yRE="},"chainType":1,"messageKeys":{}}},"pendingPreKey":{"signedKeyId":5,"baseKey":"BaC/cepVw4ky6pU6V4/vdUNMB0cg8CcQS/d0pzf48G0X","preKeyId":15163879}}},"version":"v1"}