{"_sessions":{"BYYWFgzzfi9W7L5NKY3d1vSEVzJampBdQb0FiekAlYd+":{"registrationId":520671442,"currentRatchet":{"ephemeralKeyPair":{"pubKey":"BYl6QJhEfJG5E9Bb/2YBu+BP1Qt3tF7EEjc9RE1VwNEJ","privKey":"EO2MZYE8d5HhdZzFfIS3osXIZLQOOfwEpBPi7kCVBk8="},"lastRemoteEphemeralKey":"BYApkbTEI2E76We+vC/uF/Uurkj58kzSL7QjxjK3CrdD","previousCounter":0,"rootKey":"zfVbF56OkN9mtZWfstH4atrOT7tWFrJ7BdKVttEaZdE="},"indexInfo":{"baseKey":"BYYWFgzzfi9W7L5NKY3d1vSEVzJampBdQb0FiekAlYd+","baseKeyType":1,"closed":-1,"used":1721227117134,"created":1721227117134,"remoteIdentityKey":"BZuVsI5Og5shrAUfaZtI+lpY4eESmmuK4vbfZfiG2D1u"},"_chains":{"BYl6QJhEfJG5E9Bb/2YBu+BP1Qt3tF7EEjc9RE1VwNEJ":{"chainKey":{"counter":0,"key":"v+5LCdrixWO6wUo6QVCiZ61fWYOKCaJBt1us5f8l/48="},"chainType":1,"messageKeys":{}}},"pendingPreKey":{"signedKeyId":0,"baseKey":"BYYWFgzzfi9W7L5NKY3d1vSEVzJampBdQb0FiekAlYd+","preKeyId":15159925}}},"version":"v1"}