{"_sessions":{"BSh0W44mCpzLgaqdm8QhiCDVljkD5Sp2Ss3ctcVCoL1K":{"registrationId":2119889265,"currentRatchet":{"ephemeralKeyPair":{"pubKey":"BcKDkthifURE8cqTMmBtdiy9SXH5EDnghUDO82UuP0IC","privKey":"mJSEMBPlXzxhQzI/lkjzK1xCatGuZnb3XCLFdTuPylM="},"lastRemoteEphemeralKey":"BfQv0PrYeDWwUFnUNvhgzgOLAF6a7PKuc4yzshgLyqRW","previousCounter":0,"rootKey":"uPLE8Q2WiiVx08bV9KTNY9nkk8i/BVW6VnGJzY8oxWA="},"indexInfo":{"baseKey":"BSh0W44mCpzLgaqdm8QhiCDVljkD5Sp2Ss3ctcVCoL1K","baseKeyType":1,"closed":-1,"used":1721196568821,"created":1721196568821,"remoteIdentityKey":"BXIiLEmNHcVIlCvAMmHMZPEbhvcblplZF/IWGOUYLchF"},"_chains":{"BcKDkthifURE8cqTMmBtdiy9SXH5EDnghUDO82UuP0IC":{"chainKey":{"counter":9,"key":"M+NQXi7rcgXkGVATHaGRj82ckvmWIvdMEbzv2iWLvVs="},"chainType":1,"messageKeys":{}}},"pendingPreKey":{"signedKeyId":3,"baseKey":"BSh0W44mCpzLgaqdm8QhiCDVljkD5Sp2Ss3ctcVCoL1K","preKeyId":9547808}}},"version":"v1"}