{"_sessions":{"BSaVEbtBPrw4M5kjxkGpeQRBaaxgHsjlWPmSNGkjIr9h":{"registrationId":608016198,"currentRatchet":{"ephemeralKeyPair":{"pubKey":"BVtiNaCuyzf2egIGpdNzX3wDD3vEVye+v7ESvJ0oBCwL","privKey":"6BdJl2YKe7zu1hV11QSW/JIF6zinkPRDsAVCSa5x83o="},"lastRemoteEphemeralKey":"BUpLffqextkPwmxaQQXxLUVjTVh8q5ayyNPy1Fg0S58p","previousCounter":0,"rootKey":"nwdR74cqO6jRL8XSweA5ecvqm7NtxwSkRHUidhs+pdI="},"indexInfo":{"baseKey":"BSaVEbtBPrw4M5kjxkGpeQRBaaxgHsjlWPmSNGkjIr9h","baseKeyType":2,"closed":-1,"used":1721196700929,"created":1721196700929,"remoteIdentityKey":"BVHm9NhgCevyB/TLDe5oy3f/TVpaiXMvBDMhI44xGq1k"},"_chains":{"BUpLffqextkPwmxaQQXxLUVjTVh8q5ayyNPy1Fg0S58p":{"chainKey":{"counter":0,"key":"uHbLzh9zhSWjy8hVbnQIMvmc3O5hmLJkoTvkNOmWBPc="},"chainType":2,"messageKeys":{}},"BVtiNaCuyzf2egIGpdNzX3wDD3vEVye+v7ESvJ0oBCwL":{"chainKey":{"counter":-1,"key":"1HH/E6xD9+XZ9lZ6XHeQLWpqjRbVSYdc7TPZauu/lOI="},"chainType":1,"messageKeys":{}}}}},"version":"v1"}