{"_sessions":{"BQDxluS7yXptDrXUY2AbBTUP/4UU5hXg2DH0igW/KQNY":{"registrationId":455611668,"currentRatchet":{"ephemeralKeyPair":{"pubKey":"BfpP9z2iQxzjVbmt6UaJhquQTy9bnze5kZPaw1dRymgG","privKey":"ELt7EC/4GoN6g6aMJX7K4FYdWs1KyVC+V7BSwuFyplY="},"lastRemoteEphemeralKey":"BRkik/ttMhSDS6B+0UAuTSvDHT5fDPgAuS+k2CCChtwR","previousCounter":0,"rootKey":"0V7kwR8hMIhJWP2p7Wboopt1GY8gXecaz3rv8+V7MyQ="},"indexInfo":{"baseKey":"BQDxluS7yXptDrXUY2AbBTUP/4UU5hXg2DH0igW/KQNY","baseKeyType":1,"closed":1721227178236,"used":1721227175636,"created":1721227175636,"remoteIdentityKey":"BcpZyYM7tigea1NhLwavzEQNj08EykE0+Cavd3lNqIAM"},"_chains":{"BfpP9z2iQxzjVbmt6UaJhquQTy9bnze5kZPaw1dRymgG":{"chainKey":{"counter":-1,"key":"z1U3H/LV57ITr86Je84HqF/NHzdVSKcnfU0FtXSUR3s="},"chainType":1,"messageKeys":{}}},"pendingPreKey":{"signedKeyId":1,"baseKey":"BQDxluS7yXptDrXUY2AbBTUP/4UU5hXg2DH0igW/KQNY","preKeyId":5346641}},"BXLlRGomRNchr/7mD8qbnatS1bmpO8ZjkVzOckbriJgZ":{"registrationId":455611668,"currentRatchet":{"ephemeralKeyPair":{"pubKey":"BXzAhJGIib/iFHCONyb3iG0Ro0FVG/SwVL2inl+qLlUq","privKey":"CHpH7ByBQNF14aSRnOaMffGAzqDBjrjfW/2Dtq7yFWE="},"lastRemoteEphemeralKey":"BRkik/ttMhSDS6B+0UAuTSvDHT5fDPgAuS+k2CCChtwR","previousCounter":0,"rootKey":"4fsF/H/2t7CT3hW0gr5QnJmxs/1mPCefMzNhQMoWgmk="},"indexInfo":{"baseKey":"BXLlRGomRNchr/7mD8qbnatS1bmpO8ZjkVzOckbriJgZ","baseKeyType":1,"closed":-1,"used":1721227178234,"created":1721227178234,"remoteIdentityKey":"BcpZyYM7tigea1NhLwavzEQNj08EykE0+Cavd3lNqIAM"},"_chains":{"BXzAhJGIib/iFHCONyb3iG0Ro0FVG/SwVL2inl+qLlUq":{"chainKey":{"counter":1,"key":"9TTBeoCzqk5TwsqAkyaIR2v8qZsKh5s3rzBTtv9itO8="},"chainType":1,"messageKeys":{}}},"pendingPreKey":{"signedKeyId":1,"baseKey":"BXLlRGomRNchr/7mD8qbnatS1bmpO8ZjkVzOckbriJgZ","preKeyId":5346205}}},"version":"v1"}