{"_sessions":{"Bc5on8Lqe8xfKNxzDQzUirmlDZah51lKXB5P3nDZBCNm":{"registrationId":372437769,"currentRatchet":{"ephemeralKeyPair":{"pubKey":"BbCEL4YfTViwThjH54wWTClotGRJjOubbu7HpoGZ8vdm","privKey":"8CMl9ORNzJG6aK2Kls1AhHc80OkLJkikf8oybP97o20="},"lastRemoteEphemeralKey":"Bep6ZwUCtiGidlVDatoeIaeKHE5JdxtjMDN54r7ki706","previousCounter":0,"rootKey":"gWdzRmUMyyln8tHITNOjhtuaWjPIu/IKBuild+hYoyY="},"indexInfo":{"baseKey":"Bc5on8Lqe8xfKNxzDQzUirmlDZah51lKXB5P3nDZBCNm","baseKeyType":1,"closed":-1,"used":1721196568347,"created":1721196568347,"remoteIdentityKey":"BSXpzLHJ8TP83P/undNOshPMZob8bOJ454mDG1S9n7Eo"},"_chains":{"BbCEL4YfTViwThjH54wWTClotGRJjOubbu7HpoGZ8vdm":{"chainKey":{"counter":9,"key":"gIUfhnl6IVVXpnqQoh+dJOatkZ+e0Vy4V7Y6xnVej9Y="},"chainType":1,"messageKeys":{}}},"pendingPreKey":{"signedKeyId":4081124,"baseKey":"Bc5on8Lqe8xfKNxzDQzUirmlDZah51lKXB5P3nDZBCNm","preKeyId":248217}}},"version":"v1"}