{"_sessions":{"BVpZbnG6tk0YyXH5bC/Ot48IfqFIazwb7B3Jp+rr0w8x":{"registrationId":2136150050,"currentRatchet":{"ephemeralKeyPair":{"pubKey":"Bdz8o2M3/w0Autp3wK7SIbuDMwTmRbPuwsHHV01HpTBB","privKey":"0LgPW44lmfw9bi2k9G6+VvlubgOfOyNZv31OBHO3m2w="},"lastRemoteEphemeralKey":"BTNHaAlKoMjEKCkQZK+FctuOmwM7YpS3Zec2bmnLp/lw","previousCounter":0,"rootKey":"qnwrIj5AkCbJD0YEd40Vis0EKw1CudLOQe4PBHbDgRA="},"indexInfo":{"baseKey":"BVpZbnG6tk0YyXH5bC/Ot48IfqFIazwb7B3Jp+rr0w8x","baseKeyType":1,"closed":-1,"used":1721196568507,"created":1721196568507,"remoteIdentityKey":"BQv6f7KDzd/hXvMlez/rJfAkaTcO6LDZlGCrrXIhkhge"},"_chains":{"Bdz8o2M3/w0Autp3wK7SIbuDMwTmRbPuwsHHV01HpTBB":{"chainKey":{"counter":9,"key":"LdZYy3PRY6kbp61tLgUAM5P41+ptu2utko/Qt6MwNmI="},"chainType":1,"messageKeys":{}}},"pendingPreKey":{"signedKeyId":3,"baseKey":"BVpZbnG6tk0YyXH5bC/Ot48IfqFIazwb7B3Jp+rr0w8x","preKeyId":6958318}}},"version":"v1"}