{"_sessions":{"BZDRo9zce9ZRuq9NbGrTtNgNErd0KQBBBf/GRNjqj01n":{"registrationId":584893813,"currentRatchet":{"ephemeralKeyPair":{"pubKey":"BdRvjEpZBw410qucJDqTHNZRJSA4/jo3b1l8+TYD80Qt","privKey":"4PIKuWRHcQYEOgC4XWJ3kCdX6s4TvgHm0COJ2F72NUY="},"lastRemoteEphemeralKey":"BVmmvhicL8tdbIS0YrF1hDQv1f6JLmMm2TqyIcRXOYVg","previousCounter":0,"rootKey":"kZJy/sjN7+frf7inFgIH0rSkReE4iSRiNdcSGCA1WqA="},"indexInfo":{"baseKey":"BZDRo9zce9ZRuq9NbGrTtNgNErd0KQBBBf/GRNjqj01n","baseKeyType":1,"closed":-1,"used":1721227117205,"created":1721227117205,"remoteIdentityKey":"BdTT1Z6Vj69x1yFK7eCrAv4bWnXV9NOJ4ktehk9iGPJ7"},"_chains":{"BdRvjEpZBw410qucJDqTHNZRJSA4/jo3b1l8+TYD80Qt":{"chainKey":{"counter":0,"key":"V+E9rEJ3+LP9oOqD1/sTSs8T9xyVosKfs6VkG8MAMtY="},"chainType":1,"messageKeys":{}}},"pendingPreKey":{"signedKeyId":0,"baseKey":"BZDRo9zce9ZRuq9NbGrTtNgNErd0KQBBBf/GRNjqj01n","preKeyId":16129130}}},"version":"v1"}