{"_sessions":{"BcwjrImk9MOC4Cg57u2R8bQR2NL70vNHorSiF/d5thod":{"registrationId":10,"currentRatchet":{"ephemeralKeyPair":{"pubKey":"Bc81Ya+A6EyMU6hC3CWP7LjapefOlzlZXUtk7UFX/igs","privKey":"eG+7Jg/HPx+sChMSG4efdpEP2B3ueGIxjaZD2qpEIUA="},"lastRemoteEphemeralKey":"Bcex/ukQCVarOoy37KIzPvWytSVQqoeYmcL1vGLJD4lS","previousCounter":0,"rootKey":"31SIYuI/D/+5KZ7EulcN8/9deV/9kOed9RqVvtwhxto="},"indexInfo":{"baseKey":"BcwjrImk9MOC4Cg57u2R8bQR2NL70vNHorSiF/d5thod","baseKeyType":1,"closed":-1,"used":1721196568308,"created":1721196568308,"remoteIdentityKey":"BTM+bDDs4P/RuvDn79n0QulnGaiiH4haNnvpuj59VOcY"},"_chains":{"Bc81Ya+A6EyMU6hC3CWP7LjapefOlzlZXUtk7UFX/igs":{"chainKey":{"counter":9,"key":"L+XZbrXcfZIp5kwj+8QPL/7ej1O1ga6CILrpESOJo70="},"chainType":1,"messageKeys":{}}},"pendingPreKey":{"signedKeyId":1,"baseKey":"BcwjrImk9MOC4Cg57u2R8bQR2NL70vNHorSiF/d5thod"}}},"version":"v1"}