{"_sessions":{"BR7jLfvhdgmamsELiRmRnIqGK8oOTg/6geoWO25g1iYY":{"registrationId":977174568,"currentRatchet":{"ephemeralKeyPair":{"pubKey":"BQsXaCZJcbWCF8pN4u38PM4l5JV2vC0CYR8yb47GPCkL","privKey":"2FgNfrxbu7GqMavjbYtRR4mRB2XFSu9pLU8orgatSlw="},"lastRemoteEphemeralKey":"BXWmjQyUiBbJwxQLssdERF2bd5v+bEbfMsulJQCoPREw","previousCounter":0,"rootKey":"0LIKdu4lDn2xVNpeqK5oV0oCho+bphyE8lmb1LDiNhE="},"indexInfo":{"baseKey":"BR7jLfvhdgmamsELiRmRnIqGK8oOTg/6geoWO25g1iYY","baseKeyType":1,"closed":-1,"used":1721227116812,"created":1721227116812,"remoteIdentityKey":"Beoae92S8cV/fcfM2KYrGLig51cQ2GAYCWcQ/B9q1P0U"},"_chains":{"BQsXaCZJcbWCF8pN4u38PM4l5JV2vC0CYR8yb47GPCkL":{"chainKey":{"counter":0,"key":"AS9JoZfuinjwKmQHmFW7gDP/K0SJmY6R7yypht9mEeI="},"chainType":1,"messageKeys":{}}},"pendingPreKey":{"signedKeyId":6,"baseKey":"BR7jLfvhdgmamsELiRmRnIqGK8oOTg/6geoWO25g1iYY","preKeyId":4495434}}},"version":"v1"}