{"_sessions":{"BdPL4xHtd0EAtvN/DAKqJg1yHo02BjsJMByrjnQk5I4f":{"registrationId":191108032,"currentRatchet":{"ephemeralKeyPair":{"pubKey":"BV+y6TQ85yvvp/yfDnJbafud4QtWtHH5HkpUAQ9MT05a","privKey":"2GNUCNazrgFGYZ839AE2yUxRHiBOqza03Vg48k3LQ08="},"lastRemoteEphemeralKey":"BTmzxLrxp4GQcMW/lYkl9+L6hMoJAGeU0xxrEQUOOLcs","previousCounter":0,"rootKey":"KeHxa/XsbE/TKKLUhLI8ds5gHGqzxESyfqTd7Hz4lBA="},"indexInfo":{"baseKey":"BdPL4xHtd0EAtvN/DAKqJg1yHo02BjsJMByrjnQk5I4f","baseKeyType":1,"closed":-1,"used":1721196568619,"created":1721196568619,"remoteIdentityKey":"BbBrSqurMj4JSQ3LoAj+HtRtytd6+PyH69lhJf0P3LAs"},"_chains":{"BV+y6TQ85yvvp/yfDnJbafud4QtWtHH5HkpUAQ9MT05a":{"chainKey":{"counter":9,"key":"Df1wKUblh8dVH67tPraeFm/lmXFJhPej0fdFLoBqfC4="},"chainType":1,"messageKeys":{}}},"pendingPreKey":{"signedKeyId":10,"baseKey":"BdPL4xHtd0EAtvN/DAKqJg1yHo02BjsJMByrjnQk5I4f","preKeyId":14604792}}},"version":"v1"}