{"_sessions":{"BWtOQoZk3ngfDXIYdw6FhztuGwan4yGYwRDe3k5k0CVf":{"registrationId":1329134481,"currentRatchet":{"ephemeralKeyPair":{"pubKey":"BegP7Y/GYIgBQr5PRby0zcUrUNdB8P1mWeDQqp2WKz8a","privKey":"KAt+sr64Xgj1XdI7TlabkBJ8ikUANrGT7pPy8UBVw14="},"lastRemoteEphemeralKey":"BahtEs1Tzy0/zUiYZTQZSSKoRaS9ZISBGeh+w0RTYOZI","previousCounter":0,"rootKey":"RhqIWVH2oUPzK1iQZezyISVkIajC+7kGED8eIEADXXQ="},"indexInfo":{"baseKey":"BWtOQoZk3ngfDXIYdw6FhztuGwan4yGYwRDe3k5k0CVf","baseKeyType":1,"closed":1721227176761,"used":1721227175125,"created":1721227175125,"remoteIdentityKey":"BT089a3IubVXuPy6P928EqjZHYShFSzdh1FswARj0kts"},"_chains":{"BegP7Y/GYIgBQr5PRby0zcUrUNdB8P1mWeDQqp2WKz8a":{"chainKey":{"counter":-1,"key":"HHkVCL1c+nbRGGA+y0FqRMQzbp9itfCPt/M5bJqHvNc="},"chainType":1,"messageKeys":{}}},"pendingPreKey":{"signedKeyId":3,"baseKey":"BWtOQoZk3ngfDXIYdw6FhztuGwan4yGYwRDe3k5k0CVf","preKeyId":3708449}},"BSSPWSynMARnboSYXwQt5nTfNKlwguYOf7wmW5ppDbFt":{"registrationId":1329134481,"currentRatchet":{"ephemeralKeyPair":{"pubKey":"BawV+sWExgYYiFjclgBzmsfXNL3G/b7h4nh9Bv2iEjEh","privKey":"4JJM1T0ekx3GrScN/V/mDyP2SzHBoJRIKEsZv2tl2VY="},"lastRemoteEphemeralKey":"BahtEs1Tzy0/zUiYZTQZSSKoRaS9ZISBGeh+w0RTYOZI","previousCounter":0,"rootKey":"pEtGPGQYxJbe1DFcYLSasKurZXuE1S/4n6lr5thP2eE="},"indexInfo":{"baseKey":"BSSPWSynMARnboSYXwQt5nTfNKlwguYOf7wmW5ppDbFt","baseKeyType":1,"closed":-1,"used":1721227176760,"created":1721227176760,"remoteIdentityKey":"BT089a3IubVXuPy6P928EqjZHYShFSzdh1FswARj0kts"},"_chains":{"BawV+sWExgYYiFjclgBzmsfXNL3G/b7h4nh9Bv2iEjEh":{"chainKey":{"counter":1,"key":"86QU2t50TfQEy34Jdu6p+7YW4d7VYWX6lGIwghPBcRA="},"chainType":1,"messageKeys":{}}},"pendingPreKey":{"signedKeyId":3,"baseKey":"BSSPWSynMARnboSYXwQt5nTfNKlwguYOf7wmW5ppDbFt","preKeyId":3708634}}},"version":"v1"}