{"_sessions":{"BVvXuuvkrJBhRcUhhL1veeA5e23bEWRMAMuU22HLr9cA":{"registrationId":3467,"currentRatchet":{"ephemeralKeyPair":{"pubKey":"BQLRGh5vCExkSicYxUvVny+WNzn8juwzJzZqfU4wHrgI","privKey":"oP3+/K7Ktkpk07QrcAm/rCceD2xO97d2YRqcQ0Tkn14="},"lastRemoteEphemeralKey":"BdkdMELW6t00H7PcqHInnJTWsfvah3RilCfEkRrFgCJ7","previousCounter":0,"rootKey":"4Ue7uVfGPRrgXb0qnQTM89wwNBXOyzjG1UWpkECswrg="},"indexInfo":{"baseKey":"BVvXuuvkrJBhRcUhhL1veeA5e23bEWRMAMuU22HLr9cA","baseKeyType":1,"closed":-1,"used":1721227116023,"created":1721227116023,"remoteIdentityKey":"BZB70ZFF+yLJtxsXN6ysIXQkRhOa6+XJ/gN0wWF77t4W"},"_chains":{"BQLRGh5vCExkSicYxUvVny+WNzn8juwzJzZqfU4wHrgI":{"chainKey":{"counter":0,"key":"0oXnJAjKSKyK2J6RXaThR1rBAZkckE8avtmJSDgFoHc="},"chainType":1,"messageKeys":{}}},"pendingPreKey":{"signedKeyId":1,"baseKey":"BVvXuuvkrJBhRcUhhL1veeA5e23bEWRMAMuU22HLr9cA"}}},"version":"v1"}