{"_sessions":{"BYheTCVFkhN6SCeJDs+lO6K08SH2rjoGLvdHh0WumOR7":{"registrationId":535816293,"currentRatchet":{"ephemeralKeyPair":{"pubKey":"BceHBznhV8b0vYZ77Nqei9QUoc8GoesqBc4u+3BVQaIE","privKey":"mDHl8zc94suUXuoK+Gh89ZtTR5I0VXqdelJccScAHFc="},"lastRemoteEphemeralKey":"BarqQqJOWEG7UrqPfomuyklHd8YRXuiUsVlRqCGVrPJt","previousCounter":0,"rootKey":"cUCRjCXcqQ5g58P7wyBmTloEqAIFMln0wR7gx0EatJU="},"indexInfo":{"baseKey":"BYheTCVFkhN6SCeJDs+lO6K08SH2rjoGLvdHh0WumOR7","baseKeyType":1,"closed":-1,"used":1721196568599,"created":1721196568599,"remoteIdentityKey":"BdvCXPDQvmFVal4pzhs9zRbC8pPT17kz0uyCCuzjccVZ"},"_chains":{"BceHBznhV8b0vYZ77Nqei9QUoc8GoesqBc4u+3BVQaIE":{"chainKey":{"counter":9,"key":"H6LyHLJBmWzLESbR6ZcCknHSEQQX7kRW+XCvrkLPaPI="},"chainType":1,"messageKeys":{}}},"pendingPreKey":{"signedKeyId":2,"baseKey":"BYheTCVFkhN6SCeJDs+lO6K08SH2rjoGLvdHh0WumOR7","preKeyId":6039235}}},"version":"v1"}