{"_sessions":{"BT4YXMx/JVUURbZ5diWjCihwArBPxtgQZJVJNQiBkT81":{"registrationId":15481,"currentRatchet":{"ephemeralKeyPair":{"pubKey":"Bb6W12NFGm4hxLGOv2h6O3zoZ+yoiMnd8ENW6WLEoBZv","privKey":"gFkXhzzneCq8266ShrfWGLC5mQ+7yu9VHG9LDHfQ62Y="},"lastRemoteEphemeralKey":"BROrsWVy5HHmB6C5Ems/nQVn/4aBl3NbztzNwp+v6SE8","previousCounter":0,"rootKey":"RzB26FmUklDqzZd+XReQypuCGN81VWygWytDo7BgbzA="},"indexInfo":{"baseKey":"BT4YXMx/JVUURbZ5diWjCihwArBPxtgQZJVJNQiBkT81","baseKeyType":1,"closed":-1,"used":1721227116051,"created":1721227116051,"remoteIdentityKey":"BezeGCR6TayEDl9av1pBByW3tXcSpcA0s4d08YyaHSs+"},"_chains":{"Bb6W12NFGm4hxLGOv2h6O3zoZ+yoiMnd8ENW6WLEoBZv":{"chainKey":{"counter":0,"key":"z7hUgUMaseEayc7UG83sjJgXuDloGeRtfhUqkYeQMwU="},"chainType":1,"messageKeys":{}}},"pendingPreKey":{"signedKeyId":1,"baseKey":"BT4YXMx/JVUURbZ5diWjCihwArBPxtgQZJVJNQiBkT81"}}},"version":"v1"}