{"_sessions":{"BQtywKRqkJAdI420DHVdA8FTBl9UKCLF4yH0RF90Ah9h":{"registrationId":844044187,"currentRatchet":{"ephemeralKeyPair":{"pubKey":"BR8sfoeTBnu7HsObY+8MLdqN/N12r0KrnEIQ+syI1QMp","privKey":"cEB48y4mvDB699WzfE4Flg3jHuOxhgM6xP13mHzCIGo="},"lastRemoteEphemeralKey":"BfeLWxPaKpob9cIkpNE0eG2Yp8biDFU9E73+wFrYFLo/","previousCounter":0,"rootKey":"Udp50e3B5N07oAgH1mQV5eLR1EGhfJ9KW9u2oYtHLg8="},"indexInfo":{"baseKey":"BQtywKRqkJAdI420DHVdA8FTBl9UKCLF4yH0RF90Ah9h","baseKeyType":1,"closed":-1,"used":1721227117324,"created":1721227117324,"remoteIdentityKey":"BYdb09EJ4HT106u/2C8XSHhhmf4uFPx1lpBbQh3jOjxq"},"_chains":{"BR8sfoeTBnu7HsObY+8MLdqN/N12r0KrnEIQ+syI1QMp":{"chainKey":{"counter":0,"key":"eUuftbvAH7KZJlyMqd3DcV1MLCONqj/qL7g1BZS7KIU="},"chainType":1,"messageKeys":{}}},"pendingPreKey":{"signedKeyId":1,"baseKey":"BQtywKRqkJAdI420DHVdA8FTBl9UKCLF4yH0RF90Ah9h"}}},"version":"v1"}