{"_sessions":{"BcrLFg4eXgzcnbEFJNXFoncOGSfwLBKWRv94jBWRR9Ro":{"registrationId":1741684737,"currentRatchet":{"ephemeralKeyPair":{"pubKey":"Bb8h3+bftHF7STpZtkB0PnT0CrBDIbW40rTYHg/nxAQw","privKey":"oHt+uHFHMEY0aKlt+t3nZ1ca5eVnqtqwM7XkVouC+Ug="},"lastRemoteEphemeralKey":"BbHP5m1LPsPMWFTuHzayle9GRNg24Jd8VUN4dJjA7Q59","previousCounter":0,"rootKey":"P16/3fFHtQRliLImjhstR4Xu3ueDjg/GouhYT8X1VqY="},"indexInfo":{"baseKey":"BcrLFg4eXgzcnbEFJNXFoncOGSfwLBKWRv94jBWRR9Ro","baseKeyType":1,"closed":1721227177867,"used":1721227175549,"created":1721227175549,"remoteIdentityKey":"BbWljV2c/bsQbq3EPb4sdNzbAMeJPSENBDh39sGgJ7Je"},"_chains":{"Bb8h3+bftHF7STpZtkB0PnT0CrBDIbW40rTYHg/nxAQw":{"chainKey":{"counter":-1,"key":"SPVmMt5mApWFdvtuPpJmP5I7errHLJUMBaLjSnlqJHI="},"chainType":1,"messageKeys":{}}},"pendingPreKey":{"signedKeyId":0,"baseKey":"BcrLFg4eXgzcnbEFJNXFoncOGSfwLBKWRv94jBWRR9Ro","preKeyId":11864006}},"BX9Qm4rxYgD1AoS7xchPcur1LxWMhCGTOwBL6sCI/Wdb":{"registrationId":1741684737,"currentRatchet":{"ephemeralKeyPair":{"pubKey":"Bfks8QIK0GeSnT7EZbk/AsLg7urb6yOWC4FR4uDhv0ZH","privKey":"wHNlE7q7TsTGkJXGI8O465oFYJiQyws6t5oB3billlU="},"lastRemoteEphemeralKey":"BbHP5m1LPsPMWFTuHzayle9GRNg24Jd8VUN4dJjA7Q59","previousCounter":0,"rootKey":"GUQBFMQr8PkytSdJUv2uQhtzxyqSKV5Us2iqmgjwa7I="},"indexInfo":{"baseKey":"BX9Qm4rxYgD1AoS7xchPcur1LxWMhCGTOwBL6sCI/Wdb","baseKeyType":1,"closed":-1,"used":1721227177864,"created":1721227177864,"remoteIdentityKey":"BbWljV2c/bsQbq3EPb4sdNzbAMeJPSENBDh39sGgJ7Je"},"_chains":{"Bfks8QIK0GeSnT7EZbk/AsLg7urb6yOWC4FR4uDhv0ZH":{"chainKey":{"counter":1,"key":"XWupNNZhg27J7DMk9Em4bP89WRCC4+fcdkrrRnA6Tcg="},"chainType":1,"messageKeys":{}}},"pendingPreKey":{"signedKeyId":0,"baseKey":"BX9Qm4rxYgD1AoS7xchPcur1LxWMhCGTOwBL6sCI/Wdb","preKeyId":11863897}}},"version":"v1"}