{"_sessions":{"BRcf1dCLQQ22ph9fFapAuZjXTVXv6Of4RTV3xyEs0Ihc":{"registrationId":1935656437,"currentRatchet":{"ephemeralKeyPair":{"pubKey":"BVraK1bQlbeJjQ6HLoj8PRpOUBVisxNBNat2djuijGIc","privKey":"AFfJ9eI2oz4fVzWy2jOP5QZu6lAIPiPkAoc3s4NEwkY="},"lastRemoteEphemeralKey":"BaMRNkrLFNQ9UW9CYUNMCtFWImBgEqpzljUPNRpNO08V","previousCounter":0,"rootKey":"HEckKT7DDPwoLABtuaZJ9Grxd3VDeH0Qq/md6XZuJFc="},"indexInfo":{"baseKey":"BRcf1dCLQQ22ph9fFapAuZjXTVXv6Of4RTV3xyEs0Ihc","baseKeyType":1,"closed":-1,"used":1721227117567,"created":1721227117567,"remoteIdentityKey":"BWOILycCoy1I5fSsPsrva8EF+amW5nNcTWRr988SRZh0"},"_chains":{"BVraK1bQlbeJjQ6HLoj8PRpOUBVisxNBNat2djuijGIc":{"chainKey":{"counter":0,"key":"Ls7t72pGShzw8Dv0QgErUhodcMnLkdzE9tKsmHAPCtA="},"chainType":1,"messageKeys":{}}},"pendingPreKey":{"signedKeyId":0,"baseKey":"BRcf1dCLQQ22ph9fFapAuZjXTVXv6Of4RTV3xyEs0Ihc","preKeyId":7526068}}},"version":"v1"}