{"_sessions":{"Ba/oGaLjhtHpFI6nKOJA3U7eJaqAQ72A2aYTltf1ZMBN":{"registrationId":1193445741,"currentRatchet":{"ephemeralKeyPair":{"pubKey":"BSGEPBKuRG5T5gwUO6dFsq5Gg2/6UbTGph9Ehs69u01Z","privKey":"qI2BBKHqEBGuKzoQupLjw+Zgy4pEiUhMNaM80vllJUY="},"lastRemoteEphemeralKey":"BeUmqIIwZLBO2FQ9CKNzl9SX8WRwjkMq0bYvPHHWN/86","previousCounter":0,"rootKey":"Lzf/+wfyUs4pv2yzjM0BK6NOJEltYMSN3AZOwA2ufVk="},"indexInfo":{"baseKey":"Ba/oGaLjhtHpFI6nKOJA3U7eJaqAQ72A2aYTltf1ZMBN","baseKeyType":1,"closed":-1,"used":1721196568798,"created":1721196568798,"remoteIdentityKey":"BT4MYQEvTmpi5mAxpUilVoz8mRXT8gDPAIfH85SRe/YN"},"_chains":{"BSGEPBKuRG5T5gwUO6dFsq5Gg2/6UbTGph9Ehs69u01Z":{"chainKey":{"counter":9,"key":"waLU/ZBFm9Vbwi7Nb+uiBnEY17KIARavJ5PZ4grE98M="},"chainType":1,"messageKeys":{}}},"pendingPreKey":{"signedKeyId":16,"baseKey":"Ba/oGaLjhtHpFI6nKOJA3U7eJaqAQ72A2aYTltf1ZMBN"}}},"version":"v1"}