{"_sessions":{"BXhu9pYm01BRg1qplDxwO3lnSXtQ8SxGAoBVbTrgUDJU":{"registrationId":1195108457,"currentRatchet":{"ephemeralKeyPair":{"pubKey":"BTYCsVUFlBMOn4PTqg5+g5Fy31DLKiO6ooQ8bTQaDbsE","privKey":"wFz5lXNEIQu32QQ6VKw35AR4hiGZTBtbGDonKABCslc="},"lastRemoteEphemeralKey":"BS2ElBkLtc6fMYF6amTJzKKmgGNxLWLJ4/waBPLn85Bc","previousCounter":0,"rootKey":"Spt67GS69xTpoel8ksA08hWjTrJC4swMYABgIdNavA8="},"indexInfo":{"baseKey":"BXhu9pYm01BRg1qplDxwO3lnSXtQ8SxGAoBVbTrgUDJU","baseKeyType":1,"closed":-1,"used":1721227116539,"created":1721227116539,"remoteIdentityKey":"BevkJz+hIiaVHr/rlu2HGY3LzZtsnv5oaq9LnuKWBqo6"},"_chains":{"BTYCsVUFlBMOn4PTqg5+g5Fy31DLKiO6ooQ8bTQaDbsE":{"chainKey":{"counter":0,"key":"eKcupVTs1vIx9WoFOE5d5uScmB/vZIqiidc6yD7+rTU="},"chainType":1,"messageKeys":{}}},"pendingPreKey":{"signedKeyId":0,"baseKey":"BXhu9pYm01BRg1qplDxwO3lnSXtQ8SxGAoBVbTrgUDJU"}}},"version":"v1"}