{"_sessions":{"BaxwT1Cz2BPgeVdO+M0vS6VatWF9p8ti/RfOAZYywNoS":{"registrationId":1361786231,"currentRatchet":{"ephemeralKeyPair":{"pubKey":"BUITsTdOjCYdpGUqwywbaqb+XM7cJtOfkUV4XfQ22ak4","privKey":"WKtnS6BqqtrDZhskvvwn8ZW0/akjaNUCHUWIb9LxU0U="},"lastRemoteEphemeralKey":"BcI8PZoAgiR68CX56j4PA9crvwfPiIy4TKZskcYruEc/","previousCounter":0,"rootKey":"WmG11EC04+hi/Z8IEjHKLRY/7P78YAAtPCNHf8acSdo="},"indexInfo":{"baseKey":"BaxwT1Cz2BPgeVdO+M0vS6VatWF9p8ti/RfOAZYywNoS","baseKeyType":1,"closed":-1,"used":1721227117512,"created":1721227117512,"remoteIdentityKey":"BT7bETqPaFtPmeplOZ6TT+e7inLOA9ZTQ7NgoRYoHNAM"},"_chains":{"BUITsTdOjCYdpGUqwywbaqb+XM7cJtOfkUV4XfQ22ak4":{"chainKey":{"counter":0,"key":"cq4j1mSKhfyKoIU92/Lh/6HxKk8JCsO+5F2MCzzwmn4="},"chainType":1,"messageKeys":{}}},"pendingPreKey":{"signedKeyId":3,"baseKey":"BaxwT1Cz2BPgeVdO+M0vS6VatWF9p8ti/RfOAZYywNoS"}}},"version":"v1"}