{"_sessions":{"BX9lNJTQ47QXodzc9lJHT5wysYOVJmIwOUq5Xx4ZbA04":{"registrationId":1198508578,"currentRatchet":{"ephemeralKeyPair":{"pubKey":"BeSXmO5a1icQ5eciE1lLBWUC1xf3Wv/oFFi01Vxel+tc","privKey":"GO4MbHDxIwSO924jl7iTf6ebrWt+/aITbE/vuTscAlo="},"lastRemoteEphemeralKey":"Be6qh1PxKItFDmwOLwI43NZxrncu40WxeVGI84xAibcJ","previousCounter":0,"rootKey":"sdLu37RE7VUjTi89DYBoyERugVBaxOMSqghsY9rPKW8="},"indexInfo":{"baseKey":"BX9lNJTQ47QXodzc9lJHT5wysYOVJmIwOUq5Xx4ZbA04","baseKeyType":1,"closed":-1,"used":1721227116847,"created":1721227116847,"remoteIdentityKey":"BVsGDDdrWU59CasIyRogCnzCC2+vJKmnore/Io7Wq+lZ"},"_chains":{"BeSXmO5a1icQ5eciE1lLBWUC1xf3Wv/oFFi01Vxel+tc":{"chainKey":{"counter":0,"key":"R0ycku7vZE/dBMWhGxvykjQnjhyHwEEi018gqO6DR9M="},"chainType":1,"messageKeys":{}}},"pendingPreKey":{"signedKeyId":1,"baseKey":"BX9lNJTQ47QXodzc9lJHT5wysYOVJmIwOUq5Xx4ZbA04","preKeyId":4862764}}},"version":"v1"}