{"_sessions":{"BcDiDrjbWRtgkEP4jQTzgCaVxuXaswG3xHr9tuKz9ft5":{"registrationId":15400,"currentRatchet":{"ephemeralKeyPair":{"pubKey":"BW95H+6rWCZ+dzfjT6eShdCeIsjGswXgRoX1z1sZwnBB","privKey":"IFdrsgNGk3Rjyy85f1l2jgjecPYHJ4SVR+AvyJ+1gWI="},"lastRemoteEphemeralKey":"BZ6dyaFSC9kuYtbLpD4rtfd2yzWPsjIsXZo9y4Vt0TUH","previousCounter":0,"rootKey":"nOKvdeXYnD2bi+71wQIZDuK7n9uwJKsZo4J0Y05g3zs="},"indexInfo":{"baseKey":"BcDiDrjbWRtgkEP4jQTzgCaVxuXaswG3xHr9tuKz9ft5","baseKeyType":1,"closed":-1,"used":1721227115839,"created":1721227115839,"remoteIdentityKey":"BTJC2aQiiNGgSHldbFqZgOx2eE1uHBBGAcn2LgY03LYf"},"_chains":{"BW95H+6rWCZ+dzfjT6eShdCeIsjGswXgRoX1z1sZwnBB":{"chainKey":{"counter":0,"key":"UyA451gX9M/MGKsbdqXr3J2qG9j4GMQOBWgNYc5zFQI="},"chainType":1,"messageKeys":{}}},"pendingPreKey":{"signedKeyId":1,"baseKey":"BcDiDrjbWRtgkEP4jQTzgCaVxuXaswG3xHr9tuKz9ft5"}}},"version":"v1"}