{"_sessions":{"BYIRhFqfuToWJ1pfbCMVxPhZCk06qelftzgXUSjkzgof":{"registrationId":12024,"currentRatchet":{"ephemeralKeyPair":{"pubKey":"BUU/nTa8cZu88hyFt2UxyhqCpsIdfazN7Rborkel87FU","privKey":"6LazRboVJ52GrOOxewFZMI8K/EC9AofToLNtYsBKG1M="},"lastRemoteEphemeralKey":"BV9tp3RVlgpUTwfByfL4/Dpyb8o7rd58ccOC1aRHqnBt","previousCounter":0,"rootKey":"J7vJRgRAMWXnozGwbHoQRbwKP2rLzyoL5rfGwUBi3ik="},"indexInfo":{"baseKey":"BYIRhFqfuToWJ1pfbCMVxPhZCk06qelftzgXUSjkzgof","baseKeyType":1,"closed":-1,"used":1721227116141,"created":1721227116141,"remoteIdentityKey":"BWnWulWVEwnYDFhl5pxHLnpQLPqfGJA7Q1ZguC79g3px"},"_chains":{"BUU/nTa8cZu88hyFt2UxyhqCpsIdfazN7Rborkel87FU":{"chainKey":{"counter":0,"key":"wXDlcHLLOnERSLsxNoRALgNbsvVTYjLlpHJ9Cfa1fSc="},"chainType":1,"messageKeys":{}}},"pendingPreKey":{"signedKeyId":1,"baseKey":"BYIRhFqfuToWJ1pfbCMVxPhZCk06qelftzgXUSjkzgof"}}},"version":"v1"}