{"_sessions":{"BUu/59idOlCNjavlNEEWYKmbJkc3QCskQ/PFctLVhfIc":{"registrationId":5139,"currentRatchet":{"ephemeralKeyPair":{"pubKey":"BcUNnMjrcBPEiRv7oPuN8RCyWuLN+XCTKmnmGXFyyU0M","privKey":"OCw+1tZYv+sWZFbV26nQdXYbxaU5am8ea8dO2WiN4Ho="},"lastRemoteEphemeralKey":"BW+YMif7AKk4dGV8U4g8gTDXsshHiq2sOpzAP+nPU+oc","previousCounter":0,"rootKey":"g1ksSEL8KArfKyr3Wd0MTxiX6V0TkWrL3FOF03xpoA4="},"indexInfo":{"baseKey":"BUu/59idOlCNjavlNEEWYKmbJkc3QCskQ/PFctLVhfIc","baseKeyType":1,"closed":-1,"used":1721227116138,"created":1721227116138,"remoteIdentityKey":"BYuSmjOgMpv6k6s7KF8ouDKB5Eheg9nK6YtYPxoRlx4m"},"_chains":{"BcUNnMjrcBPEiRv7oPuN8RCyWuLN+XCTKmnmGXFyyU0M":{"chainKey":{"counter":0,"key":"hlraPpTCevuw+jYZ4PZ5ETruD4oN+QZyQ81w4I8DAyk="},"chainType":1,"messageKeys":{}}},"pendingPreKey":{"signedKeyId":1,"baseKey":"BUu/59idOlCNjavlNEEWYKmbJkc3QCskQ/PFctLVhfIc"}}},"version":"v1"}