{"_sessions":{"BfOb3Qul66KoLhQwIaeTwvspQHGCv/CWtvO4El1UEokj":{"registrationId":2146778346,"currentRatchet":{"ephemeralKeyPair":{"pubKey":"BdGEi3hjWFt1oXTk7U3KYkGLH51+3ZTEEJwKG7ks+WQT","privKey":"0BY80+Hi2DN5hkm9fPIeCsy9Gleh8aTmfdRcJvQVZFM="},"lastRemoteEphemeralKey":"BfwJ794yxk5bMfw9Ncwx1Wj0Hnz8BNhnUTM1KWGATAB6","previousCounter":0,"rootKey":"hS9gG7B9ChX2+1oIDqLkV8rT/wk3I1w8DYyzS6W49Eo="},"indexInfo":{"baseKey":"BfOb3Qul66KoLhQwIaeTwvspQHGCv/CWtvO4El1UEokj","baseKeyType":1,"closed":-1,"used":1721227117351,"created":1721227117351,"remoteIdentityKey":"BS2npnK9ZGX2MXxvalVvghpDvYTQUwBLRB4rZRkyg+cM"},"_chains":{"BdGEi3hjWFt1oXTk7U3KYkGLH51+3ZTEEJwKG7ks+WQT":{"chainKey":{"counter":0,"key":"SwRR/y4Xq7tjrnvL3Za52/Nq+/hdQKDrugWJ0yMUIs8="},"chainType":1,"messageKeys":{}}},"pendingPreKey":{"signedKeyId":1,"baseKey":"BfOb3Qul66KoLhQwIaeTwvspQHGCv/CWtvO4El1UEokj"}}},"version":"v1"}