{"_sessions":{"BQXTPQPmTiiGU4PTB8K0B0f/cTXuL4s46P00gmjIpQRZ":{"registrationId":1519626155,"currentRatchet":{"ephemeralKeyPair":{"pubKey":"BR4f0gY4IN5lNzwjIxJ0y+ZWbmmcRk88dWhu5J6RF/hq","privKey":"IANFdGZD17tiTAOVP6WMv4MrCx6nwykyGu0fgs8Nn18="},"lastRemoteEphemeralKey":"BViL/2QlCPHi3unMQN11l2KTIPS6iTFilmATNP7anWta","previousCounter":0,"rootKey":"GCyTGS9Nt/iB0qMBXgSv0g8eQGV/Ql5ivjPNjd1e+OU="},"indexInfo":{"baseKey":"BQXTPQPmTiiGU4PTB8K0B0f/cTXuL4s46P00gmjIpQRZ","baseKeyType":1,"closed":-1,"used":1721196568829,"created":1721196568829,"remoteIdentityKey":"BTrKKW/ZvhGrzFvvIVzRV+eLFiDK1l6y6GNqXnfVC7oF"},"_chains":{"BR4f0gY4IN5lNzwjIxJ0y+ZWbmmcRk88dWhu5J6RF/hq":{"chainKey":{"counter":9,"key":"CszXpj56QjkZD6JjIMN2QGpk6Y21ao6aMVIEPvVQ7F4="},"chainType":1,"messageKeys":{}}},"pendingPreKey":{"signedKeyId":4,"baseKey":"BQXTPQPmTiiGU4PTB8K0B0f/cTXuL4s46P00gmjIpQRZ","preKeyId":6794719}}},"version":"v1"}