{"_sessions":{"BR2T2+XSiTC9GPjQPcN1DVS2yievEXsZ5cg9OxOCH9sE":{"registrationId":15853,"currentRatchet":{"ephemeralKeyPair":{"pubKey":"BRNywSQ2i1/QgaXTNj7MBtS0uUJ0rC6Nb3MHHVuown06","privKey":"0K+jHNHPIW8ChIAWFimtPtWau9DZOYfqIviLFYoksVU="},"lastRemoteEphemeralKey":"BX/Gp7bE59ABKPx6Vzc8t9gZqaPoDS5d8UEBqHrJ/XoU","previousCounter":0,"rootKey":"EoYljP+PJ6txg5TDsWDgKAmmTQONc5VrRNDBcJN5VB4="},"indexInfo":{"baseKey":"BR2T2+XSiTC9GPjQPcN1DVS2yievEXsZ5cg9OxOCH9sE","baseKeyType":1,"closed":-1,"used":1721196568328,"created":1721196568328,"remoteIdentityKey":"BUTdKKjBxoqHkmR8fMq7iCcvlPh6dX/FwrZTKym9uGwC"},"_chains":{"BRNywSQ2i1/QgaXTNj7MBtS0uUJ0rC6Nb3MHHVuown06":{"chainKey":{"counter":9,"key":"vIn6A+XSC/d6wpfMui+rMkr7ZciDaJCeGBq/8nuMT24="},"chainType":1,"messageKeys":{}}},"pendingPreKey":{"signedKeyId":1,"baseKey":"BR2T2+XSiTC9GPjQPcN1DVS2yievEXsZ5cg9OxOCH9sE","preKeyId":902}}},"version":"v1"}