{"_sessions":{"Bc7cyZtbp+mx69cJXfL6qepKZtDo1Nzubq1pg2rCOZ1R":{"registrationId":2021725521,"currentRatchet":{"ephemeralKeyPair":{"pubKey":"BSnQnZsOAusrOGvSvFJZhC+3O0kCP8071oru8H5e3Q8+","privKey":"qDQHgwxI6U8J46pWZU+cSI8OIpFsQnh9bzE+4Qx56Wo="},"lastRemoteEphemeralKey":"Be98K7wCZA7ymiwatKyoOcPVO3A5T1Nmn6i/VoFCKmAF","previousCounter":0,"rootKey":"fKoKPo6VQenC3d34nB9QKAnZJU7XcOVT1YgFsI+OES4="},"indexInfo":{"baseKey":"Bc7cyZtbp+mx69cJXfL6qepKZtDo1Nzubq1pg2rCOZ1R","baseKeyType":1,"closed":-1,"used":1721196568595,"created":1721196568595,"remoteIdentityKey":"Ba4M7aNirOt0P9pqAGLCIGQwlWZbnaop1t4vPLGCxNAN"},"_chains":{"BSnQnZsOAusrOGvSvFJZhC+3O0kCP8071oru8H5e3Q8+":{"chainKey":{"counter":9,"key":"oVgLg9Pj9cVHHfVc2tte2qNN/39HAyVJdPm0FG0K8ZE="},"chainType":1,"messageKeys":{}}},"pendingPreKey":{"signedKeyId":14,"baseKey":"Bc7cyZtbp+mx69cJXfL6qepKZtDo1Nzubq1pg2rCOZ1R"}}},"version":"v1"}