{"_sessions":{"BdQNGN/AqUIfxjRK8Wx3aVSWG8L00iyyvkw5JN3RJyNo":{"registrationId":832795666,"currentRatchet":{"ephemeralKeyPair":{"pubKey":"BbfdUJxGCXLRPJg20m8bCeFnTDCCKjGrsfjZMNoE2YJN","privKey":"uHZ4Fn18ATw/xYXb+9qVjXrWqzQx5xqJlM0A182lSG4="},"lastRemoteEphemeralKey":"BRUIqbaVO9O1J6n/IB0HpACpZOesRp9+EqrgW84DvgJz","previousCounter":0,"rootKey":"FzzLaQhM+U5Nn36gEEbrx0caWRY56VU54MjW7TRt5os="},"indexInfo":{"baseKey":"BdQNGN/AqUIfxjRK8Wx3aVSWG8L00iyyvkw5JN3RJyNo","baseKeyType":1,"closed":-1,"used":1721196568846,"created":1721196568846,"remoteIdentityKey":"BdnoJxyaQh2JnqcAyl5M3lYSe12Tz7g20YXe5HCHH5Ep"},"_chains":{"BbfdUJxGCXLRPJg20m8bCeFnTDCCKjGrsfjZMNoE2YJN":{"chainKey":{"counter":9,"key":"RCToohfQ1xscqcidYCTKyVORYdMz9h8/lZFDIHRi1OA="},"chainType":1,"messageKeys":{}}},"pendingPreKey":{"signedKeyId":3,"baseKey":"BdQNGN/AqUIfxjRK8Wx3aVSWG8L00iyyvkw5JN3RJyNo","preKeyId":11634435}}},"version":"v1"}