{"_sessions":{"BY9BGBaeYU3o00arJ/bqyabudqMplIhsnPhzjyBUa0AV":{"registrationId":1375910508,"currentRatchet":{"ephemeralKeyPair":{"pubKey":"BSC/O1+djgItVtlBitVUk8oMkYyQFJeftsVIR7xhAGlb","privKey":"qNsh1iCV0cBIwHomBTKuRYETj3qr3JulUS+dqhHkQ0c="},"lastRemoteEphemeralKey":"BaoN7UNW+C58aR2f/DM4IxV0mPt1ccBnzOPn6CLTV5lw","previousCounter":3,"rootKey":"Q773ii5BCxiWaEWS4ZSlWYoB3DpndFjt1I2yxdM5l38="},"indexInfo":{"baseKey":"BY9BGBaeYU3o00arJ/bqyabudqMplIhsnPhzjyBUa0AV","baseKeyType":1,"closed":-1,"used":1721150963232,"created":1721125997344,"remoteIdentityKey":"BYxJ4jL+804SYIdoO1hWTgMM8UVXgWNga4NWsyimrNwK"},"_chains":{"BTSyB47LGOi3EOXCZdhW68yc+DRsYZ6kmGD9YMh6UXo/":{"chainKey":{"counter":9},"chainType":2,"messageKeys":{}},"BWMooSyFbVXWyasXkSHH83apR/XDZH04EhZjaUmsmwIY":{"chainKey":{"counter":36},"chainType":2,"messageKeys":{}},"BdiwazTdMwnFeJUv/iTqg11/j02ZvH3bUZSI9GbdiWxf":{"chainKey":{"counter":0},"chainType":2,"messageKeys":{}},"BUZdGVvYBaHE/m6omhCyJwsjN+xlg4DzVnPaPID6Vxhc":{"chainKey":{"counter":0},"chainType":2,"messageKeys":{}},"BaoN7UNW+C58aR2f/DM4IxV0mPt1ccBnzOPn6CLTV5lw":{"chainKey":{"counter":0,"key":"yZJIccRz2PR98QK10J9aDm4A0UhfMW3D/4WoPJXStz4="},"chainType":2,"messageKeys":{}},"BSC/O1+djgItVtlBitVUk8oMkYyQFJeftsVIR7xhAGlb":{"chainKey":{"counter":39,"key":"sq+A7YjWvaG8TNCLq88ce92xMQtN1GARwgVn+FhC+1Y="},"chainType":1,"messageKeys":{}}}}},"version":"v1"}