{"_sessions":{"BQz+CJYttAr9u/ynPoJ/nJHXXNTtvcIdRfZlyko7uAx5":{"registrationId":740806546,"currentRatchet":{"ephemeralKeyPair":{"pubKey":"BRIc4LK6Tg2Z7+B6CeYTYf2m+lTyn9/aw6JtPz55eH9w","privKey":"2HXgsHOch+KPxHWrghFVrEZqzHqxeTTmR/8RP3URuVc="},"lastRemoteEphemeralKey":"BbaWz6pwsNikQ0mdEc6+Hej3a4PKaBJSKAOtvZ41vYYe","previousCounter":0,"rootKey":"xEmspr7eGyO1yrr1ktMp3t06q73TPjVI5ewxFiIWI5c="},"indexInfo":{"baseKey":"BQz+CJYttAr9u/ynPoJ/nJHXXNTtvcIdRfZlyko7uAx5","baseKeyType":1,"closed":-1,"used":1721196568554,"created":1721196568554,"remoteIdentityKey":"BXkFOszP56GDEwN3ndqCHM6UrR1t09RDJ8gogc5Da4w4"},"_chains":{"BRIc4LK6Tg2Z7+B6CeYTYf2m+lTyn9/aw6JtPz55eH9w":{"chainKey":{"counter":9,"key":"o+1RXvWEuEApaj7Rjp/jb7o/lj7CubsiJrOS+teSl94="},"chainType":1,"messageKeys":{}}},"pendingPreKey":{"signedKeyId":7,"baseKey":"BQz+CJYttAr9u/ynPoJ/nJHXXNTtvcIdRfZlyko7uAx5","preKeyId":3915673}}},"version":"v1"}