{"_sessions":{"BV/lsmtXl44R+HkoPicMCs0ELqzarqlaLq38lUr2RpB2":{"registrationId":1724465248,"currentRatchet":{"ephemeralKeyPair":{"pubKey":"BVVxOinhFmfqgkDPwUVKBuP5PQsS1adJbFX3ZATXK7pJ","privKey":"0CGF66qceML8Mv6Hz8VBBqbvcZTrmWUm6D2kD2f0KXU="},"lastRemoteEphemeralKey":"BdRiKbba0dd8iF0jdySAf4QY2jHve9b+TaiKZR+0BMQ1","previousCounter":0,"rootKey":"o8mqvxWyNGL8ttU2j6fOuG75rc6EfKUV+XUJFCbSMpM="},"indexInfo":{"baseKey":"BV/lsmtXl44R+HkoPicMCs0ELqzarqlaLq38lUr2RpB2","baseKeyType":1,"closed":-1,"used":1721196568674,"created":1721196568674,"remoteIdentityKey":"BQkMSUHE2Bqunato4Hh0qH6HwuMsPMQszURKJLBob7AN"},"_chains":{"BVVxOinhFmfqgkDPwUVKBuP5PQsS1adJbFX3ZATXK7pJ":{"chainKey":{"counter":9,"key":"Ey8gUAjgGZkKFfW1RfaRvnhK4YZ6ipcxyWv5JnBCRII="},"chainType":1,"messageKeys":{}}},"pendingPreKey":{"signedKeyId":5,"baseKey":"BV/lsmtXl44R+HkoPicMCs0ELqzarqlaLq38lUr2RpB2","preKeyId":5911573}}},"version":"v1"}