{"_sessions":{"BbLp882zlgdAXd9Q/vlHfCyl6kp+LvrEh/Go3+TUuIN8":{"registrationId":3830,"currentRatchet":{"ephemeralKeyPair":{"pubKey":"BeGkGYyGJMq3xXruARgHOyD0X2s04V4x8QtLtC+Qho5w","privKey":"eFxiiSD4dno2HeX1fqYNxLRKckziBmL2SQ3Ztu53Ok4="},"lastRemoteEphemeralKey":"BaIWwhvJ+Kg8i/vIcY9OAz0DEqNGCjUeUdtk+4v8nIF2","previousCounter":0,"rootKey":"Hbu8ZxQ0r+e9ih5w6m4Yy31CPwH7yi1Ka3DT6SPnN1Y="},"indexInfo":{"baseKey":"BbLp882zlgdAXd9Q/vlHfCyl6kp+LvrEh/Go3+TUuIN8","baseKeyType":1,"closed":-1,"used":1721227116343,"created":1721227116343,"remoteIdentityKey":"BY5o4tcf3xTQ5JhZZe9hU/bk2aesb7ULZanwen4u7RdH"},"_chains":{"BeGkGYyGJMq3xXruARgHOyD0X2s04V4x8QtLtC+Qho5w":{"chainKey":{"counter":0,"key":"G/jzwajLbr4sbB9JOJbl+pLsG/xpMbjy/Sv6ha2RQxM="},"chainType":1,"messageKeys":{}}},"pendingPreKey":{"signedKeyId":1,"baseKey":"BbLp882zlgdAXd9Q/vlHfCyl6kp+LvrEh/Go3+TUuIN8"}}},"version":"v1"}