{"_sessions":{"BZHj8maBUKGGaUeCWXlNnE7R5GNkLermx+ytyiMXtNBu":{"registrationId":695,"currentRatchet":{"ephemeralKeyPair":{"pubKey":"BYLqIFGoJAiv6HWWFyBpArGC8YmwtSKM2F8FOJd5P1IG","privKey":"CLvdg4EYPAKu//Zek10I7JWApf84NfL1yhVtgpdKo2w="},"lastRemoteEphemeralKey":"BRHNVOWMV4C3AuHIYXwy9aGJCtGcF3SiAOnTnj03JqMR","previousCounter":0,"rootKey":"8KHWgJ8i9RHwdevEP69NFei0GKBL/r+CneY1v/q3xVk="},"indexInfo":{"baseKey":"BZHj8maBUKGGaUeCWXlNnE7R5GNkLermx+ytyiMXtNBu","baseKeyType":1,"closed":-1,"used":1721227115945,"created":1721227115945,"remoteIdentityKey":"BUio2C6f33L/e+xT8kPsU3fM1qvJnJQpBKp1lzzz4wtv"},"_chains":{"BYLqIFGoJAiv6HWWFyBpArGC8YmwtSKM2F8FOJd5P1IG":{"chainKey":{"counter":0,"key":"1Mt7O+QHQtEy/NUoaYyaq7byL8rZJ/zpw3HFTiXuBgQ="},"chainType":1,"messageKeys":{}}},"pendingPreKey":{"signedKeyId":1,"baseKey":"BZHj8maBUKGGaUeCWXlNnE7R5GNkLermx+ytyiMXtNBu","preKeyId":1655}}},"version":"v1"}