{"_sessions":{"BakDT+8iPyOYcRDq0eIBjvD5mBqw7m+JzfkjTZFZotUM":{"registrationId":564365730,"currentRatchet":{"ephemeralKeyPair":{"pubKey":"BZOJJP5bj2SqtP+3OwLXeL4ZnvBI6TonAgPl/Q8J2QRM","privKey":"eKavZZQ/NEH4ZQDQskLr5XRmrwg5zJmfgvX5IyEGUUY="},"lastRemoteEphemeralKey":"BWaJ8emWv34mcqzmPwONa7/hjn6PLzX2vHsXBliyHwc7","previousCounter":0,"rootKey":"V6QIlsPggPmoF/NVq0un+8Ym64aWUQkvaYJHXu1WvCc="},"indexInfo":{"baseKey":"BakDT+8iPyOYcRDq0eIBjvD5mBqw7m+JzfkjTZFZotUM","baseKeyType":1,"closed":-1,"used":1721196568749,"created":1721196568749,"remoteIdentityKey":"BVk7SZHrF6srr6EMUKZ7Ql+I2bgUejeTttm1Pmw88IlI"},"_chains":{"BZOJJP5bj2SqtP+3OwLXeL4ZnvBI6TonAgPl/Q8J2QRM":{"chainKey":{"counter":9,"key":"CDn23isGhirND4XrjMVrg57neFvQ9rxhnT8IPrqdsMc="},"chainType":1,"messageKeys":{}}},"pendingPreKey":{"signedKeyId":4,"baseKey":"BakDT+8iPyOYcRDq0eIBjvD5mBqw7m+JzfkjTZFZotUM","preKeyId":15562490}}},"version":"v1"}