{"_sessions":{"Bc6LRHkzdr0bQqK4Y4tdoL7HBrUT3uGACZdmKWswcPBf":{"registrationId":3481,"currentRatchet":{"ephemeralKeyPair":{"pubKey":"BYWqYsFsoHwxpt3hB5Ibcl7dokpoYr1mBlqvKC2Nt7BW","privKey":"GIcCBcMQHaqLEy19qLe5YTQuGKa3K1XuT8J+td+iUnY="},"lastRemoteEphemeralKey":"BXuMIWu744F/lPzJVY68g3UhNn4m6n2RdGJsnmYcVJZM","previousCounter":0,"rootKey":"604uhi9JhAAJvGiCoQdE5zRIsk2hsraVX/bDCpBuhok="},"indexInfo":{"baseKey":"Bc6LRHkzdr0bQqK4Y4tdoL7HBrUT3uGACZdmKWswcPBf","baseKeyType":1,"closed":-1,"used":1721227116318,"created":1721227116318,"remoteIdentityKey":"BZ3JanaQ21OojY7BxJXpRDWiMfmTzwPQS2umMFoGY0RY"},"_chains":{"BYWqYsFsoHwxpt3hB5Ibcl7dokpoYr1mBlqvKC2Nt7BW":{"chainKey":{"counter":0,"key":"DyIL/pAU+WJ0pDJ/Oi1xl9wWDwNUrdqnT1dFwLt1hkM="},"chainType":1,"messageKeys":{}}},"pendingPreKey":{"signedKeyId":1,"baseKey":"Bc6LRHkzdr0bQqK4Y4tdoL7HBrUT3uGACZdmKWswcPBf"}}},"version":"v1"}