{"_sessions":{"BeTBA1Q3iTDoJkV4++4HvzNc9ftBVGksnns8pSfb6W1H":{"registrationId":1336413508,"currentRatchet":{"ephemeralKeyPair":{"pubKey":"BXXlzx0tnIWHbl2ttbM6MvfMb8WELB6D4/39tKbV7pwl","privKey":"+OWa4P4pp9IEaWA4jB7VbxPH0JXG3PrH/NqJYLRwpV0="},"lastRemoteEphemeralKey":"BYTv+lV+EPevmko840Ld2CdBJ/I9wg1HoNqo1y+opy0e","previousCounter":0,"rootKey":"WEtvWotZIAoHtlMNnLGLcC8TrBkhisREb24Twq+UyCM="},"indexInfo":{"baseKey":"BeTBA1Q3iTDoJkV4++4HvzNc9ftBVGksnns8pSfb6W1H","baseKeyType":1,"closed":-1,"used":1721227117576,"created":1721227117576,"remoteIdentityKey":"BVDIJVOYr1JpIRsFC0jOWRkmyARb4whaZ8VNxZFY7Cxq"},"_chains":{"BXXlzx0tnIWHbl2ttbM6MvfMb8WELB6D4/39tKbV7pwl":{"chainKey":{"counter":0,"key":"Ko1Q4ehaHRLgDNfwrJRZtS9K8k/DRC5g4EIsEIL2ZcQ="},"chainType":1,"messageKeys":{}}},"pendingPreKey":{"signedKeyId":0,"baseKey":"BeTBA1Q3iTDoJkV4++4HvzNc9ftBVGksnns8pSfb6W1H","preKeyId":10597482}}},"version":"v1"}