{"_sessions":{"BfLnK3ofNzTBqGbpX+B0CdFxuzOySYcqRm7z1pMwhjER":{"registrationId":654451304,"currentRatchet":{"ephemeralKeyPair":{"pubKey":"BXNn6Oa8rba0vBZ6lcl4QaXWezpxD1Xosp5iA7d2D8E+","privKey":"aD/mAis/zVDP5subZfmh6v+e3ltKwxTwK67OIP7rXm8="},"lastRemoteEphemeralKey":"BW1bnvDUM34fjLozSmC9qdNAbrVrIfhKAoOiu8SN9VMJ","previousCounter":0,"rootKey":"mT3ja96aFCXeJnvm2WYoZvsACu58Au4TW+tNb5742y8="},"indexInfo":{"baseKey":"BfLnK3ofNzTBqGbpX+B0CdFxuzOySYcqRm7z1pMwhjER","baseKeyType":1,"closed":-1,"used":1721227116852,"created":1721227116852,"remoteIdentityKey":"BerCb33EWtAFWQ+aa+TVUrhlcn5SA/EJttlk9ea7VJt3"},"_chains":{"BXNn6Oa8rba0vBZ6lcl4QaXWezpxD1Xosp5iA7d2D8E+":{"chainKey":{"counter":0,"key":"5bbRUESBHGpuYR3OiLNTO9cPvNx5peCk2oYtwXnjuNI="},"chainType":1,"messageKeys":{}}},"pendingPreKey":{"signedKeyId":1,"baseKey":"BfLnK3ofNzTBqGbpX+B0CdFxuzOySYcqRm7z1pMwhjER"}}},"version":"v1"}