{"_sessions":{"BfO8mRrYgtGh1NQAbPAMMXgoQ/mYNARX+nO1NDH3OLN4":{"registrationId":2027633095,"currentRatchet":{"ephemeralKeyPair":{"pubKey":"BTUqomLPhErfwLfhzOrJkRntfvsBlNkUbBjfYz5qnU8D","privKey":"KIss5eD0dZwZR/fenfYZll9W5ilKY24nhfHHeCBS1Gk="},"lastRemoteEphemeralKey":"BV8ZkWo2ocGCZRD5ULRrySnOsqE8bQqMPDuLAmbDL651","previousCounter":0,"rootKey":"Fj5I7haK/GdlouliyyURbV/uOXAObQOHWsU+YHlKqbA="},"indexInfo":{"baseKey":"BfO8mRrYgtGh1NQAbPAMMXgoQ/mYNARX+nO1NDH3OLN4","baseKeyType":1,"closed":-1,"used":1721196568362,"created":1721196568362,"remoteIdentityKey":"BTmHXNA5uR6G/+UKNHOAsPr2W1OAHNhz1uJ6mui8H+5Z"},"_chains":{"BTUqomLPhErfwLfhzOrJkRntfvsBlNkUbBjfYz5qnU8D":{"chainKey":{"counter":9,"key":"4c8LmOzSC6HUbQyIwwB4ZewTvi4Ya1rVC8/pPejfh1w="},"chainType":1,"messageKeys":{}}},"pendingPreKey":{"signedKeyId":4,"baseKey":"BfO8mRrYgtGh1NQAbPAMMXgoQ/mYNARX+nO1NDH3OLN4","preKeyId":13963634}}},"version":"v1"}