{"_sessions":{"BRZOhPZUNBj4x+9CoLc4QrGtbAbgYnMEUtkrilSZRzdO":{"registrationId":148,"currentRatchet":{"ephemeralKeyPair":{"pubKey":"Bft+++iqonTCCo3fogmmolxT90EdSIjsv9cE/CAopnsU","privKey":"SIrkdWFrBaIRQkbwkrH0NOsmbIUS6b60IiLu/FhgklA="},"lastRemoteEphemeralKey":"BYIsyQ6BfyhupQk/qhIWAG5RkItSnKM/ZjhYC7TK281R","previousCounter":0,"rootKey":"mBb3oyvJ7XDDEcnDxg9XeaF5b74XHF1oawAeD5zSXvI="},"indexInfo":{"baseKey":"BRZOhPZUNBj4x+9CoLc4QrGtbAbgYnMEUtkrilSZRzdO","baseKeyType":1,"closed":1721227176709,"used":1721227175115,"created":1721227175115,"remoteIdentityKey":"BcnYU6DNJg+vLJdEo3+JEwBCjjGAorNB65Or/wg1b713"},"_chains":{"Bft+++iqonTCCo3fogmmolxT90EdSIjsv9cE/CAopnsU":{"chainKey":{"counter":-1,"key":"lhyMEOX/y1lyqH0ak/6Zig0SgYEpvpNGNVdaeIwSBnE="},"chainType":1,"messageKeys":{}}},"pendingPreKey":{"signedKeyId":1,"baseKey":"BRZOhPZUNBj4x+9CoLc4QrGtbAbgYnMEUtkrilSZRzdO"}},"BZT3ldywV7VpBM3xYaA/DoGGIc5SPdxYhkjlrVZeNoRL":{"registrationId":148,"currentRatchet":{"ephemeralKeyPair":{"pubKey":"BTNtL6PrehWyf8Q7n2xt/1/7fbHm5XFtWhgZkJbBxjkw","privKey":"SG5hP7oMC0X0AgVgJs3xWXZHNbDqv1RMybuDDOB8bnY="},"lastRemoteEphemeralKey":"BYIsyQ6BfyhupQk/qhIWAG5RkItSnKM/ZjhYC7TK281R","previousCounter":0,"rootKey":"BO5Mzm8O6vtv6bL3KkbzMcaK464gInSvY3+qpHzEYlg="},"indexInfo":{"baseKey":"BZT3ldywV7VpBM3xYaA/DoGGIc5SPdxYhkjlrVZeNoRL","baseKeyType":1,"closed":-1,"used":1721227176707,"created":1721227176707,"remoteIdentityKey":"BcnYU6DNJg+vLJdEo3+JEwBCjjGAorNB65Or/wg1b713"},"_chains":{"BTNtL6PrehWyf8Q7n2xt/1/7fbHm5XFtWhgZkJbBxjkw":{"chainKey":{"counter":1,"key":"pDJxHeVCGtBh/hrOs4TRlz32npSj94US+R9zg78ooj0="},"chainType":1,"messageKeys":{}}},"pendingPreKey":{"signedKeyId":1,"baseKey":"BZT3ldywV7VpBM3xYaA/DoGGIc5SPdxYhkjlrVZeNoRL"}}},"version":"v1"}