{"_sessions":{"BWpIjiHL0/Bd6+QEr6XfP3yf+3CfWp9relu9ZF5Kv1AU":{"registrationId":968486793,"currentRatchet":{"ephemeralKeyPair":{"pubKey":"BXDgI2Gd4sUEF4YG9LDaQeLHBf8uvytZnsqASlYXMD9e","privKey":"8Ihsy/kTXecy2fZkRMh0DK2bhRIwu1ptp8m14+rEoU8="},"lastRemoteEphemeralKey":"BcjBXk+QaEn28/2uI1VXGYcmr69H2o1xkhG4uEPlGD0l","previousCounter":0,"rootKey":"IPCPVA+F3cG6dBwsu5NsyBoy9GLO2J91yhBmNVn2zPw="},"indexInfo":{"baseKey":"BWpIjiHL0/Bd6+QEr6XfP3yf+3CfWp9relu9ZF5Kv1AU","baseKeyType":1,"closed":-1,"used":1721227116520,"created":1721227116520,"remoteIdentityKey":"Bc1TiP9DTzLQ+lze5BKs+WlCOvqEI7uu+aEuJN0kFmFV"},"_chains":{"BXDgI2Gd4sUEF4YG9LDaQeLHBf8uvytZnsqASlYXMD9e":{"chainKey":{"counter":0,"key":"SaeXq6UIONvG8c8DDQdnmPQwTCWMwwh6f2uTaG9Wrg8="},"chainType":1,"messageKeys":{}}},"pendingPreKey":{"signedKeyId":25,"baseKey":"BWpIjiHL0/Bd6+QEr6XfP3yf+3CfWp9relu9ZF5Kv1AU","preKeyId":3178752}}},"version":"v1"}