{"_sessions":{"BSDF5/MsHYPLJzWFxkTBYPt1V2xZe52+C4x/2kB1Jjt0":{"registrationId":9009,"currentRatchet":{"ephemeralKeyPair":{"pubKey":"Baj9PEs8+NaFIbTZ9XMaOUZkjATLc4MPjt1Uucv27vEv","privKey":"GFv6XIK9v8W+yjzQA6Dx/OqNrZIji+eQE9+Yl0kCX14="},"lastRemoteEphemeralKey":"BYkyTBPJyN+SD9ZORVK9H/Noo0tjgQ0aRG6ECyptir9A","previousCounter":0,"rootKey":"PveQ4WIXuVmb/h9gSmN8jH/BLaXBUZ/ZQIyIGi/98VM="},"indexInfo":{"baseKey":"BSDF5/MsHYPLJzWFxkTBYPt1V2xZe52+C4x/2kB1Jjt0","baseKeyType":1,"closed":-1,"used":1721227115728,"created":1721227115728,"remoteIdentityKey":"BV6NlofoVI4IM1hvDhS3QD2S08L3buSN6/pkrY5VFjph"},"_chains":{"Baj9PEs8+NaFIbTZ9XMaOUZkjATLc4MPjt1Uucv27vEv":{"chainKey":{"counter":0,"key":"PcvGhVsggnQveyDGh6G1rqK8GMJq2KrutpKgnsd+tUE="},"chainType":1,"messageKeys":{}}},"pendingPreKey":{"signedKeyId":1,"baseKey":"BSDF5/MsHYPLJzWFxkTBYPt1V2xZe52+C4x/2kB1Jjt0"}}},"version":"v1"}