{"_sessions":{"BVW1XFnmtdX3ZV5GRSuisjDPMo1czm1Kpb/6ifg9KPkW":{"registrationId":299775163,"currentRatchet":{"ephemeralKeyPair":{"pubKey":"BT6QNUeLVVAhQDkxI8i2eUKRhOGs2WK6Y9+xJL6plZFG","privKey":"4IL5zMqXxmsX5v+uISAFGiRDlp9nBD97hUB4F6tN8HY="},"lastRemoteEphemeralKey":"BbVnBvhmdf0qq9aPzR7Gnom1OruilLtbEUOX08Br7iZY","previousCounter":0,"rootKey":"4YmW6g9YD5izSlmF2RWJwu0iXd0p031wK3eEK6m3ZAs="},"indexInfo":{"baseKey":"BVW1XFnmtdX3ZV5GRSuisjDPMo1czm1Kpb/6ifg9KPkW","baseKeyType":1,"closed":-1,"used":1721227116929,"created":1721227116929,"remoteIdentityKey":"BfaEegrZikXKI6wWRj02QgVBOfzlTD7L73+hGWNiU3Jw"},"_chains":{"BT6QNUeLVVAhQDkxI8i2eUKRhOGs2WK6Y9+xJL6plZFG":{"chainKey":{"counter":0,"key":"KvicySmnR+1G9pc4mLkpzn1RqIvFr+bmr2Kud3aDZko="},"chainType":1,"messageKeys":{}}},"pendingPreKey":{"signedKeyId":9,"baseKey":"BVW1XFnmtdX3ZV5GRSuisjDPMo1czm1Kpb/6ifg9KPkW","preKeyId":11975204}}},"version":"v1"}