{"_sessions":{"BVeXg9GGxkefNm2y5pdST1EeXw1wYy8+BFoiht77/0le":{"registrationId":1281513254,"currentRatchet":{"ephemeralKeyPair":{"pubKey":"BR2YeS1gmBG9n4JG4NibibUzISZxiSVBoMGNXRmpQZgt","privKey":"YL3bhpdsI7iGgVxriSZUaiz2GTG8XbOE7Un+vEp5gko="},"lastRemoteEphemeralKey":"BdadVV50xZ8HfKmZWr1g1oNloHgiFng48gP02NAtcXgL","previousCounter":0,"rootKey":"xUAG1HUUy15WGFBlGyM4BL3BBkjlBtd/B4eFtil+uvI="},"indexInfo":{"baseKey":"BVeXg9GGxkefNm2y5pdST1EeXw1wYy8+BFoiht77/0le","baseKeyType":1,"closed":-1,"used":1721227116943,"created":1721227116943,"remoteIdentityKey":"BXIAi4VIZEeH8hyN4y7x7NuX0EDX/z1+9EdDImGBCaMz"},"_chains":{"BR2YeS1gmBG9n4JG4NibibUzISZxiSVBoMGNXRmpQZgt":{"chainKey":{"counter":0,"key":"m2wMNwaDuUddtPDB/dO7XBPcNc5fA+ivRFe+kKD4/gk="},"chainType":1,"messageKeys":{}}},"pendingPreKey":{"signedKeyId":3,"baseKey":"BVeXg9GGxkefNm2y5pdST1EeXw1wYy8+BFoiht77/0le","preKeyId":10268983}}},"version":"v1"}