{"_sessions":{"BcqGsncs7DEYyZdSRqtFxMfsTMCBbnoc/4u7aXTZtM0q":{"registrationId":11224,"currentRatchet":{"ephemeralKeyPair":{"pubKey":"BWB+wnJpJKm8b8z5a39mb20RSRtljyQVSmS7mJ2iuCYg","privKey":"UHlA/Ce41l6OtfBubkFqOrd34QDq5L8S0ttBBSiyIWw="},"lastRemoteEphemeralKey":"BdzyiQtXOiF7JujZ+BdtECUvRm0sVp+zBr0mkWc1r2xy","previousCounter":0,"rootKey":"/3d/hDCQCy9RuMtI/ySopX7QHFRi74sj7DRXtoO5q5o="},"indexInfo":{"baseKey":"BcqGsncs7DEYyZdSRqtFxMfsTMCBbnoc/4u7aXTZtM0q","baseKeyType":1,"closed":-1,"used":1721227116047,"created":1721227116047,"remoteIdentityKey":"BUhr2ummO+lzaCkQBjm/i3ehGUVDF1UYX81BJcJyMEIC"},"_chains":{"BWB+wnJpJKm8b8z5a39mb20RSRtljyQVSmS7mJ2iuCYg":{"chainKey":{"counter":0,"key":"ervcXYyQGDf+j/YGOPM/Jf6h6pPrwMiJgFsiSHLiD6Y="},"chainType":1,"messageKeys":{}}},"pendingPreKey":{"signedKeyId":1,"baseKey":"BcqGsncs7DEYyZdSRqtFxMfsTMCBbnoc/4u7aXTZtM0q"}}},"version":"v1"}