{"_sessions":{"BexdLASoHQzFgfzHolc0zEGx1vPgDkLUeGfXa+xF6zw9":{"registrationId":1130882759,"currentRatchet":{"ephemeralKeyPair":{"pubKey":"BW/Pzyo8IYEv3Ov/9penI/v945pPecSngsjgPG73wtcS","privKey":"wF7BmU/AqhvBWmGayT81+G5354cdI2yRP27O3JgS+nM="},"lastRemoteEphemeralKey":"Ba4TgPQvWV0HYlJJe80N4RofOo806id+TP4poviYrWtq","previousCounter":0,"rootKey":"yJPUwuXuIJvHbe5z6DJfK4jUGd33M/jfG0nGjadO0Jk="},"indexInfo":{"baseKey":"BexdLASoHQzFgfzHolc0zEGx1vPgDkLUeGfXa+xF6zw9","baseKeyType":1,"closed":-1,"used":1721227116858,"created":1721227116858,"remoteIdentityKey":"BX8KKMZyan3re/dsparz5pngWdoYzJwOCtZgXXww7w4b"},"_chains":{"BW/Pzyo8IYEv3Ov/9penI/v945pPecSngsjgPG73wtcS":{"chainKey":{"counter":0,"key":"PaBlqDVosZKsJweK3mypQTAZGLOiZX6qwsZFfVrxVCw="},"chainType":1,"messageKeys":{}}},"pendingPreKey":{"signedKeyId":1,"baseKey":"BexdLASoHQzFgfzHolc0zEGx1vPgDkLUeGfXa+xF6zw9","preKeyId":333352}}},"version":"v1"}