{"_sessions":{"BbcEYaV+LdZYnRy4foVRPIdCeZWANNW0owykCmZgLUt8":{"registrationId":527694095,"currentRatchet":{"ephemeralKeyPair":{"pubKey":"BZGzAMLIh6aCDMLVQjhDASLiEID4HSDIWc9wblXWSSw3","privKey":"ECIZLnr9tQ063SaqL/s0YtStAnDhfaO4fXeQPtlwoko="},"lastRemoteEphemeralKey":"BVK9i9LmQrXamHVsf8Bic0Xp2Iu/mhp3DjAEmHqGfoIY","previousCounter":0,"rootKey":"zqbQqBtGv9a6wGf0RZuJTLb/577wL0qkQVLcYWcoYYE="},"indexInfo":{"baseKey":"BbcEYaV+LdZYnRy4foVRPIdCeZWANNW0owykCmZgLUt8","baseKeyType":1,"closed":-1,"used":1721227117561,"created":1721227117561,"remoteIdentityKey":"BWgecaTM07ECwbJjHZ4/zHlYxHxr0ZYqVQQdp6LpkOtb"},"_chains":{"BZGzAMLIh6aCDMLVQjhDASLiEID4HSDIWc9wblXWSSw3":{"chainKey":{"counter":0,"key":"Ij3OrBNWWbFAWFLMsUJ1DkXAItXIZfA4bY2BWzo3FZ8="},"chainType":1,"messageKeys":{}}},"pendingPreKey":{"signedKeyId":4,"baseKey":"BbcEYaV+LdZYnRy4foVRPIdCeZWANNW0owykCmZgLUt8","preKeyId":1529927}}},"version":"v1"}