{"_sessions":{"Bd9JCZlwAd1RScJw8xx3r8QETtDU5eN9TUP2Fx9Wa71I":{"registrationId":1746231100,"currentRatchet":{"ephemeralKeyPair":{"pubKey":"BQkPrn1hVKIwIpjU2bzAiUOS2Dvkp25ZnICajjkHTxti","privKey":"wHw8f1gMPxLoYi/YYKU2zPecrChEvUgmXBYjl4q09Vc="},"lastRemoteEphemeralKey":"BdYZk4dQ1vpRy0t7FGeIq4iFASu1TOYaKWEnmDPTgq93","previousCounter":0,"rootKey":"l5Kf9oOJNIh6ABm4WCzmI4g9IjXuFdAFoh7hulzhspY="},"indexInfo":{"baseKey":"Bd9JCZlwAd1RScJw8xx3r8QETtDU5eN9TUP2Fx9Wa71I","baseKeyType":1,"closed":-1,"used":1721196568420,"created":1721196568420,"remoteIdentityKey":"BcRsqaYiyfZ29tGHDAeGhss2DtQLY6CRU5nZfafWTXQf"},"_chains":{"BQkPrn1hVKIwIpjU2bzAiUOS2Dvkp25ZnICajjkHTxti":{"chainKey":{"counter":9,"key":"uSd289IpPD/BnJ0Eqzue8u3ecSR2Vrwarg1OujqNZL4="},"chainType":1,"messageKeys":{}}},"pendingPreKey":{"signedKeyId":1,"baseKey":"Bd9JCZlwAd1RScJw8xx3r8QETtDU5eN9TUP2Fx9Wa71I","preKeyId":7172221}}},"version":"v1"}