{"_sessions":{"Be7kyPATegHbeQka0Tu7YcrS3oKtxRiWTCWS6AI9myNf":{"registrationId":19459998,"currentRatchet":{"ephemeralKeyPair":{"pubKey":"BV73I4ODeXAGjLjabRZT6o6GXcEZcS2u9TFoesXUG45t","privKey":"cNSdTXV7XBp8QAe8oJnPT42/qQ487+EfaC3Mazrwh0s="},"lastRemoteEphemeralKey":"BdBJptfLFTYcVfkU9mcPLP+fl0ivnDAw/AF+/0DWJztv","previousCounter":0,"rootKey":"B+9POgIbKdQl0sSVMLNZQAxwoe5c323Y8dJ6LnEMxKw="},"indexInfo":{"baseKey":"Be7kyPATegHbeQka0Tu7YcrS3oKtxRiWTCWS6AI9myNf","baseKeyType":1,"closed":-1,"used":1721196568918,"created":1721196568918,"remoteIdentityKey":"BWacMUd4n9P3rvuQUraDwNaIuPmOkaI3aMZDrVx95dVg"},"_chains":{"BV73I4ODeXAGjLjabRZT6o6GXcEZcS2u9TFoesXUG45t":{"chainKey":{"counter":9,"key":"NSg8EEW8PVvy5520qpJzds7dLphE6mLbTa5tV0tPahc="},"chainType":1,"messageKeys":{}}},"pendingPreKey":{"signedKeyId":2,"baseKey":"Be7kyPATegHbeQka0Tu7YcrS3oKtxRiWTCWS6AI9myNf","preKeyId":12734732}}},"version":"v1"}