{"_sessions":{"BS/8kzxHqR+/lfKDXYxGsb524SAn/lo4wOeQ9lQIT+US":{"registrationId":592033608,"currentRatchet":{"ephemeralKeyPair":{"pubKey":"BatRv5hYTJ2hX6ktSjOYAI8lJOD829NBb8m9u8mjJU4c","privKey":"SJrt5C5mKXXwUdIqY6Zf9xUL+n0xmNRUo++d5dS3imw="},"lastRemoteEphemeralKey":"BYdcqFda9oZEo4Qhbg00QxTP7yZpqDyjHZLupckgMq42","previousCounter":0,"rootKey":"HoFytpesHZ7isd7A2aeOxsJX2BQwwvLpr0n+eDuSy0s="},"indexInfo":{"baseKey":"BS/8kzxHqR+/lfKDXYxGsb524SAn/lo4wOeQ9lQIT+US","baseKeyType":1,"closed":-1,"used":1721196568590,"created":1721196568590,"remoteIdentityKey":"BeY9roiZmMCCo+2JXmEVINNL/hBg6qzmTiP52b8l4GAv"},"_chains":{"BatRv5hYTJ2hX6ktSjOYAI8lJOD829NBb8m9u8mjJU4c":{"chainKey":{"counter":9,"key":"TkZ56Gdtu7fttAThXsyPUtagO+CWB71a6bWtwBJBLWw="},"chainType":1,"messageKeys":{}}},"pendingPreKey":{"signedKeyId":1,"baseKey":"BS/8kzxHqR+/lfKDXYxGsb524SAn/lo4wOeQ9lQIT+US","preKeyId":13048891}}},"version":"v1"}