{"_sessions":{"BSZJRVHmtW5+qb+xT05usAQEyzFw34otZu/gGG47bRBW":{"registrationId":6139,"currentRatchet":{"ephemeralKeyPair":{"pubKey":"BS0gmuow/PibCF3wJ7aPpMI/Y0O8gX6tH9vfuNwvlN0e","privKey":"uDkmoyaVz4vEaDnM77pmElQZKqYQAVapP6GYGicTOVY="},"lastRemoteEphemeralKey":"BfcY25rdKyd6PP9PPTxMiPVamClqHRc3SD8Fe29hRltH","previousCounter":0,"rootKey":"iswHC5HkEun1ZGkqBwA62P3zlVGVOSHmbNgo7W2Vv2c="},"indexInfo":{"baseKey":"BSZJRVHmtW5+qb+xT05usAQEyzFw34otZu/gGG47bRBW","baseKeyType":1,"closed":1721227176807,"used":1721227175132,"created":1721227175132,"remoteIdentityKey":"Bf928SachyvaQp6kMWiIkTmOqMNDxj3sAoot687Z9Yha"},"_chains":{"BS0gmuow/PibCF3wJ7aPpMI/Y0O8gX6tH9vfuNwvlN0e":{"chainKey":{"counter":-1,"key":"EweCStIEO3G/sCgxNKSTbblzCrjF53VwGCmscIUv6VU="},"chainType":1,"messageKeys":{}}},"pendingPreKey":{"signedKeyId":1,"baseKey":"BSZJRVHmtW5+qb+xT05usAQEyzFw34otZu/gGG47bRBW"}},"BfBpj31Y183I5lW25+9PQanN4FHVQbeTV0sPiJmjIt8o":{"registrationId":6139,"currentRatchet":{"ephemeralKeyPair":{"pubKey":"BQgfLGZQRFWCqhf5dIaRpiEK0bv5AP6XvtvRHYuQzYQS","privKey":"qHa40TPo/jkcwxRFmx01DW0RRKYey7myRqkSiif1KH4="},"lastRemoteEphemeralKey":"BfcY25rdKyd6PP9PPTxMiPVamClqHRc3SD8Fe29hRltH","previousCounter":0,"rootKey":"Y+FevK5kOUA9mMIL1yNoDwb8JHeFJpnmZE0tBdYEe3E="},"indexInfo":{"baseKey":"BfBpj31Y183I5lW25+9PQanN4FHVQbeTV0sPiJmjIt8o","baseKeyType":1,"closed":-1,"used":1721227176805,"created":1721227176805,"remoteIdentityKey":"Bf928SachyvaQp6kMWiIkTmOqMNDxj3sAoot687Z9Yha"},"_chains":{"BQgfLGZQRFWCqhf5dIaRpiEK0bv5AP6XvtvRHYuQzYQS":{"chainKey":{"counter":1,"key":"4WET8w7bNxClp99QBraf+fN9GBuzLqErl2YN3LbP0y4="},"chainType":1,"messageKeys":{}}},"pendingPreKey":{"signedKeyId":1,"baseKey":"BfBpj31Y183I5lW25+9PQanN4FHVQbeTV0sPiJmjIt8o"}}},"version":"v1"}