{"_sessions":{"BaiDcrE+IIVoyHxb0KOtjWOT6bcUoeluyVmJbls0SgwV":{"registrationId":1837803003,"currentRatchet":{"ephemeralKeyPair":{"pubKey":"BZodJDcZRN9tioOPzlyInyx5bLUxBSDBGWLSbCiMWU4M","privKey":"+C8pHB41jKY57n1Dd7IwyZLHMcGTo/n/C6SopY+3jlY="},"lastRemoteEphemeralKey":"BSaYm2jUSuA+Gy3ZnvKdYchblb0ML1UdxkrzO+h4wD0N","previousCounter":0,"rootKey":"R8gshsXv0WNQ8CfdhEwYIfy8VHvHHC1Oi2LscupcoBE="},"indexInfo":{"baseKey":"BaiDcrE+IIVoyHxb0KOtjWOT6bcUoeluyVmJbls0SgwV","baseKeyType":1,"closed":-1,"used":1721227117343,"created":1721227117343,"remoteIdentityKey":"BZCTVUtvLw2+pMC48wx3s3fHSZmYitbQ1gwalS5t2G4r"},"_chains":{"BZodJDcZRN9tioOPzlyInyx5bLUxBSDBGWLSbCiMWU4M":{"chainKey":{"counter":0,"key":"4FJ1D5v+ySyLheRBb1qt89Eevi6IeZ6Tan7Z9RZplC4="},"chainType":1,"messageKeys":{}}},"pendingPreKey":{"signedKeyId":0,"baseKey":"BaiDcrE+IIVoyHxb0KOtjWOT6bcUoeluyVmJbls0SgwV"}}},"version":"v1"}