{"_sessions":{"Ba6t1SaXQaOjl3BfT1OMhZAc7jkVyCncy3Im58Vg8CRf":{"registrationId":1056375406,"currentRatchet":{"ephemeralKeyPair":{"pubKey":"BRhY4ERhs3WKAY+5LNEZOgKuoKMobDfRcnPdQam7YvNK","privKey":"IOMDBZuh7KHKZjNScW6bUyqhfOh8WKB4mqW8kVtksEM="},"lastRemoteEphemeralKey":"BXLriQM1uDPmNBY7mqx3kvZxssYpgEUQKdgbSo7gVgAP","previousCounter":0,"rootKey":"P7Fotrv9kOF6MtX1FFP7yDZ0v9ow7AWNHG8LuIERTWU="},"indexInfo":{"baseKey":"Ba6t1SaXQaOjl3BfT1OMhZAc7jkVyCncy3Im58Vg8CRf","baseKeyType":1,"closed":-1,"used":1721227117258,"created":1721227117258,"remoteIdentityKey":"BavD9JJ+WawMWzxu0SF0rdWYnnzW3UTo9Nl7jpqTQq4I"},"_chains":{"BRhY4ERhs3WKAY+5LNEZOgKuoKMobDfRcnPdQam7YvNK":{"chainKey":{"counter":0,"key":"3vks01kreRiZ2IUvMLpRdiXamnZ/WKUYz4414jQiK+Q="},"chainType":1,"messageKeys":{}}},"pendingPreKey":{"signedKeyId":1,"baseKey":"Ba6t1SaXQaOjl3BfT1OMhZAc7jkVyCncy3Im58Vg8CRf"}}},"version":"v1"}