{"_sessions":{"Bba0nvWOsZ9FO07HEUaaaCiIptYlw5l0fJ8fG6PNRzZd":{"registrationId":1086266104,"currentRatchet":{"ephemeralKeyPair":{"pubKey":"BWu2IqxpNDC/+eWDSLcHKaq9lG21yRhcblmQxFBbtAkx","privKey":"SMGgC0gNrxiStyjdeZroIlT3nV4F2KlIr0sSBu9CMmE="},"lastRemoteEphemeralKey":"Be7bjNRV0OgJrs8NHx7m57Y05eKpenxtdxKGwDXqy5wo","previousCounter":0,"rootKey":"lr7FQWaBkb1YQstOEfrDFsFAwlTaxCz3taEdVJXb2Wk="},"indexInfo":{"baseKey":"Bba0nvWOsZ9FO07HEUaaaCiIptYlw5l0fJ8fG6PNRzZd","baseKeyType":1,"closed":-1,"used":1721227116938,"created":1721227116938,"remoteIdentityKey":"BUYCSybKlnFPaya8NS+OQrvI2kVKrP8Qf9/xGtJJI105"},"_chains":{"BWu2IqxpNDC/+eWDSLcHKaq9lG21yRhcblmQxFBbtAkx":{"chainKey":{"counter":0,"key":"MYokvlMVnNFn2OH8dPtB4V/rXfm+TibrT4BMFtX3IyA="},"chainType":1,"messageKeys":{}}},"pendingPreKey":{"signedKeyId":6,"baseKey":"Bba0nvWOsZ9FO07HEUaaaCiIptYlw5l0fJ8fG6PNRzZd","preKeyId":16026047}}},"version":"v1"}