{"_sessions":{"BWq5yDGwhvtBipMm7/LHBb+0pQ5bR1ybDB0w1K/df1JW":{"registrationId":88,"currentRatchet":{"ephemeralKeyPair":{"pubKey":"BWp1HndjbMmMejX7v1c6BsMDXXzUhOyJt/O1H3p4QPYG","privKey":"CKCody35IjCgdU1+PrtCb92byKXpg13XWk6NkQBwHms="},"lastRemoteEphemeralKey":"Bb24MRUgA8ng7le1LA7BUTY5fH8wRPfyIXHDZVXwHswE","previousCounter":8,"rootKey":"UVpwku6Jd4so4Rb2z0WP+9q8w0ObTXkcp+dZsJmAuPo="},"indexInfo":{"baseKey":"BWq5yDGwhvtBipMm7/LHBb+0pQ5bR1ybDB0w1K/df1JW","baseKeyType":1,"closed":-1,"used":1721196917373,"created":1721196568239,"remoteIdentityKey":"BVGgOndZINdGstYFsQ2oa8d1gifmJGQLExWJ8RmEfDF7"},"_chains":{"BYcBa0RgcVgalzXAegG9Q/TkWLsOawsFXD0TFnIizi1w":{"chainKey":{"counter":0},"chainType":2,"messageKeys":{}},"Bb24MRUgA8ng7le1LA7BUTY5fH8wRPfyIXHDZVXwHswE":{"chainKey":{"counter":0,"key":"0589EyCGIO8q2i7XvjUvkk/HVlJqFNRCO/fJc+LkgpE="},"chainType":2,"messageKeys":{}},"BWp1HndjbMmMejX7v1c6BsMDXXzUhOyJt/O1H3p4QPYG":{"chainKey":{"counter":-1,"key":"bvgnl8xwFY5vKTE4tBWyf5iIgdkkgWPYfm7eR9tW89Y="},"chainType":1,"messageKeys":{}}}}},"version":"v1"}