{"_sessions":{"BYrpBd8yxHciIAu4eYsTxmuH3U3bfeeRNHmPLWalsml8":{"registrationId":766544105,"currentRatchet":{"ephemeralKeyPair":{"pubKey":"BfUiENtCdE4jURLs2Gun4Op5cotRim9dwGqNLm6SJEkW","privKey":"OAyv8wLGlaTZnFTmwLnTt7ccg4VqzQy02bh0lj+ADUA="},"lastRemoteEphemeralKey":"BbSQv/OeBzcG0xQJOZTxxxZCBZM2XRe/Lj6o/IYWk8o2","previousCounter":0,"rootKey":"xgJBkqSiCtzh3KmtXTQGvmGH9RO1FLAplv6j5PlEWN8="},"indexInfo":{"baseKey":"BYrpBd8yxHciIAu4eYsTxmuH3U3bfeeRNHmPLWalsml8","baseKeyType":1,"closed":-1,"used":1721196568392,"created":1721196568392,"remoteIdentityKey":"BaPM+DrwXt/PPIi4TL8Z6xkb1m3hYVSFDEC2+Lh5avt7"},"_chains":{"BfUiENtCdE4jURLs2Gun4Op5cotRim9dwGqNLm6SJEkW":{"chainKey":{"counter":9,"key":"JipUjJGz/GvIYcWKQaa94y/xHdiPOtVGDeROLstnJq4="},"chainType":1,"messageKeys":{}}},"pendingPreKey":{"signedKeyId":4,"baseKey":"BYrpBd8yxHciIAu4eYsTxmuH3U3bfeeRNHmPLWalsml8","preKeyId":11494186}}},"version":"v1"}