{"_sessions":{"BRffpyhxyJcVYp4Y9qT0QcLHNEnm3cMvTXIoQoqeH2lR":{"registrationId":177494403,"currentRatchet":{"ephemeralKeyPair":{"pubKey":"BfRGNvcdF956QoYDPYGOVF+92kfPcNxT5/LwuD6eBY0Z","privKey":"QAGhELFwx7SiDNTbKffN4xyy1vVcsfBmwlb81XRig30="},"lastRemoteEphemeralKey":"BdB3E0mZxMJdvGTQ1g3mggVCouFVpsMd76JyTtMMGuo4","previousCounter":0,"rootKey":"wLYvvuuKN38jJWwkNv/35ofmGLHHoVsDSORVqcsFlMs="},"indexInfo":{"baseKey":"BRffpyhxyJcVYp4Y9qT0QcLHNEnm3cMvTXIoQoqeH2lR","baseKeyType":1,"closed":-1,"used":1721227116832,"created":1721227116832,"remoteIdentityKey":"BchuQXB0I6kBzmTa8fDZg2axAf96ov8cLX2lGScMjTt7"},"_chains":{"BfRGNvcdF956QoYDPYGOVF+92kfPcNxT5/LwuD6eBY0Z":{"chainKey":{"counter":0,"key":"0RhFV712QwvNzNh+YDt2uzaXwLtEk+K7TdvuFODtLxI="},"chainType":1,"messageKeys":{}}},"pendingPreKey":{"signedKeyId":38,"baseKey":"BRffpyhxyJcVYp4Y9qT0QcLHNEnm3cMvTXIoQoqeH2lR","preKeyId":4372884}}},"version":"v1"}