{"_sessions":{"BQ7Fbwu+v86BDyCMWIRhi/HNnsSl/HvYXjwAMhE+fDcO":{"registrationId":1066503852,"currentRatchet":{"ephemeralKeyPair":{"pubKey":"BatghorsmU2iV5L4CaarT3uVD3LQpBOdw4+gkUUAOGMF","privKey":"UA5VVNpVPk3RZDbh0WoJroH7omnpn9yF3gAYtfDBCXY="},"lastRemoteEphemeralKey":"BVrS+G9gnH8dyiGb6TI6HFNZ5MBiq6r4Yel/5ytz/+gG","previousCounter":0,"rootKey":"XB7y/uhu31zxmkNatuD9hmMBTFl0DojyaLtIhOuujzE="},"indexInfo":{"baseKey":"BQ7Fbwu+v86BDyCMWIRhi/HNnsSl/HvYXjwAMhE+fDcO","baseKeyType":1,"closed":1721227177930,"used":1721227175561,"created":1721227175561,"remoteIdentityKey":"Bfq/ZBm6bVpcYC9NisXfNLpAeMA3mVhATv59r2DIU8Yc"},"_chains":{"BatghorsmU2iV5L4CaarT3uVD3LQpBOdw4+gkUUAOGMF":{"chainKey":{"counter":-1,"key":"J/dyhPG5zZ/v4e8djryeQX42wZaVmWq3VTFFsTRGYMU="},"chainType":1,"messageKeys":{}}},"pendingPreKey":{"signedKeyId":5,"baseKey":"BQ7Fbwu+v86BDyCMWIRhi/HNnsSl/HvYXjwAMhE+fDcO","preKeyId":550708}},"BWLFelrwlN6mlAl325J/mVaAhUu3+ZytNu/JSUn3wRcx":{"registrationId":1066503852,"currentRatchet":{"ephemeralKeyPair":{"pubKey":"BcFomH4i7Aplkv+ep85GcAq1pV+cjrMP1bYndDwaaKMT","privKey":"8PGGiOSbs775cUPCS5WneoE5yoHLfgGaLg19XGfs0Fs="},"lastRemoteEphemeralKey":"BVrS+G9gnH8dyiGb6TI6HFNZ5MBiq6r4Yel/5ytz/+gG","previousCounter":0,"rootKey":"LvAHTBwugR7T8J/p1Zw2sN4Nf9IWdQ6F26T6Rf4tzmQ="},"indexInfo":{"baseKey":"BWLFelrwlN6mlAl325J/mVaAhUu3+ZytNu/JSUn3wRcx","baseKeyType":1,"closed":-1,"used":1721227177929,"created":1721227177929,"remoteIdentityKey":"Bfq/ZBm6bVpcYC9NisXfNLpAeMA3mVhATv59r2DIU8Yc"},"_chains":{"BcFomH4i7Aplkv+ep85GcAq1pV+cjrMP1bYndDwaaKMT":{"chainKey":{"counter":1,"key":"S1+ZxVTX6NRVioPEmO06iqlv75OakF4aDJWwwfQSO2k="},"chainType":1,"messageKeys":{}}},"pendingPreKey":{"signedKeyId":5,"baseKey":"BWLFelrwlN6mlAl325J/mVaAhUu3+ZytNu/JSUn3wRcx","preKeyId":550696}}},"version":"v1"}