{"_sessions":{"BdLznZ8qGAoTXfmi2GFN/W1hWxkQ6ownq5Wwl/BDAiE2":{"registrationId":769889349,"currentRatchet":{"ephemeralKeyPair":{"pubKey":"BdYNo8KoP7FEVY2KuOBwLMtXwY/BizsdFnESBU6GzEYr","privKey":"6G/E8h+6v1SFyPmMLAaLA79Cp/4YL8G0oLWSqYfFA00="},"lastRemoteEphemeralKey":"BfrUZ5URwIaXagjMxRf1vr6r8NCZzIMLEWUmnQ5jq54g","previousCounter":0,"rootKey":"Pw901++zZBkqgbCCOwFFPCV27LlmCINO6v+VDrtlwRY="},"indexInfo":{"baseKey":"BdLznZ8qGAoTXfmi2GFN/W1hWxkQ6ownq5Wwl/BDAiE2","baseKeyType":1,"closed":1721227178684,"used":1721227175847,"created":1721227175847,"remoteIdentityKey":"BfqtYpezyRy6viyNO7ksht7HsWxfZ0cyTuNMYDry7PcX"},"_chains":{"BdYNo8KoP7FEVY2KuOBwLMtXwY/BizsdFnESBU6GzEYr":{"chainKey":{"counter":-1,"key":"C4MwHmm5O285rUqYAba55Pi3gij6Rdx3yBiGb5QmKm4="},"chainType":1,"messageKeys":{}}},"pendingPreKey":{"signedKeyId":8,"baseKey":"BdLznZ8qGAoTXfmi2GFN/W1hWxkQ6ownq5Wwl/BDAiE2","preKeyId":5423236}},"BfwlQ1XnMz9Uuk6FNIeib8TeHikYMxfZYIlLr4zh4Lts":{"registrationId":769889349,"currentRatchet":{"ephemeralKeyPair":{"pubKey":"Be7+Y2ALlnNSz3hFwq6hdi0tHnap89HFsw0pSjk1IZ4d","privKey":"mBKr21Nr/8ycB9PIg1sf4XIbkkK3wBLJ2dmnXjt+BU0="},"lastRemoteEphemeralKey":"BfrUZ5URwIaXagjMxRf1vr6r8NCZzIMLEWUmnQ5jq54g","previousCounter":0,"rootKey":"K+0AqYndxPOvaORB0cGKJSxTm7dx32pmKeVJKhibToU="},"indexInfo":{"baseKey":"BfwlQ1XnMz9Uuk6FNIeib8TeHikYMxfZYIlLr4zh4Lts","baseKeyType":1,"closed":-1,"used":1721227178682,"created":1721227178682,"remoteIdentityKey":"BfqtYpezyRy6viyNO7ksht7HsWxfZ0cyTuNMYDry7PcX"},"_chains":{"Be7+Y2ALlnNSz3hFwq6hdi0tHnap89HFsw0pSjk1IZ4d":{"chainKey":{"counter":1,"key":"Uq7lZdG1SEznKYi+o+Hzddaf7vqFAKU2F7iN+Jp4X/E="},"chainType":1,"messageKeys":{}}},"pendingPreKey":{"signedKeyId":8,"baseKey":"BfwlQ1XnMz9Uuk6FNIeib8TeHikYMxfZYIlLr4zh4Lts","preKeyId":5423048}}},"version":"v1"}