{"_sessions":{"BQqmttgYqwR17x5gqT1GuPwWvt90j4Q6j62h+iysIBkD":{"registrationId":667913245,"currentRatchet":{"ephemeralKeyPair":{"pubKey":"BQGrGusEFyiJ4hG7IqjDjgokGce7UiyqGKWaMbBTwUId","privKey":"mHIMSul5c1jzP5S/VSuvzH4Ajl5R7eWonZjoKN//BE8="},"lastRemoteEphemeralKey":"BbP0O3gsJra1XGHPqGRnjXdCWzikfKhSTznpVnGFPaIF","previousCounter":0,"rootKey":"hCLdHoI8IGFL6hCm5HH3Pi7MXl/AWqBxfrXn9yPBUa4="},"indexInfo":{"baseKey":"BQqmttgYqwR17x5gqT1GuPwWvt90j4Q6j62h+iysIBkD","baseKeyType":1,"closed":-1,"used":1721227116438,"created":1721227116438,"remoteIdentityKey":"BTuqmzYKOR0xtnvT55Yn9lQwmis+JCfobb+Sz37DvB1O"},"_chains":{"BQGrGusEFyiJ4hG7IqjDjgokGce7UiyqGKWaMbBTwUId":{"chainKey":{"counter":0,"key":"fkd+BVtHVO0allRFchfo69vDspU51MGuT3P5d3N7bKA="},"chainType":1,"messageKeys":{}}},"pendingPreKey":{"signedKeyId":5,"baseKey":"BQqmttgYqwR17x5gqT1GuPwWvt90j4Q6j62h+iysIBkD","preKeyId":8544297}}},"version":"v1"}