{"_sessions":{"BZ+uztE0a8TRLf4TUkXHJ5Czmv8C9/XbjdOKl5unZFhS":{"registrationId":1140987879,"currentRatchet":{"ephemeralKeyPair":{"pubKey":"BQD/dc1PN84DzAA+Izp6YrtWPs5LRVjbo/QzSkMZCJ0+","privKey":"mFHcigZ8tqZox842SksKjg9qFVacDXatWBKI6DisllU="},"lastRemoteEphemeralKey":"BSyp3hkIWt9KP50i9IQOtzcebs6Ch7ZraUITRBhX5x4p","previousCounter":0,"rootKey":"FkQa3woj9r860lz0+22hKFFp9UI0xaR1R6KQ8GFkEL4="},"indexInfo":{"baseKey":"BZ+uztE0a8TRLf4TUkXHJ5Czmv8C9/XbjdOKl5unZFhS","baseKeyType":1,"closed":-1,"used":1721196568731,"created":1721196568731,"remoteIdentityKey":"BajNmbSwKIt2LRBoFFwiIegHEUA0gDnX7GXU5HEmEota"},"_chains":{"BQD/dc1PN84DzAA+Izp6YrtWPs5LRVjbo/QzSkMZCJ0+":{"chainKey":{"counter":9,"key":"85xDGFDau9WC2SLulfkq0XdRl16seiIpEsav0kLV0sg="},"chainType":1,"messageKeys":{}}},"pendingPreKey":{"signedKeyId":1,"baseKey":"BZ+uztE0a8TRLf4TUkXHJ5Czmv8C9/XbjdOKl5unZFhS","preKeyId":7409336}}},"version":"v1"}