{"_sessions":{"BXuB/tuw0CsbapROAQ6jxo7p8P11JkhWfAEXSnrimvVX":{"registrationId":105121531,"currentRatchet":{"ephemeralKeyPair":{"pubKey":"BddsVnuk554mBzyFoMdMJb6QAuPV458hE053n5n/luEf","privKey":"AGD9KSzZZo08yFcvaDNYd23BUcsjv+a7xMpTqmThq1U="},"lastRemoteEphemeralKey":"Bf9XwvRhkiNVwLpqkmoqcxgvtn8xDANDUaU8VHIXPQN+","previousCounter":0,"rootKey":"6Kr0PK3FSq84ncQ6GD1iUaVrT79vhLGh6A82+OWrLes="},"indexInfo":{"baseKey":"BXuB/tuw0CsbapROAQ6jxo7p8P11JkhWfAEXSnrimvVX","baseKeyType":1,"closed":-1,"used":1721227117457,"created":1721227117457,"remoteIdentityKey":"BZ8hXZ6NPRmt5NG8x4i3LM6ppV6RwSryQS6CsJpPBYE/"},"_chains":{"BddsVnuk554mBzyFoMdMJb6QAuPV458hE053n5n/luEf":{"chainKey":{"counter":0,"key":"qW+vnZXjrfmMuzTejEgVFrOPbLyhYEGqUN64TCmtSJI="},"chainType":1,"messageKeys":{}}},"pendingPreKey":{"signedKeyId":1,"baseKey":"BXuB/tuw0CsbapROAQ6jxo7p8P11JkhWfAEXSnrimvVX","preKeyId":15443075}}},"version":"v1"}