{"_sessions":{"Ba4sRQyUtzbn2TjQkmJ7n6zgseWLm8kKtTzIeTCnrYQE":{"registrationId":607745345,"currentRatchet":{"ephemeralKeyPair":{"pubKey":"BcIRm+KS/cjseO8xlgGMUC13g9pkPjLdfq609K0NdBNX","privKey":"uM/ooCay7hfpRaz3hdJ0pL6YnFcY/ECWwFNk7nhzunA="},"lastRemoteEphemeralKey":"BVciFvpBlGOMjTjwAxM3YU+9N77OpHbbaa8XWjzqQT8B","previousCounter":0,"rootKey":"OniUHCgpE11O753OAD7Rh3tr9R4kI8fh+bGpc6sdDR4="},"indexInfo":{"baseKey":"Ba4sRQyUtzbn2TjQkmJ7n6zgseWLm8kKtTzIeTCnrYQE","baseKeyType":1,"closed":-1,"used":1721196568543,"created":1721196568543,"remoteIdentityKey":"BR+X6UZQJJ1C4AAHTEeIPr8YXzE19hiL/wA8uiD+mPQr"},"_chains":{"BcIRm+KS/cjseO8xlgGMUC13g9pkPjLdfq609K0NdBNX":{"chainKey":{"counter":9,"key":"kYOLC2Hgn9LXWEKgi05kYf5XQfSZSNe0fwUhrWXoY9U="},"chainType":1,"messageKeys":{}}},"pendingPreKey":{"signedKeyId":8,"baseKey":"Ba4sRQyUtzbn2TjQkmJ7n6zgseWLm8kKtTzIeTCnrYQE","preKeyId":9179437}}},"version":"v1"}