{"_sessions":{"BQtilPoTN5i6lZevjLa3Uh9Hz/WuRpX5Senq8gWchfBT":{"registrationId":46,"currentRatchet":{"ephemeralKeyPair":{"pubKey":"BVnmWO93IIuijoPEin4OxV4FNjEdGKnh3bTAlkEMzodQ","privKey":"IDjpbbjv7cN6e0RYrhgty6KtCYQoRQeZXxkeeiGM6Vk="},"lastRemoteEphemeralKey":"BTnyMa94xouDSRzOHCGaXLN/B6l49bNYsbnz5yDaRbcw","previousCounter":0,"rootKey":"NECWS7XWsKhICBhajJ79uGCX8bJm2L5coEiBt0DAnTw="},"indexInfo":{"baseKey":"BQtilPoTN5i6lZevjLa3Uh9Hz/WuRpX5Senq8gWchfBT","baseKeyType":1,"closed":-1,"used":1721196568320,"created":1721196568320,"remoteIdentityKey":"BUs/ZxvgR+mtDnHmYImQ4TshgpNwU8D4ENr6lYKrbuZC"},"_chains":{"BVnmWO93IIuijoPEin4OxV4FNjEdGKnh3bTAlkEMzodQ":{"chainKey":{"counter":9,"key":"dQADj2ieV+pUugcVmGUEzAr4+XYDV62q1AodQ7Wrnkg="},"chainType":1,"messageKeys":{}}},"pendingPreKey":{"signedKeyId":1,"baseKey":"BQtilPoTN5i6lZevjLa3Uh9Hz/WuRpX5Senq8gWchfBT"}}},"version":"v1"}