{"_sessions":{"BYF/hOaDsQzXTJV4RCFLxskhSPlBaOvb+ZfcrDPPLhIB":{"registrationId":115,"currentRatchet":{"ephemeralKeyPair":{"pubKey":"BRIg1mlsLSEAYvPraDCilAytBGPiG8qiuiIaq7Hs4GRz","privKey":"WPlNW3/VhJOhkwOdR5Zn+Pf9kjhRHndLyBLj3UQ8X0w="},"lastRemoteEphemeralKey":"BVfmSHO9hd2w/K16qwvF6H53t0AYocfqpyQpbI1A4g9G","previousCounter":0,"rootKey":"TQ3m3naP22CCEaAzB1TN4ZrPCAL6k8qXfMmcm8ddASk="},"indexInfo":{"baseKey":"BYF/hOaDsQzXTJV4RCFLxskhSPlBaOvb+ZfcrDPPLhIB","baseKeyType":1,"closed":1721227177781,"used":1721227175534,"created":1721227175534,"remoteIdentityKey":"BeONwdU0abxerSNSLFWn+rQJDZv5ybAMp1sjKyJYdQJZ"},"_chains":{"BRIg1mlsLSEAYvPraDCilAytBGPiG8qiuiIaq7Hs4GRz":{"chainKey":{"counter":-1,"key":"n3lpl9R2ZRxq8sW/TG0TNcngAtoT17333B8WTk9WDGE="},"chainType":1,"messageKeys":{}}},"pendingPreKey":{"signedKeyId":1,"baseKey":"BYF/hOaDsQzXTJV4RCFLxskhSPlBaOvb+ZfcrDPPLhIB","preKeyId":12}},"BWf5suu1+3L8v4AvFWjPKrr1QvmTORWZUldgodtmEzc1":{"registrationId":115,"currentRatchet":{"ephemeralKeyPair":{"pubKey":"BbikkPi4uaUT6/itzPxOgTzNtgCC1ax5/33qr085W+kj","privKey":"uA5uoHH2Osk+BX9eXFEwhdkpgVlrL20eLDqPAwN9tUI="},"lastRemoteEphemeralKey":"BXBGYrQOIiRaNdFDUdQiIQzPCPK7+i2tSONCqBsbqsEp","previousCounter":1,"rootKey":"Jo3PH0fGHLgPHkhzaxC/xVuSbCxtnlB6FA9q2dPUdnQ="},"indexInfo":{"baseKey":"BWf5suu1+3L8v4AvFWjPKrr1QvmTORWZUldgodtmEzc1","baseKeyType":1,"closed":-1,"used":1721227310745,"created":1721227177779,"remoteIdentityKey":"BeONwdU0abxerSNSLFWn+rQJDZv5ybAMp1sjKyJYdQJZ"},"_chains":{"BXBGYrQOIiRaNdFDUdQiIQzPCPK7+i2tSONCqBsbqsEp":{"chainKey":{"counter":3,"key":"8RoXPJPYLoJbasTn1zwcmkj1elPHst7CS+UV4DWp++Q="},"chainType":2,"messageKeys":{}},"BbikkPi4uaUT6/itzPxOgTzNtgCC1ax5/33qr085W+kj":{"chainKey":{"counter":-1,"key":"e18oAmXxoQZ1n6Cxie3nzRvSooh39UvOgcNfintx1+Y="},"chainType":1,"messageKeys":{}}}}},"version":"v1"}