{"_sessions":{"BTp8Qv3j4LysBQXH447oL0IDIMMODOLBj2NGwLZzKHhO":{"registrationId":956880427,"currentRatchet":{"ephemeralKeyPair":{"pubKey":"BfeCw6BSeE9UBY70tAApw07z6DxJgYC9LCA7WYbAA4xe","privKey":"6B94T8w4jw6qY8ErPSKXct9GdkpUi48J44C+vr6WOVY="},"lastRemoteEphemeralKey":"BVkRS3y1akpiqW5K/N7X0kqZxlVEVnlceTzLk9xrrfUv","previousCounter":0,"rootKey":"FWsgsSv0sOksWyVrI3waTonp0n7xMBNdr9+grPXsiBo="},"indexInfo":{"baseKey":"BTp8Qv3j4LysBQXH447oL0IDIMMODOLBj2NGwLZzKHhO","baseKeyType":1,"closed":1721227178111,"used":1721227175613,"created":1721227175613,"remoteIdentityKey":"BaRgvTztf8a2eE9dL65etFY1Jmi3MZAvLDJRd/5flGlI"},"_chains":{"BfeCw6BSeE9UBY70tAApw07z6DxJgYC9LCA7WYbAA4xe":{"chainKey":{"counter":-1,"key":"ScaV+WPPlAkxqb6ajs242qRGTIJJeh78pPief+RBCpU="},"chainType":1,"messageKeys":{}}},"pendingPreKey":{"signedKeyId":0,"baseKey":"BTp8Qv3j4LysBQXH447oL0IDIMMODOLBj2NGwLZzKHhO","preKeyId":6858383}},"BeN2VkDvFLQvexsuAjtPvWCr/jJIbDYG1OvI1aW0gd0y":{"registrationId":956880427,"currentRatchet":{"ephemeralKeyPair":{"pubKey":"BYNeMui/j+TUOuKjLONc0dNi6w8J2T0fWNLeU2DpxoMc","privKey":"OE1aOxSl37Nj9PHMBk680gGoqDoKNxjHrQhUKB3bQG8="},"lastRemoteEphemeralKey":"BVkRS3y1akpiqW5K/N7X0kqZxlVEVnlceTzLk9xrrfUv","previousCounter":0,"rootKey":"crkNJ/QxzoqUzxdd2b1vw6gmXrgUvpEwBocLvj0Jr68="},"indexInfo":{"baseKey":"BeN2VkDvFLQvexsuAjtPvWCr/jJIbDYG1OvI1aW0gd0y","baseKeyType":1,"closed":-1,"used":1721227178109,"created":1721227178109,"remoteIdentityKey":"BaRgvTztf8a2eE9dL65etFY1Jmi3MZAvLDJRd/5flGlI"},"_chains":{"BYNeMui/j+TUOuKjLONc0dNi6w8J2T0fWNLeU2DpxoMc":{"chainKey":{"counter":1,"key":"X9xmu3/JJgis0+xxl1cIeIhXDy+qpuhIyrbx3cStGtI="},"chainType":1,"messageKeys":{}}},"pendingPreKey":{"signedKeyId":0,"baseKey":"BeN2VkDvFLQvexsuAjtPvWCr/jJIbDYG1OvI1aW0gd0y","preKeyId":6858832}}},"version":"v1"}