{"_sessions":{"BSGrRXdkOXhlexxRBnW0q06hMhAZWilYhdtKw+oxkvZ/":{"registrationId":1604,"currentRatchet":{"ephemeralKeyPair":{"pubKey":"BV6LWlXlXWPBzRvmbjw8UiYXzBhi0rRpU4yY68p06N5k","privKey":"ABaQnG+PsDVvyTCjEJEExkWKAdzbXWlVPyiLqYzMVlw="},"lastRemoteEphemeralKey":"BZPOllgmLtNduVON6BTTXWCppS3URu2aVmTiF3aJFYEm","previousCounter":0,"rootKey":"50qJWnE/nRDVoxPH2sLtlVORyRYC7Aek9suO4Ww5HEM="},"indexInfo":{"baseKey":"BSGrRXdkOXhlexxRBnW0q06hMhAZWilYhdtKw+oxkvZ/","baseKeyType":1,"closed":-1,"used":1721227115664,"created":1721227115664,"remoteIdentityKey":"Be5AAINK3mNL8MbiW8ZJuCJ/s/sVvYxnWFTRt/XIFqIA"},"_chains":{"BV6LWlXlXWPBzRvmbjw8UiYXzBhi0rRpU4yY68p06N5k":{"chainKey":{"counter":0,"key":"z0B2nEpjlTCCJxeO9fzIaDtbPUk02+T0FXOanV1sjSY="},"chainType":1,"messageKeys":{}}},"pendingPreKey":{"signedKeyId":1,"baseKey":"BSGrRXdkOXhlexxRBnW0q06hMhAZWilYhdtKw+oxkvZ/"}}},"version":"v1"}