{"_sessions":{"Bb2g30w8J7POlYBqxKYF247uTRZzk8AgVl+msJKI9AB5":{"registrationId":2053498252,"currentRatchet":{"ephemeralKeyPair":{"pubKey":"BT4vPdP/AJ/1i3AhVX2WEfitZmyNnx5J9HZeV8MgBRYr","privKey":"KBdeEU+wATWqtsNu+xPyis8dqc694DroxD2kOnIFoUQ="},"lastRemoteEphemeralKey":"BTbDDLcGvf3/pPCBuVD2hrpaRNZkTldpvBK8lBZ4Sf1z","previousCounter":0,"rootKey":"M/v7YN3BhzYWWFZCmcpmDJmwvW2Tuko7GZPNCOwIZJM="},"indexInfo":{"baseKey":"Bb2g30w8J7POlYBqxKYF247uTRZzk8AgVl+msJKI9AB5","baseKeyType":1,"closed":-1,"used":1721196568584,"created":1721196568584,"remoteIdentityKey":"BZw3CNJisoDpbD6TSxm9wnMuFWWZsEP21Ota1kxPb20/"},"_chains":{"BT4vPdP/AJ/1i3AhVX2WEfitZmyNnx5J9HZeV8MgBRYr":{"chainKey":{"counter":9,"key":"rzT2UM+0z3L+GVV5vOho7Ec9Dsra2kNS3LHeJXrfZp0="},"chainType":1,"messageKeys":{}}},"pendingPreKey":{"signedKeyId":0,"baseKey":"Bb2g30w8J7POlYBqxKYF247uTRZzk8AgVl+msJKI9AB5","preKeyId":1737003}}},"version":"v1"}