{"_sessions":{"BbLBqR6Jqd0EkDDjdbSUjUdYz59tgf65yp44/XZRBYEc":{"registrationId":148,"currentRatchet":{"ephemeralKeyPair":{"pubKey":"BTZKH3xZ7Wg2wNOLFpop85AxkBlg5hSmfYaZ+/KqP/Ar","privKey":"sFItMsFrjDH7TdQjzc/TN3rkLptbNPyAFj6QDKkZUGY="},"lastRemoteEphemeralKey":"BYIsyQ6BfyhupQk/qhIWAG5RkItSnKM/ZjhYC7TK281R","previousCounter":0,"rootKey":"tW3swUIiHQa94ANqI2AB9RJYW1eD1KYp9osL7FnYZ4g="},"indexInfo":{"baseKey":"BbLBqR6Jqd0EkDDjdbSUjUdYz59tgf65yp44/XZRBYEc","baseKeyType":1,"closed":-1,"used":1721196568136,"created":1721196568136,"remoteIdentityKey":"BcnYU6DNJg+vLJdEo3+JEwBCjjGAorNB65Or/wg1b713"},"_chains":{"BTZKH3xZ7Wg2wNOLFpop85AxkBlg5hSmfYaZ+/KqP/Ar":{"chainKey":{"counter":9,"key":"GTPH1AO04l+3G7mtfeaL0CtEP0E6deL0pT2099Nr27s="},"chainType":1,"messageKeys":{}}},"pendingPreKey":{"signedKeyId":1,"baseKey":"BbLBqR6Jqd0EkDDjdbSUjUdYz59tgf65yp44/XZRBYEc"}}},"version":"v1"}