{"_sessions":{"BX6XaxzgKK/P0hDGxY4riUmfiwWEf+wYKSO+oh52gn8Y":{"registrationId":1727058876,"currentRatchet":{"ephemeralKeyPair":{"pubKey":"BXoB20R9/2BdQOx13Jtznx2FfJLWjGK0OJUID/qpnlYp","privKey":"CLaNDsH1J7RE1jfZ/JYSh8NFGWxhgA1HI6kBqlwbhmk="},"lastRemoteEphemeralKey":"BdhTOsfFbIWw23EV5DWGrH+seb9rC/OVlT8WTHs7axQg","previousCounter":0,"rootKey":"6eEGWo4DWFZAPbSjGO7KybZ9uVZYGGzsQVQv+dr+bTk="},"indexInfo":{"baseKey":"BX6XaxzgKK/P0hDGxY4riUmfiwWEf+wYKSO+oh52gn8Y","baseKeyType":1,"closed":-1,"used":1721196568852,"created":1721196568852,"remoteIdentityKey":"BS4SyQyLFNoROU2eYQxgRdKbMCkmmkmfrG5ZRfwoh24J"},"_chains":{"BXoB20R9/2BdQOx13Jtznx2FfJLWjGK0OJUID/qpnlYp":{"chainKey":{"counter":9,"key":"hHzBFAC4xZBqyhp0W7b5MegmXG3NJq7UnRpn0N+OKRE="},"chainType":1,"messageKeys":{}}},"pendingPreKey":{"signedKeyId":13,"baseKey":"BX6XaxzgKK/P0hDGxY4riUmfiwWEf+wYKSO+oh52gn8Y","preKeyId":14702268}}},"version":"v1"}