{"_sessions":{"BTSJrTyk1FqFchbhqcCfOdudPf9dANMBmHEbdNl3Mfwu":{"registrationId":583609870,"currentRatchet":{"ephemeralKeyPair":{"pubKey":"BQJSljt+5SBB/ZHXm9UFtUdSZAjdEmo0AMgmvPG6Wasw","privKey":"sA+jievt02puuHITab8IiXOxJQ7/v4k88daIkr5jSUM="},"lastRemoteEphemeralKey":"BQO7vR6VIqAgDI8pD5rTy6bpOKIXd5LUXVh9S1BuWhEt","previousCounter":0,"rootKey":"n7APY84JDAxEqSUuh4VC93UOhnfc06y+3bqUcnWfAnk="},"indexInfo":{"baseKey":"BTSJrTyk1FqFchbhqcCfOdudPf9dANMBmHEbdNl3Mfwu","baseKeyType":1,"closed":-1,"used":1721227117314,"created":1721227117314,"remoteIdentityKey":"BVPHOybZcoOVb/P2wIiVu7fYUqj5RoZwzMkrk3rnYiFB"},"_chains":{"BQJSljt+5SBB/ZHXm9UFtUdSZAjdEmo0AMgmvPG6Wasw":{"chainKey":{"counter":0,"key":"C1bk/j+bJy4ryMFkeTr8ovns8o8cOvt9tKWuNHwEKNU="},"chainType":1,"messageKeys":{}}},"pendingPreKey":{"signedKeyId":1,"baseKey":"BTSJrTyk1FqFchbhqcCfOdudPf9dANMBmHEbdNl3Mfwu","preKeyId":99547}}},"version":"v1"}