{"_sessions":{"BfEOAZsLt8X57PfZwvYPi4loIPQUrLdX/4TkSuHsJ7Io":{"registrationId":2122429628,"currentRatchet":{"ephemeralKeyPair":{"pubKey":"BX6cNTkrSXSTf0x4GASjdg+EL+evAOjkG/O3JaH0SRdN","privKey":"CHwo4RefdpHHcdUMvxhFZYeZsAhqr3A4nEhtlAO230o="},"lastRemoteEphemeralKey":"Bc/29lmc8rBz7ZQuuwEYsToNHTqUWp58NqFcxB+0liRa","previousCounter":0,"rootKey":"C5X3Eqbv77yjomsONde+0ApewmcddCZnJR7ccpHI00s="},"indexInfo":{"baseKey":"BfEOAZsLt8X57PfZwvYPi4loIPQUrLdX/4TkSuHsJ7Io","baseKeyType":1,"closed":-1,"used":1721196568713,"created":1721196568713,"remoteIdentityKey":"BT+0zTiPOWB0MvvYBE/IOOMtyAJOYAErGslgUZaUcKts"},"_chains":{"BX6cNTkrSXSTf0x4GASjdg+EL+evAOjkG/O3JaH0SRdN":{"chainKey":{"counter":9,"key":"d3gT88gQZ6QgDGBRX9xYZrjL7N7q1rwqimAGHyVPPKY="},"chainType":1,"messageKeys":{}}},"pendingPreKey":{"signedKeyId":7,"baseKey":"BfEOAZsLt8X57PfZwvYPi4loIPQUrLdX/4TkSuHsJ7Io","preKeyId":3915140}}},"version":"v1"}