{"_sessions":{"BZSUZVWSEgVkp6VS/C7t0RV+otrIQgCv8EikVxIeQ2tg":{"registrationId":1027595931,"currentRatchet":{"ephemeralKeyPair":{"pubKey":"Bf+P+sZpsccmQMrQUksIwzt6etytq5p+KIEAs3fkz84T","privKey":"uJRs86lPmFUbmkt6OJYu2Rylz7f4aeNKGhd6+XHOTVA="},"lastRemoteEphemeralKey":"Bcd9Ei/7v73tewEBkrzYYUOBW1TnIxE/fCAmp1YYqAAq","previousCounter":0,"rootKey":"NmfuT9AQu5jIPecVnQ6tr+vA1n30knKPfYFp0DBrSbU="},"indexInfo":{"baseKey":"BZSUZVWSEgVkp6VS/C7t0RV+otrIQgCv8EikVxIeQ2tg","baseKeyType":1,"closed":-1,"used":1721196568755,"created":1721196568755,"remoteIdentityKey":"BXCreeNn+kuFqBBfu0oeG+ZALB33lhtTNf3JGVEQlF1P"},"_chains":{"Bf+P+sZpsccmQMrQUksIwzt6etytq5p+KIEAs3fkz84T":{"chainKey":{"counter":9,"key":"4+RNwP1GBafoW+dOG0gKwOAQ+gt0M5d+fq8x2vY0kAo="},"chainType":1,"messageKeys":{}}},"pendingPreKey":{"signedKeyId":4,"baseKey":"BZSUZVWSEgVkp6VS/C7t0RV+otrIQgCv8EikVxIeQ2tg","preKeyId":6134130}}},"version":"v1"}