{"_sessions":{"BVrpNpw6pWcBcwdpdcGW3uAT2v70XV0lEhQc3eGEQGxG":{"registrationId":617562156,"currentRatchet":{"ephemeralKeyPair":{"pubKey":"BZUM8nrXk94qcAgoEHHMKuagdiRwQzZ/4zMhXxzNQjZ2","privKey":"SE51/KVemD7dbqRCUZTSKjqdPo51Tw5zDPXuaDUYq10="},"lastRemoteEphemeralKey":"BZ4FbKQixkfnOAPQTs/1bCaWnuiTsl3J9cHUsWHJxPNr","previousCounter":0,"rootKey":"B+pTyWpKcMiAjkVKL/6j3gn5rZQCLcUTTPT4WEMhEeA="},"indexInfo":{"baseKey":"BVrpNpw6pWcBcwdpdcGW3uAT2v70XV0lEhQc3eGEQGxG","baseKeyType":1,"closed":-1,"used":1721196568333,"created":1721196568333,"remoteIdentityKey":"BbXgbxRnBToQbEklZxMCQ2axw95dUijCQ9k0QR8IsilN"},"_chains":{"BZUM8nrXk94qcAgoEHHMKuagdiRwQzZ/4zMhXxzNQjZ2":{"chainKey":{"counter":9,"key":"KMYh/HCpiHu9hlZ06FxRWM5JqWZ6D9xX1ypZzZoOlEo="},"chainType":1,"messageKeys":{}}},"pendingPreKey":{"signedKeyId":0,"baseKey":"BVrpNpw6pWcBcwdpdcGW3uAT2v70XV0lEhQc3eGEQGxG","preKeyId":13146656}}},"version":"v1"}