{"_sessions":{"BR+LfJgF7hquDR1lxAPMvKYfkbQEpNUy1zEprO9tD8IY":{"registrationId":5935,"currentRatchet":{"ephemeralKeyPair":{"pubKey":"BchHGSASX9+7+GyL/YLlVBGyYOBAD9Qn6fCGpqD5h+07","privKey":"UJpAiMTR0Z8ALhrOw+TWsCSpt/PTsmwEKATlLN/FJ3E="},"lastRemoteEphemeralKey":"Be/ydwUrO+g+2UmXKYT3nUNpH5899C6oTFt9gqx015BB","previousCounter":0,"rootKey":"vTc2TryGhv06vlG6qg3VbIifvPOkHsjhizyIHD4HXUE="},"indexInfo":{"baseKey":"BR+LfJgF7hquDR1lxAPMvKYfkbQEpNUy1zEprO9tD8IY","baseKeyType":1,"closed":1721227177746,"used":1721227175524,"created":1721227175524,"remoteIdentityKey":"BQSCO3az1eM9r9jfGsxHSLPD+LBZREifa/T1EZ5ZCuJc"},"_chains":{"BchHGSASX9+7+GyL/YLlVBGyYOBAD9Qn6fCGpqD5h+07":{"chainKey":{"counter":-1,"key":"NAs1oRaBlXxrKZQyXlE+zHdUBcSn+ZXtmfjuVCt2AIQ="},"chainType":1,"messageKeys":{}}},"pendingPreKey":{"signedKeyId":1,"baseKey":"BR+LfJgF7hquDR1lxAPMvKYfkbQEpNUy1zEprO9tD8IY"}},"BVLF0idzvNFmFb4dgO0sWKgYovUTjoDVRhlzFSGs7WVC":{"registrationId":5935,"currentRatchet":{"ephemeralKeyPair":{"pubKey":"BRzXXg/5jpSuKoQDAyVShaM0SY4HPBhftD2R68r0ojdC","privKey":"+LoWTmS/4A/mBenwkgIKiB0Z468ae8ZCfIneQ60YXUk="},"lastRemoteEphemeralKey":"Be/ydwUrO+g+2UmXKYT3nUNpH5899C6oTFt9gqx015BB","previousCounter":0,"rootKey":"vxxMkvz7Zt1pg0mApT2iCfBiAXmaQUGm28+gs5dPHaM="},"indexInfo":{"baseKey":"BVLF0idzvNFmFb4dgO0sWKgYovUTjoDVRhlzFSGs7WVC","baseKeyType":1,"closed":-1,"used":1721227177743,"created":1721227177743,"remoteIdentityKey":"BQSCO3az1eM9r9jfGsxHSLPD+LBZREifa/T1EZ5ZCuJc"},"_chains":{"BRzXXg/5jpSuKoQDAyVShaM0SY4HPBhftD2R68r0ojdC":{"chainKey":{"counter":1,"key":"wdfsqgTQ3qVa62aSh5npNJGJj4YXa7y/QNwQjF5owGQ="},"chainType":1,"messageKeys":{}}},"pendingPreKey":{"signedKeyId":1,"baseKey":"BVLF0idzvNFmFb4dgO0sWKgYovUTjoDVRhlzFSGs7WVC"}}},"version":"v1"}