{"_sessions":{"Bap5gyWiXnjk9blvCs5VQpOQL+swf8TQl3H1A3tyISJv":{"registrationId":15171,"currentRatchet":{"ephemeralKeyPair":{"pubKey":"BTpV4p/hhD949P6mFtLhpFqeTn8k9sqgFRgylbTL+MMk","privKey":"uLsPfpEVPqeSrjGvYPvgfax3ttu39cSE1tijz4xCHnI="},"lastRemoteEphemeralKey":"Beoq4F8fxQFFmLHc09qlLXGnwRtjDCGhZmCcQ+FCqJ0S","previousCounter":0,"rootKey":"Cxs3VNydbdigeU+TWMKmSIX57PVKRmorL8TYV/G6se4="},"indexInfo":{"baseKey":"Bap5gyWiXnjk9blvCs5VQpOQL+swf8TQl3H1A3tyISJv","baseKeyType":1,"closed":-1,"used":1721227115659,"created":1721227115659,"remoteIdentityKey":"BevLu0tjQrHgSRtcRDOAcgrX7fMsvr+z/35tJVCz5BwH"},"_chains":{"BTpV4p/hhD949P6mFtLhpFqeTn8k9sqgFRgylbTL+MMk":{"chainKey":{"counter":0,"key":"W5gxa30Jz1aG2mqbncDn2i4xqdPlnUlUbwAmti++cF8="},"chainType":1,"messageKeys":{}}},"pendingPreKey":{"signedKeyId":1,"baseKey":"Bap5gyWiXnjk9blvCs5VQpOQL+swf8TQl3H1A3tyISJv"}}},"version":"v1"}