{"_sessions":{"BRUN7uU4QMtnVpUEEzJTJiQJ4OoTEMNgS5/96W4GB5A0":{"registrationId":1223,"currentRatchet":{"ephemeralKeyPair":{"pubKey":"BXxLPmXoWsbF8QQz/KsLOaiZXDCBUHX6duAZ9usPI9Eq","privKey":"EKzkYERm3ZIOrAQorQE3jpby7H3zeiyiydtTCTlwQnU="},"lastRemoteEphemeralKey":"BQAsW+E659CBrrP1Zemvg+2fvQR8zTSaz96g6Xom8xgF","previousCounter":0,"rootKey":"mf46Y+vluUXF2WlZc4e9ZtNS+iziOPnoOyOVn9SgWwE="},"indexInfo":{"baseKey":"BRUN7uU4QMtnVpUEEzJTJiQJ4OoTEMNgS5/96W4GB5A0","baseKeyType":1,"closed":-1,"used":1721227116362,"created":1721227116362,"remoteIdentityKey":"BanhCRRtiMmUagh8QDhuDcCw7GcMA8rgBB1BapfTcmsz"},"_chains":{"BXxLPmXoWsbF8QQz/KsLOaiZXDCBUHX6duAZ9usPI9Eq":{"chainKey":{"counter":0,"key":"kzLAOSAaBmpTuQTKCC6Q7vHqZwQvFUXpBVMvNy2Z5rs="},"chainType":1,"messageKeys":{}}},"pendingPreKey":{"signedKeyId":1,"baseKey":"BRUN7uU4QMtnVpUEEzJTJiQJ4OoTEMNgS5/96W4GB5A0"}}},"version":"v1"}