{"_sessions":{"BRomuuCffe3tmk9WoyHd/6CKyUnR9TbdTovNppAElFQn":{"registrationId":635,"currentRatchet":{"ephemeralKeyPair":{"pubKey":"Bb8wlKzcuaQJ35RSSzeVr6MxjppMVfoVECo8QTtBzYg6","privKey":"+BUXJZito4ulh3B2crNyiz7lr65VR+1bVgYAkvigzlc="},"lastRemoteEphemeralKey":"BWDD4/IaYuBbZd3E6Jbp5wj0x49N6hauBEO/wTIIS/Qj","previousCounter":0,"rootKey":"l/W2A+7yMcHCKRZwsCHkvegYQkuWX//8mkD6/9ouu9g="},"indexInfo":{"baseKey":"BRomuuCffe3tmk9WoyHd/6CKyUnR9TbdTovNppAElFQn","baseKeyType":1,"closed":-1,"used":1721227116366,"created":1721227116366,"remoteIdentityKey":"BZNGdVtuwPcO/8QQkY3oYnSoKXMsdaOJNj2dG8XZZLlA"},"_chains":{"Bb8wlKzcuaQJ35RSSzeVr6MxjppMVfoVECo8QTtBzYg6":{"chainKey":{"counter":0,"key":"O/iMoCwIyG4OYa1k2ZEh/k7CK0lHzTD1WaAk/TJk10g="},"chainType":1,"messageKeys":{}}},"pendingPreKey":{"signedKeyId":1,"baseKey":"BRomuuCffe3tmk9WoyHd/6CKyUnR9TbdTovNppAElFQn"}}},"version":"v1"}