{"_sessions":{"BWHspM66lyI1aA1bBA88bJMy7+9Tik9Ys/vX03G/ASl+":{"registrationId":8372,"currentRatchet":{"ephemeralKeyPair":{"pubKey":"BXn6G1dZBd57nTCu4Wqn7Iz0htkAdGVCxI9X913Rhmo6","privKey":"oJ5IXjlObyx2mAnLRdaEWkMsGyUFdY3fkm0JeouHI04="},"lastRemoteEphemeralKey":"BWudP9kP/b9d//tEj7I/8YWvWeX6ncZmV+Sri35IDnRv","previousCounter":0,"rootKey":"WttNO5X8KXGwvalWneZO8asgrMTpZdJuuUu+V9wxLpI="},"indexInfo":{"baseKey":"BWHspM66lyI1aA1bBA88bJMy7+9Tik9Ys/vX03G/ASl+","baseKeyType":1,"closed":-1,"used":1721227115668,"created":1721227115668,"remoteIdentityKey":"BbFio5PgHEgdEqH4vyxQnRDF8VQ0rk1bic687qRWX75r"},"_chains":{"BXn6G1dZBd57nTCu4Wqn7Iz0htkAdGVCxI9X913Rhmo6":{"chainKey":{"counter":0,"key":"LjbkQMUewgNRdxYjMTR4iQgtyN0xWXVz/6oxxzeCFFE="},"chainType":1,"messageKeys":{}}},"pendingPreKey":{"signedKeyId":1,"baseKey":"BWHspM66lyI1aA1bBA88bJMy7+9Tik9Ys/vX03G/ASl+"}}},"version":"v1"}