{"_sessions":{"BYVxzGLTKu74ZeL2OSXFdbJpu4H4bJ66tmQ/RjyHP18m":{"registrationId":872990032,"currentRatchet":{"ephemeralKeyPair":{"pubKey":"BY5xqmH4BDyCQ9GjnFhzu5Hvaf16SwYEES7jpHVz6WAU","privKey":"6KVOImCH7vhKrod+DsjMAMeboJ2ogzl2QcchP0FTM1g="},"lastRemoteEphemeralKey":"BbFejXHHF0SCMbl+mgRGRk7uqL2nbbNyZnzcgMTFVMZq","previousCounter":0,"rootKey":"oE7EssKT10oBWxzNc+Xk7OEVVkRaUSksWw1jm/mZR1c="},"indexInfo":{"baseKey":"BYVxzGLTKu74ZeL2OSXFdbJpu4H4bJ66tmQ/RjyHP18m","baseKeyType":1,"closed":-1,"used":1721196568460,"created":1721196568460,"remoteIdentityKey":"BdUC3FXKJwCJOHcBNYbIvnnccNRjEj9kUjLF5CCer0ZS"},"_chains":{"BY5xqmH4BDyCQ9GjnFhzu5Hvaf16SwYEES7jpHVz6WAU":{"chainKey":{"counter":9,"key":"vV+/7zODBNV3DmkLkID2kZvvHpAxHMT5qYJUlf8uUhQ="},"chainType":1,"messageKeys":{}}},"pendingPreKey":{"signedKeyId":3,"baseKey":"BYVxzGLTKu74ZeL2OSXFdbJpu4H4bJ66tmQ/RjyHP18m","preKeyId":14428893}}},"version":"v1"}