{"_sessions":{"Bdqg61Y2TpspHA/oy16ZR9N5k1pAY05Xl225lfDJcLsM":{"registrationId":1463099186,"currentRatchet":{"ephemeralKeyPair":{"pubKey":"BVe6VQytKQ7vF3DyJa+4ctwQtf4d33SRMJ0mm04Zvr4K","privKey":"2IFrXTo+kG9bDqF93l5HOAdmkiJgeXOiOwBd1Gmtql0="},"lastRemoteEphemeralKey":"BUA733N7BriW16f7/MFPFlhZC6kZZuabrzHmfJR5ZYo8","previousCounter":0,"rootKey":"gObJn4llMYrdijL82d1mxOlELXi1rv7EAzCHlf/o2+g="},"indexInfo":{"baseKey":"Bdqg61Y2TpspHA/oy16ZR9N5k1pAY05Xl225lfDJcLsM","baseKeyType":1,"closed":-1,"used":1721227117557,"created":1721227117557,"remoteIdentityKey":"Bemeo0yzB9dMmV7A/n5zp3eN1BtnLxDcGUenE39P0sgF"},"_chains":{"BVe6VQytKQ7vF3DyJa+4ctwQtf4d33SRMJ0mm04Zvr4K":{"chainKey":{"counter":0,"key":"kL9uNdx08TEQlUg/sPL42hIXUb2dwNMXSRjLC3K0OfI="},"chainType":1,"messageKeys":{}}},"pendingPreKey":{"signedKeyId":0,"baseKey":"Bdqg61Y2TpspHA/oy16ZR9N5k1pAY05Xl225lfDJcLsM"}}},"version":"v1"}