{"_sessions":{"Behm1QkQux7PxPZp2pjiJ9CJA62/QUGuR+eKBXs6JuJz":{"registrationId":2279,"currentRatchet":{"ephemeralKeyPair":{"pubKey":"BZYwxY02EhNL/qiruUZVf4xA95Ok8d7WFr+7ff0ZzowP","privKey":"KAN0doC/jlbV8PUliTXY3bfw0gyqEoD/drhypAoSMHo="},"lastRemoteEphemeralKey":"BVwKl7IZVyUg2Qkboh4UV9cWcxtOucCuKBTKM5xiT+56","previousCounter":0,"rootKey":"bE1+jDGDHcvptChWaGVTdKz3v2jz2EbtuXkK6pW8XTU="},"indexInfo":{"baseKey":"Behm1QkQux7PxPZp2pjiJ9CJA62/QUGuR+eKBXs6JuJz","baseKeyType":1,"closed":-1,"used":1721227115905,"created":1721227115905,"remoteIdentityKey":"BavhnAwGonzK7Ci/QGIVwdy4j4jjmUFGdpykKdfj58Vi"},"_chains":{"BZYwxY02EhNL/qiruUZVf4xA95Ok8d7WFr+7ff0ZzowP":{"chainKey":{"counter":0,"key":"k/TW1XPDEg/c+dnGRZ6aZAT14bD4UQhlBnXYEv2ZrvM="},"chainType":1,"messageKeys":{}}},"pendingPreKey":{"signedKeyId":1,"baseKey":"Behm1QkQux7PxPZp2pjiJ9CJA62/QUGuR+eKBXs6JuJz"}}},"version":"v1"}