{"_sessions":{"BdBfatgSWg/LOAO7W3QP3DJmBTl3DEI9S/vhHwUvfFIP":{"registrationId":996964754,"currentRatchet":{"ephemeralKeyPair":{"pubKey":"BYGBIIMnY9TX84snaJCrdgjFMOoWdcURPmUD1wMR6ntt","privKey":"GIURd/wueLFgzIBbZQTrDbMY1tSsLapYqHtglzk9w2k="},"lastRemoteEphemeralKey":"BRvPgCMBP8f78t1fIoINZMUo0fIoYvaTCdAz2KdM9RYm","previousCounter":0,"rootKey":"sS+kbiK5Zh0omHKibeWcikNt7x/i+lxM7TR7EMg6NBI="},"indexInfo":{"baseKey":"BdBfatgSWg/LOAO7W3QP3DJmBTl3DEI9S/vhHwUvfFIP","baseKeyType":1,"closed":-1,"used":1721227117243,"created":1721227117243,"remoteIdentityKey":"BabS/qfwzxWMtnXeiR5JaihtcbJB/jal3TsdbCQa59x5"},"_chains":{"BYGBIIMnY9TX84snaJCrdgjFMOoWdcURPmUD1wMR6ntt":{"chainKey":{"counter":0,"key":"JfAtpfVKt4UMppqdyn2dyOLuExk2q65+LhK0awDq6Qo="},"chainType":1,"messageKeys":{}}},"pendingPreKey":{"signedKeyId":7,"baseKey":"BdBfatgSWg/LOAO7W3QP3DJmBTl3DEI9S/vhHwUvfFIP","preKeyId":11279744}}},"version":"v1"}