{"_sessions":{"BQXHjp8ZsLXQi1M+mKsw8xHGOd9UvS1d29Be6WM/ZuJO":{"registrationId":2136150050,"currentRatchet":{"ephemeralKeyPair":{"pubKey":"BReJut4Cr5bm8q3qOadjCZjYFX+/B2WHwN8sviI7KfZ6","privKey":"KBol55tHIw68EraP2g9jlmGJZ79ygqMrioJKtW/zxG0="},"lastRemoteEphemeralKey":"BTNHaAlKoMjEKCkQZK+FctuOmwM7YpS3Zec2bmnLp/lw","previousCounter":0,"rootKey":"bca5+L0zTxrlffy5FkOjewuTAM+z5DBXC+UOQ5H4/Po="},"indexInfo":{"baseKey":"BQXHjp8ZsLXQi1M+mKsw8xHGOd9UvS1d29Be6WM/ZuJO","baseKeyType":1,"closed":1721227178468,"used":1721227175754,"created":1721227175754,"remoteIdentityKey":"BQv6f7KDzd/hXvMlez/rJfAkaTcO6LDZlGCrrXIhkhge"},"_chains":{"BReJut4Cr5bm8q3qOadjCZjYFX+/B2WHwN8sviI7KfZ6":{"chainKey":{"counter":-1,"key":"6Ix1p9mJvLWYxd+V4Bf/VobBViSHHj6dISvNL387Moo="},"chainType":1,"messageKeys":{}}},"pendingPreKey":{"signedKeyId":3,"baseKey":"BQXHjp8ZsLXQi1M+mKsw8xHGOd9UvS1d29Be6WM/ZuJO","preKeyId":6958174}},"BXjyKoD0HjOoOM5cHgIbZpP/hNeTlXYi0hA2aO99T+4N":{"registrationId":2136150050,"currentRatchet":{"ephemeralKeyPair":{"pubKey":"BT8I1gyzJs2nNUh8KAuy73wnE4iSZxfaVuAcjis2cQla","privKey":"CGh02qFL3u4DCDAyCyipjjvGlJSXOOzFrCBbBc5I3GA="},"lastRemoteEphemeralKey":"BTNHaAlKoMjEKCkQZK+FctuOmwM7YpS3Zec2bmnLp/lw","previousCounter":0,"rootKey":"kMCG2/dFnZ2XbDgGNSv5+0qr/cxZq6F8LXPflkJPvSA="},"indexInfo":{"baseKey":"BXjyKoD0HjOoOM5cHgIbZpP/hNeTlXYi0hA2aO99T+4N","baseKeyType":1,"closed":-1,"used":1721227178467,"created":1721227178467,"remoteIdentityKey":"BQv6f7KDzd/hXvMlez/rJfAkaTcO6LDZlGCrrXIhkhge"},"_chains":{"BT8I1gyzJs2nNUh8KAuy73wnE4iSZxfaVuAcjis2cQla":{"chainKey":{"counter":1,"key":"GhJ/l6XooYbl5DsLuP3Wsj3Kw3xK7HC53TV+EBG1pdE="},"chainType":1,"messageKeys":{}}},"pendingPreKey":{"signedKeyId":3,"baseKey":"BXjyKoD0HjOoOM5cHgIbZpP/hNeTlXYi0hA2aO99T+4N","preKeyId":6958127}}},"version":"v1"}