{"_sessions":{"BaAdNpkRUbflnHNcIKLUS8H4gA6usa1599BOTGTQXPAa":{"registrationId":1216991477,"currentRatchet":{"ephemeralKeyPair":{"pubKey":"BQazL9dk9kHVSTQjen3QNjuvGn45qxXirj2Eg8cKxaww","privKey":"AEC2eLEVY0qrX5WHUkVwtz8rPXX4yWU2ajXMI9Y4u2Y="},"lastRemoteEphemeralKey":"BUESXsa7fI9RXSBTYKv6Wjb0lrsCHjoW2qPJJdmVRtEA","previousCounter":0,"rootKey":"KlkaoQyGZtVY+oWWQYLYEkkhK11vWJyg+L0avAHLibk="},"indexInfo":{"baseKey":"BaAdNpkRUbflnHNcIKLUS8H4gA6usa1599BOTGTQXPAa","baseKeyType":1,"closed":-1,"used":1721196568684,"created":1721196568684,"remoteIdentityKey":"Bf8xm8hFNy6IlyAy3egJ1R3updpeTkkHOCLAvIaT5lph"},"_chains":{"BQazL9dk9kHVSTQjen3QNjuvGn45qxXirj2Eg8cKxaww":{"chainKey":{"counter":9,"key":"lzNAOyyQ9afgpyRq2K+MODX5rI4DzjqRN+YhgAmQvus="},"chainType":1,"messageKeys":{}}},"pendingPreKey":{"signedKeyId":14,"baseKey":"BaAdNpkRUbflnHNcIKLUS8H4gA6usa1599BOTGTQXPAa"}}},"version":"v1"}