{"_sessions":{"Bc4domXyBt4xUgG/CKgecXINuirAmOuQ6ZpYrNE/jphp":{"registrationId":1586648760,"currentRatchet":{"ephemeralKeyPair":{"pubKey":"BVc0oOqEbGXcnBbMDspnLld57jCJ0I/VuUnYPGNzzB5P","privKey":"iOulytFSk6EVoNiuUzqLPX0JmpQJT5yFhY85vRvQe24="},"lastRemoteEphemeralKey":"BTgVc3IOPAnx/57jQtiVkrPQdPT+xGTPGRESvzRBvqNq","previousCounter":0,"rootKey":"MZeFIeNp42J2S8mHhQcjeislhismtb0GcKPF6shTchA="},"indexInfo":{"baseKey":"Bc4domXyBt4xUgG/CKgecXINuirAmOuQ6ZpYrNE/jphp","baseKeyType":1,"closed":1721227178161,"used":1721227175622,"created":1721227175622,"remoteIdentityKey":"BRXpf0FBwIjMzAWhOsry3znEKns93TgsJxL+TgGS2kMg"},"_chains":{"BVc0oOqEbGXcnBbMDspnLld57jCJ0I/VuUnYPGNzzB5P":{"chainKey":{"counter":-1,"key":"2OmLZ4J9KmFE73/22S2iaeJAulQ0P2DqK68hTMBoB0k="},"chainType":1,"messageKeys":{}}},"pendingPreKey":{"signedKeyId":8,"baseKey":"Bc4domXyBt4xUgG/CKgecXINuirAmOuQ6ZpYrNE/jphp","preKeyId":1278393}},"BWpoJ3uZsPeJ2y8DFfwoFzYmv4ZrQ74gUU3uyQegjWwA":{"registrationId":1586648760,"currentRatchet":{"ephemeralKeyPair":{"pubKey":"BS0wAvVEu5LNvK7W+TzpUJ5Jan19ZGZBRzVXu5zOb05R","privKey":"2ML3pvDDx/NrezkUlH8I1c1P9H2xdwA9/0qEctwn4kI="},"lastRemoteEphemeralKey":"BTgVc3IOPAnx/57jQtiVkrPQdPT+xGTPGRESvzRBvqNq","previousCounter":0,"rootKey":"Bd+ClWHZbo1KSQpEIBA7CyzdPBzIjguEPO3YEmrLwBA="},"indexInfo":{"baseKey":"BWpoJ3uZsPeJ2y8DFfwoFzYmv4ZrQ74gUU3uyQegjWwA","baseKeyType":1,"closed":-1,"used":1721227178159,"created":1721227178159,"remoteIdentityKey":"BRXpf0FBwIjMzAWhOsry3znEKns93TgsJxL+TgGS2kMg"},"_chains":{"BS0wAvVEu5LNvK7W+TzpUJ5Jan19ZGZBRzVXu5zOb05R":{"chainKey":{"counter":1,"key":"uLglZ3dZxouTgP0lz6G0p69fkY1WowTN4iazFGbs94E="},"chainType":1,"messageKeys":{}}},"pendingPreKey":{"signedKeyId":8,"baseKey":"BWpoJ3uZsPeJ2y8DFfwoFzYmv4ZrQ74gUU3uyQegjWwA","preKeyId":1279153}}},"version":"v1"}