{"_sessions":{"BRjTvN96Flkx8Dec+WOBv6e6fW94Yffu+n1Dan6eZMkf":{"registrationId":872948095,"currentRatchet":{"ephemeralKeyPair":{"pubKey":"BYuMaYgMMg78K31shHNe0mH7QwaXuKpdJgxCp/Tac7Q+","privKey":"iM1Ov+mo12QkJCVJNZT0NanMRit23Jf4j2S59OcGe2Y="},"lastRemoteEphemeralKey":"BUlBu64wrbruiUXITig18+RU7oVD6OG1q0tTxDQ5Oilt","previousCounter":0,"rootKey":"SrwObjSm1NCu9JIAqtWmcETxD8c53SQUB75v1viefYk="},"indexInfo":{"baseKey":"BRjTvN96Flkx8Dec+WOBv6e6fW94Yffu+n1Dan6eZMkf","baseKeyType":1,"closed":1721196873167,"used":1721196568707,"created":1721196568707,"remoteIdentityKey":"BaVOh/Wa4x0aXQl/5u0+axdJoNewZyAraWPEfie1ftIu"},"_chains":{"BYuMaYgMMg78K31shHNe0mH7QwaXuKpdJgxCp/Tac7Q+":{"chainKey":{"counter":2,"key":"j61u2YrJorEOkTJezJVaIsnIZXE1mE1wP3XXZJYmGs8="},"chainType":1,"messageKeys":{}}},"pendingPreKey":{"signedKeyId":0,"baseKey":"BRjTvN96Flkx8Dec+WOBv6e6fW94Yffu+n1Dan6eZMkf"}},"BVssJRxoRWVus5wzhwog2L27YkgSrylF/GDoKNzlJd8y":{"registrationId":60789508,"currentRatchet":{"ephemeralKeyPair":{"pubKey":"Beb14WSRouafnayNY/w2OMo0INBA6oumLY+dth0qXyNu","privKey":"cFgru0G6iwmeSZXNQlqQSsrron7ZhczbEHF6GyQH13Y="},"lastRemoteEphemeralKey":"BUx5WEf8HSpQYNmeYFunGgQhj2sSHHy8FSWUGCWzyT1H","previousCounter":0,"rootKey":"G1oP5yTvVqm/WjJ3N+Ir/zRtJ1F94yRg5QS+EvBI7DQ="},"indexInfo":{"baseKey":"BVssJRxoRWVus5wzhwog2L27YkgSrylF/GDoKNzlJd8y","baseKeyType":1,"closed":1721196873941,"used":1721196873165,"created":1721196873165,"remoteIdentityKey":"BYsvXl9sSi0SL00C6pEA3pkwaBjEi0Hj4bHV+hcFp+dZ"},"_chains":{"Beb14WSRouafnayNY/w2OMo0INBA6oumLY+dth0qXyNu":{"chainKey":{"counter":0,"key":"g2dtZFu2dG06VkMsEe6oiCs6mRMBRf1zNmBtmw6wQdM="},"chainType":1,"messageKeys":{}}},"pendingPreKey":{"signedKeyId":0,"baseKey":"BVssJRxoRWVus5wzhwog2L27YkgSrylF/GDoKNzlJd8y"}},"BVMYq1xwbcJ6eeGF/uVjMQL088LPZUGJTrCIPHDtWSJa":{"registrationId":60789508,"currentRatchet":{"ephemeralKeyPair":{"pubKey":"BTQ3Jpj+5wyMLrOS2veBVssLOqhhteUwFWg7IXSzbIdC","privKey":"qDlF3aniK2TnydYdzlP+dl0CCCkbm35DrNPgaYOG8Vo="},"lastRemoteEphemeralKey":"BUx5WEf8HSpQYNmeYFunGgQhj2sSHHy8FSWUGCWzyT1H","previousCounter":0,"rootKey":"D9aw5GXQN4ah1zXOrXVpEmcJNV3DK6u5Xi58Pe90cKk="},"indexInfo":{"baseKey":"BVMYq1xwbcJ6eeGF/uVjMQL088LPZUGJTrCIPHDtWSJa","baseKeyType":1,"closed":1721196874608,"used":1721196873939,"created":1721196873939,"remoteIdentityKey":"BYsvXl9sSi0SL00C6pEA3pkwaBjEi0Hj4bHV+hcFp+dZ"},"_chains":{"BTQ3Jpj+5wyMLrOS2veBVssLOqhhteUwFWg7IXSzbIdC":{"chainKey":{"counter":0,"key":"5f0wmVchS3hj7vZkadbLOTfpI29SX34RjDEh/LL1qdU="},"chainType":1,"messageKeys":{}}},"pendingPreKey":{"signedKeyId":0,"baseKey":"BVMYq1xwbcJ6eeGF/uVjMQL088LPZUGJTrCIPHDtWSJa"}},"BTr+JpiX8RyamZuav3yIGLi/gCH6UuQt62WB2er/mVJG":{"registrationId":60789508,"currentRatchet":{"ephemeralKeyPair":{"pubKey":"BcwmHmhaRtv4h12DhWlKKzLKmLfPnIWy39q14ITTJAoi","privKey":"WJwMrARcaZCWe5be0Puf42HSYpnEzCnwFfjedaqv00M="},"lastRemoteEphemeralKey":"BUx5WEf8HSpQYNmeYFunGgQhj2sSHHy8FSWUGCWzyT1H","previousCounter":0,"rootKey":"uoFkR5LOTX9J42HuJqEzz06eXS6bitOUEQRExtEsr0k="},"indexInfo":{"baseKey":"BTr+JpiX8RyamZuav3yIGLi/gCH6UuQt62WB2er/mVJG","baseKeyType":1,"closed":1721196875269,"used":1721196874606,"created":1721196874606,"remoteIdentityKey":"BYsvXl9sSi0SL00C6pEA3pkwaBjEi0Hj4bHV+hcFp+dZ"},"_chains":{"BcwmHmhaRtv4h12DhWlKKzLKmLfPnIWy39q14ITTJAoi":{"chainKey":{"counter":0,"key":"MJfUEdlhJ77WzbqhitE/HwecjBwiD1e1djl+zwKCzos="},"chainType":1,"messageKeys":{}}},"pendingPreKey":{"signedKeyId":0,"baseKey":"BTr+JpiX8RyamZuav3yIGLi/gCH6UuQt62WB2er/mVJG"}},"BVE3v/pKJzoIjugCn+e5c8oaZEG3K+nMQsZI18RpQpwp":{"registrationId":60789508,"currentRatchet":{"ephemeralKeyPair":{"pubKey":"BYXloK9LJvAUBDMv02OgrjN3rMTRtHIe7DBiTPXbVI0v","privKey":"eEfMK3NgTV9rQ65USbHqKLE0nqmQQkYOlBW5GWSyD0k="},"lastRemoteEphemeralKey":"BUx5WEf8HSpQYNmeYFunGgQhj2sSHHy8FSWUGCWzyT1H","previousCounter":0,"rootKey":"r4LvcWyv3+01e2hqv+9Ve/gTk8SxpszzZU2C6W/+3vM="},"indexInfo":{"baseKey":"BVE3v/pKJzoIjugCn+e5c8oaZEG3K+nMQsZI18RpQpwp","baseKeyType":1,"closed":1721196876027,"used":1721196875268,"created":1721196875268,"remoteIdentityKey":"BYsvXl9sSi0SL00C6pEA3pkwaBjEi0Hj4bHV+hcFp+dZ"},"_chains":{"BYXloK9LJvAUBDMv02OgrjN3rMTRtHIe7DBiTPXbVI0v":{"chainKey":{"counter":0,"key":"Ku2FKJf565UVUkAOBjuZCzGyLoONG8jc7GiRCq3MJuU="},"chainType":1,"messageKeys":{}}},"pendingPreKey":{"signedKeyId":0,"baseKey":"BVE3v/pKJzoIjugCn+e5c8oaZEG3K+nMQsZI18RpQpwp"}},"BbTQ/WxsW3P/zcdV0z+etZ883AtDhiebRdsotSrF9F9W":{"registrationId":60789508,"currentRatchet":{"ephemeralKeyPair":{"pubKey":"BUoXADH4Xq+3Lifc6F07EDTd+BWT/Zo+F7eyXdKtng1o","privKey":"iASO9imgzGvlkTvARqREhgUKxp7CNhDMQge+Ee5PIH0="},"lastRemoteEphemeralKey":"BUx5WEf8HSpQYNmeYFunGgQhj2sSHHy8FSWUGCWzyT1H","previousCounter":0,"rootKey":"weqZnoN7vx2HynHywf6TL2R7J0ddK0x85UCoqHjmIKM="},"indexInfo":{"baseKey":"BbTQ/WxsW3P/zcdV0z+etZ883AtDhiebRdsotSrF9F9W","baseKeyType":1,"closed":1721196876796,"used":1721196876025,"created":1721196876025,"remoteIdentityKey":"BYsvXl9sSi0SL00C6pEA3pkwaBjEi0Hj4bHV+hcFp+dZ"},"_chains":{"BUoXADH4Xq+3Lifc6F07EDTd+BWT/Zo+F7eyXdKtng1o":{"chainKey":{"counter":0,"key":"0/RUkVoZrcc3SX5jh8pnZ6axl3BnCoafWpEGnh0l9mo="},"chainType":1,"messageKeys":{}}},"pendingPreKey":{"signedKeyId":0,"baseKey":"BbTQ/WxsW3P/zcdV0z+etZ883AtDhiebRdsotSrF9F9W"}},"BZNg4u73sEmQFxDKSANZjHPjrPJ7rqHmF8BoNvOoU0wf":{"registrationId":60789508,"currentRatchet":{"ephemeralKeyPair":{"pubKey":"BcIn7GWXk9B+cdBucwEg0kjeTSDFBlCHxeRGwbPIR0Nr","privKey":"ODzw7czLlxmzAZ9SMO0pBnEilWc2hiywK9WRd3w220k="},"lastRemoteEphemeralKey":"BUx5WEf8HSpQYNmeYFunGgQhj2sSHHy8FSWUGCWzyT1H","previousCounter":0,"rootKey":"QVmFL4KvAPSB9xSvU/lol/lRq9J1iWop+73rZjSbOFA="},"indexInfo":{"baseKey":"BZNg4u73sEmQFxDKSANZjHPjrPJ7rqHmF8BoNvOoU0wf","baseKeyType":1,"closed":1721196877392,"used":1721196876794,"created":1721196876794,"remoteIdentityKey":"BYsvXl9sSi0SL00C6pEA3pkwaBjEi0Hj4bHV+hcFp+dZ"},"_chains":{"BcIn7GWXk9B+cdBucwEg0kjeTSDFBlCHxeRGwbPIR0Nr":{"chainKey":{"counter":0,"key":"8ct52jKZbiUmmKl6D+2zF/4fa44bC6i6a2SrPy7Erfw="},"chainType":1,"messageKeys":{}}},"pendingPreKey":{"signedKeyId":0,"baseKey":"BZNg4u73sEmQFxDKSANZjHPjrPJ7rqHmF8BoNvOoU0wf"}},"BeuUWPIh8n4ZkcZXibYnSgEOcczlVp6r6pk2hZOJN2R1":{"registrationId":60789508,"currentRatchet":{"ephemeralKeyPair":{"pubKey":"BUwpf1djw//lJ5hHBnQ1bRIH9UXDjLUgPXpUkxnhioci","privKey":"WIQW57NGJFx3Nc28UgcH1vKiDl22+Gg3i1p1wOpOun8="},"lastRemoteEphemeralKey":"BUx5WEf8HSpQYNmeYFunGgQhj2sSHHy8FSWUGCWzyT1H","previousCounter":0,"rootKey":"4W5qcuoONtt3SGsbGogLZwIuBiEkmCR+a74XtQIvuA0="},"indexInfo":{"baseKey":"BeuUWPIh8n4ZkcZXibYnSgEOcczlVp6r6pk2hZOJN2R1","baseKeyType":1,"closed":-1,"used":1721196877390,"created":1721196877390,"remoteIdentityKey":"BYsvXl9sSi0SL00C6pEA3pkwaBjEi0Hj4bHV+hcFp+dZ"},"_chains":{"BUwpf1djw//lJ5hHBnQ1bRIH9UXDjLUgPXpUkxnhioci":{"chainKey":{"counter":0,"key":"OfutHeY9/JULOqLviePovcQE5Cc4tKdOORMO1G6jsvw="},"chainType":1,"messageKeys":{}}},"pendingPreKey":{"signedKeyId":0,"baseKey":"BeuUWPIh8n4ZkcZXibYnSgEOcczlVp6r6pk2hZOJN2R1"}}},"version":"v1"}