{"_sessions":{"BYTEX96dcCzmB5AKgwI4utlMtmV1xlzMdpMvQoSNrQg4":{"registrationId":460819046,"currentRatchet":{"ephemeralKeyPair":{"pubKey":"BenjJAiThUo01DPwpdJpiSHgiCjo4wtwDnSqoEslNXMB","privKey":"iF3DqVltuneM8pHFsqVEvv3rb3yggJ8ikT56bB9lOFU="},"lastRemoteEphemeralKey":"BTIo+aXZfe+XfvtRVDrVA8Ia9Qd4SsJ17M59qXZb7uU0","previousCounter":0,"rootKey":"zL4/0dhY6SlwTfSFANzPonjlZGC/xvjRm39qPn9VpPs="},"indexInfo":{"baseKey":"BYTEX96dcCzmB5AKgwI4utlMtmV1xlzMdpMvQoSNrQg4","baseKeyType":1,"closed":-1,"used":1721227117305,"created":1721227117305,"remoteIdentityKey":"Bc68olH7ywFjKYAoGuyeB9GFbgisDKftgUU2iUX4b/J2"},"_chains":{"BenjJAiThUo01DPwpdJpiSHgiCjo4wtwDnSqoEslNXMB":{"chainKey":{"counter":0,"key":"yOeqqW5uD41mnL+asWplydEabC0eZP/MAh5R5S4Tcm0="},"chainType":1,"messageKeys":{}}},"pendingPreKey":{"signedKeyId":11,"baseKey":"BYTEX96dcCzmB5AKgwI4utlMtmV1xlzMdpMvQoSNrQg4","preKeyId":10583741}}},"version":"v1"}