{"_sessions":{"BXe8kx3teJi1tlp2HZ0ACj8sQ+o9XjTCrQXXUavJFoxd":{"registrationId":11779,"currentRatchet":{"ephemeralKeyPair":{"pubKey":"BTyBtkNhyLwdwlfpARD35njJwOIRBzLnOLknT2lPHcwp","privKey":"yAKvLlvhtCGqpU3RGWy4Fh7623cedI3j+FeXohQJyn8="},"lastRemoteEphemeralKey":"BVMSOMU1aDlyPTDPpfxAMJ470BKAj/qNJDGqdDtDFiZ+","previousCounter":0,"rootKey":"RsAu+2ow1PaVMAm5Pa2ULTycJVMH2sVcOs13HoqhI+0="},"indexInfo":{"baseKey":"BXe8kx3teJi1tlp2HZ0ACj8sQ+o9XjTCrQXXUavJFoxd","baseKeyType":1,"closed":-1,"used":1721227115931,"created":1721227115931,"remoteIdentityKey":"Bcd18UcH4k69NuzGuW+2y7QldCYekdhHqMVihKAiavFw"},"_chains":{"BTyBtkNhyLwdwlfpARD35njJwOIRBzLnOLknT2lPHcwp":{"chainKey":{"counter":0,"key":"yMcsIkrAleMafhyN8LquByAwbypFP+BskiPjqm+oSug="},"chainType":1,"messageKeys":{}}},"pendingPreKey":{"signedKeyId":1,"baseKey":"BXe8kx3teJi1tlp2HZ0ACj8sQ+o9XjTCrQXXUavJFoxd","preKeyId":3763}}},"version":"v1"}