{"_sessions":{"BdRnUh3SlEaLfAmZDsfqQ6HzEC/nREjuBtTzIvgsLYs9":{"registrationId":1380172389,"currentRatchet":{"ephemeralKeyPair":{"pubKey":"BW+RiThxtUazf/ZRQeaOrytr39h2yxgxCNcFFVJhY/Fx","privKey":"GE0o37URDlWZbrGakVPPWrIWA926YM/dzKBTFLJA5EI="},"lastRemoteEphemeralKey":"BVDpHGh/AA6Su1N7msc3NUVf/wiv16oOGmv3r0VZ/CNY","previousCounter":0,"rootKey":"ZvLsSyfj+1yHgZ2yqrIzsNxUs7zGxjYJcyM1RhbLurs="},"indexInfo":{"baseKey":"BdRnUh3SlEaLfAmZDsfqQ6HzEC/nREjuBtTzIvgsLYs9","baseKeyType":1,"closed":-1,"used":1721227117359,"created":1721227117359,"remoteIdentityKey":"BZrrcmw1GvAQH4BSoFiDoxx4EhaI78HcC95T+2FmtVI5"},"_chains":{"BW+RiThxtUazf/ZRQeaOrytr39h2yxgxCNcFFVJhY/Fx":{"chainKey":{"counter":0,"key":"ZGqgqE5ayiG81iruqNJuY8yZPQfi724D3DhUozEOoWE="},"chainType":1,"messageKeys":{}}},"pendingPreKey":{"signedKeyId":0,"baseKey":"BdRnUh3SlEaLfAmZDsfqQ6HzEC/nREjuBtTzIvgsLYs9"}}},"version":"v1"}