{"_sessions":{"BXBe4e+XjyZP5mB+P57PyKMFUpalJRCwJ5ySY1tiM1sL":{"registrationId":6139,"currentRatchet":{"ephemeralKeyPair":{"pubKey":"BR4yFbeBc7DQL++CgxPzfhaXpdFgjVGOOkuOizQJyRN5","privKey":"gN0aDxyyOZtX1gsWhZ+dS1qCW0J+X/jNm48mJZ7mxXc="},"lastRemoteEphemeralKey":"BfcY25rdKyd6PP9PPTxMiPVamClqHRc3SD8Fe29hRltH","previousCounter":0,"rootKey":"5oRqhTTaO2rs7kckVbnxCiYiosgVeFOSCTWu+HFZ294="},"indexInfo":{"baseKey":"BXBe4e+XjyZP5mB+P57PyKMFUpalJRCwJ5ySY1tiM1sL","baseKeyType":1,"closed":-1,"used":1721196568160,"created":1721196568160,"remoteIdentityKey":"Bf928SachyvaQp6kMWiIkTmOqMNDxj3sAoot687Z9Yha"},"_chains":{"BR4yFbeBc7DQL++CgxPzfhaXpdFgjVGOOkuOizQJyRN5":{"chainKey":{"counter":9,"key":"jo7uLUUR6t1l1ESWlLHxPihN1l/MDvKgfCz6bIqBEUo="},"chainType":1,"messageKeys":{}}},"pendingPreKey":{"signedKeyId":1,"baseKey":"BXBe4e+XjyZP5mB+P57PyKMFUpalJRCwJ5ySY1tiM1sL","preKeyId":662}}},"version":"v1"}