{"_sessions":{"BQ/bLWGkqwZuhWw+JzXbtGoeKbMttkH+eg5o5Q3H8kc4":{"registrationId":874266509,"currentRatchet":{"ephemeralKeyPair":{"pubKey":"BSnzGUtuDIqKNaF4qOuUN4/yBt2vt2mDMv6XMhIdjXFa","privKey":"wF8WKI1+XFFT7F5ZagGqyLnSwtinlN3AoAAmFRieBm8="},"lastRemoteEphemeralKey":"BYHTgzc4y8p1Qi92mHoxc7IdjZNLGDHDgGtd4Xcmzr4u","previousCounter":0,"rootKey":"v4VPpkNrgJ3AGdmeb+z3mu8ZBW1hGMHb3MZ9xv8/PCM="},"indexInfo":{"baseKey":"BQ/bLWGkqwZuhWw+JzXbtGoeKbMttkH+eg5o5Q3H8kc4","baseKeyType":1,"closed":-1,"used":1721196568058,"created":1721196568058,"remoteIdentityKey":"Bcy0WCa3XxC8GFPCFrXGKCBRPoF0IjvrcPlEzBOS33F+"},"_chains":{"BSnzGUtuDIqKNaF4qOuUN4/yBt2vt2mDMv6XMhIdjXFa":{"chainKey":{"counter":9,"key":"aRn5uKgS+g+OwrjI9zfwI+KXpymFP2DcDfvTkuNe3Wo="},"chainType":1,"messageKeys":{}}},"pendingPreKey":{"signedKeyId":1,"baseKey":"BQ/bLWGkqwZuhWw+JzXbtGoeKbMttkH+eg5o5Q3H8kc4"}}},"version":"v1"}