{"_sessions":{"BUZqdS8aNMsj5YA3el67QYwBNqsy0imapkg99tOMPUp5":{"registrationId":237934533,"currentRatchet":{"ephemeralKeyPair":{"pubKey":"BVVvqo6Vh85ll3Ob9iNSv69sVzHymqefVpQjPQPqh5Bk","privKey":"cJHSbwUPBtuvSIk4BIVtPb4wOKx6+7X9pAN5QHbkT3E="},"lastRemoteEphemeralKey":"Bb6JOiBnFQ2VRq5g8+tpxl4+hbUukEk4kqEOxM6l07BR","previousCounter":0,"rootKey":"vDTs1bQv6ekzErqvz8mEWw9amTcC/IimofPRmm6MjGM="},"indexInfo":{"baseKey":"BUZqdS8aNMsj5YA3el67QYwBNqsy0imapkg99tOMPUp5","baseKeyType":1,"closed":-1,"used":1721227116961,"created":1721227116961,"remoteIdentityKey":"BSRAEkULX7sZGdnMS29cGcu0ghwsugzp+fk94jImR9tZ"},"_chains":{"BVVvqo6Vh85ll3Ob9iNSv69sVzHymqefVpQjPQPqh5Bk":{"chainKey":{"counter":0,"key":"OlLaceidRi9CzLX2uAo8ZTaIiNOLLqjlr9hBGdX6nU0="},"chainType":1,"messageKeys":{}}},"pendingPreKey":{"signedKeyId":5,"baseKey":"BUZqdS8aNMsj5YA3el67QYwBNqsy0imapkg99tOMPUp5","preKeyId":12115752}}},"version":"v1"}