{"_sessions":{"BerJWjRzsqI/lKDCT0mIJxrPBOJMk78VMKwocIrpglpH":{"registrationId":1395062582,"currentRatchet":{"ephemeralKeyPair":{"pubKey":"BR5592SMPyLTJeMKVOHFg/T72rwjRLgC5weZbUkq7ykk","privKey":"+BwqiIv/eIw4jWC3KF1rvgQcJXgwwlZYdMYWbjxdGUA="},"lastRemoteEphemeralKey":"BVW4xYYaqbL7hKNrHXP2fg8ptvphG2LU24QQKEOaH/cz","previousCounter":0,"rootKey":"PbgVDIByDJx/aMffYAD3mahcy9Zs3chR+0Mj7oNB5xc="},"indexInfo":{"baseKey":"BerJWjRzsqI/lKDCT0mIJxrPBOJMk78VMKwocIrpglpH","baseKeyType":1,"closed":-1,"used":1721132921638,"created":1721132921638,"remoteIdentityKey":"BTqhjzo1kxdGJVMgAU567HSaGG9c9fDtHyDpOfLONg0r"},"_chains":{"BR5592SMPyLTJeMKVOHFg/T72rwjRLgC5weZbUkq7ykk":{"chainKey":{"counter":100,"key":"NWlTRQvNIUhyRC2xPKmEyCDVhi2w9yb4RoDP0/xxSyM="},"chainType":1,"messageKeys":{}}},"pendingPreKey":{"signedKeyId":1,"baseKey":"BerJWjRzsqI/lKDCT0mIJxrPBOJMk78VMKwocIrpglpH","preKeyId":30}}},"version":"v1"}