{"_sessions":{"BUG2WM1jxQUzJLNpENlUUQVJnddy/XmjxyEdD61Oso0m":{"registrationId":160,"currentRatchet":{"ephemeralKeyPair":{"pubKey":"BUr5ZTPrqKN/5sItpv70r9QGpCTpABBl69dBnhiQph84","privKey":"SJUHkXqGCbcPfqmJ0/clcIyqfvLk2HWW3yRXBow151M="},"lastRemoteEphemeralKey":"BagopKrrzKn5jg3iwUvXSoSbA5WQHia+XSHvRDsrctln","previousCounter":0,"rootKey":"w7qJLy0oi/DjW0wxj81RHWcNX72Nfrpn9UYjHezfcZ0="},"indexInfo":{"baseKey":"BUG2WM1jxQUzJLNpENlUUQVJnddy/XmjxyEdD61Oso0m","baseKeyType":1,"closed":1721227177235,"used":1721227175322,"created":1721227175322,"remoteIdentityKey":"BWYi8uYo8AhrH62NTA5HwR/yem7nm6FQnhmyyO4elEAR"},"_chains":{"BUr5ZTPrqKN/5sItpv70r9QGpCTpABBl69dBnhiQph84":{"chainKey":{"counter":-1,"key":"koOYsmJG3rVzVZuVVDWtwZsTICKDXjoZhW2kOzAw+ho="},"chainType":1,"messageKeys":{}}},"pendingPreKey":{"signedKeyId":1,"baseKey":"BUG2WM1jxQUzJLNpENlUUQVJnddy/XmjxyEdD61Oso0m"}},"BVs9EfKbVfT2GwFSPuopFjw687qMwBa6OrPhlFhS+G42":{"registrationId":160,"currentRatchet":{"ephemeralKeyPair":{"pubKey":"Bd12qFZr8+HDNVzsg22kl7iH9AX0YvuQWBFZj2dYfXQE","privKey":"8LNDI2cz/OyUOMvbHCX+WWH8jvsbdfyagoqqKsX5pGs="},"lastRemoteEphemeralKey":"BagopKrrzKn5jg3iwUvXSoSbA5WQHia+XSHvRDsrctln","previousCounter":0,"rootKey":"MiZ7Ducgr1Ufi7E8V6uszuGr9NIycxBMhh2gGgpVjx8="},"indexInfo":{"baseKey":"BVs9EfKbVfT2GwFSPuopFjw687qMwBa6OrPhlFhS+G42","baseKeyType":1,"closed":-1,"used":1721227177233,"created":1721227177233,"remoteIdentityKey":"BWYi8uYo8AhrH62NTA5HwR/yem7nm6FQnhmyyO4elEAR"},"_chains":{"Bd12qFZr8+HDNVzsg22kl7iH9AX0YvuQWBFZj2dYfXQE":{"chainKey":{"counter":1,"key":"LGEN1zpe4AM6rwwBX2bmRSx4ONkL2WpYaxShhXfYFek="},"chainType":1,"messageKeys":{}}},"pendingPreKey":{"signedKeyId":1,"baseKey":"BVs9EfKbVfT2GwFSPuopFjw687qMwBa6OrPhlFhS+G42"}}},"version":"v1"}