{"_sessions":{"BV5ABVML/XbvOEBbAmZrg80ku1lrMRfVSIGkODuB0ZFB":{"registrationId":1259044867,"currentRatchet":{"ephemeralKeyPair":{"pubKey":"Bew+iXhA1GGTuNqvWd709T/bBDjjwYVVbrujtWO3J8xv","privKey":"2P1ngsWaRy0r5pQX/gxhK/6Y2ccGYEqz8lv1o5k2h0I="},"lastRemoteEphemeralKey":"Bc76Cm8sdO7MXJanrEt/moDerXPYEGkmsedGjGYK+9Nw","previousCounter":0,"rootKey":"9Jo1jGSMxcEDf7Wv5gGFjSat/x80pf4BIANHWN3wdi0="},"indexInfo":{"baseKey":"BV5ABVML/XbvOEBbAmZrg80ku1lrMRfVSIGkODuB0ZFB","baseKeyType":1,"closed":-1,"used":1721227117613,"created":1721227117613,"remoteIdentityKey":"BTIEeu8uU49jLUmThIZm5BFFBgSxzEA3ZL55Cnh8CX8V"},"_chains":{"Bew+iXhA1GGTuNqvWd709T/bBDjjwYVVbrujtWO3J8xv":{"chainKey":{"counter":0,"key":"GK0FwKhasOPqaojMMrScLqA4aJapTq0MkFTPjiGeBnY="},"chainType":1,"messageKeys":{}}},"pendingPreKey":{"signedKeyId":0,"baseKey":"BV5ABVML/XbvOEBbAmZrg80ku1lrMRfVSIGkODuB0ZFB"}}},"version":"v1"}