{"_sessions":{"BYTg4vAc/wR9AXHxzrSeF7TeJmrYKWrplo7ICoNxDZUd":{"registrationId":215,"currentRatchet":{"ephemeralKeyPair":{"pubKey":"BWezmLG6KWYtpIY8rhEgGCbyiQ7NxQ89JpkhRc+8QdUZ","privKey":"WN67qBGp+OpdngW7u5k3pSakRJF6zjQCaFGooVEpOlQ="},"lastRemoteEphemeralKey":"BY0SXwUGP8si98hFLSx/bwUsxozfZLZOSeVgy/L5U49C","previousCounter":0,"rootKey":"HA/6zJ5hEG+Yq89IKwtrVT3xlbZFX6Nipy4YHC+ZdOM="},"indexInfo":{"baseKey":"BYTg4vAc/wR9AXHxzrSeF7TeJmrYKWrplo7ICoNxDZUd","baseKeyType":1,"closed":1721227177137,"used":1721227175306,"created":1721227175306,"remoteIdentityKey":"BTpbqzyj/lF2PYqgojI0cLkCp3hGfOHcVO0RKCCKXmdZ"},"_chains":{"BWezmLG6KWYtpIY8rhEgGCbyiQ7NxQ89JpkhRc+8QdUZ":{"chainKey":{"counter":-1,"key":"AcNLNiTxuZ7PNi0ydbEPPSmQFtBRT3dXTlVqNmapWWE="},"chainType":1,"messageKeys":{}}},"pendingPreKey":{"signedKeyId":1,"baseKey":"BYTg4vAc/wR9AXHxzrSeF7TeJmrYKWrplo7ICoNxDZUd"}},"BUSdilZdtwWUngf8QgOvDhyfrJEL2ZpPJ+Icwe/aGPxl":{"registrationId":215,"currentRatchet":{"ephemeralKeyPair":{"pubKey":"BR6c376RoTBLVTdz5gQ0FqFX1yN9OrFVxkgUHhgyS699","privKey":"EE4ZzMYFayRDeHcZYfQgxcTwZBdCuj96z3vpCpR9REc="},"lastRemoteEphemeralKey":"BY0SXwUGP8si98hFLSx/bwUsxozfZLZOSeVgy/L5U49C","previousCounter":0,"rootKey":"GyM9WGI6ckpI8ITGxg/0VcBpHGSPXpJbaq8i/17Si1w="},"indexInfo":{"baseKey":"BUSdilZdtwWUngf8QgOvDhyfrJEL2ZpPJ+Icwe/aGPxl","baseKeyType":1,"closed":-1,"used":1721227177135,"created":1721227177135,"remoteIdentityKey":"BTpbqzyj/lF2PYqgojI0cLkCp3hGfOHcVO0RKCCKXmdZ"},"_chains":{"BR6c376RoTBLVTdz5gQ0FqFX1yN9OrFVxkgUHhgyS699":{"chainKey":{"counter":1,"key":"GW97u4czzNLz8qOGNPX6Yv6jVpYtDq9+jJRg9uCQUnI="},"chainType":1,"messageKeys":{}}},"pendingPreKey":{"signedKeyId":1,"baseKey":"BUSdilZdtwWUngf8QgOvDhyfrJEL2ZpPJ+Icwe/aGPxl"}}},"version":"v1"}