{"_sessions":{"BZcXC58kBF1BxYq7pGIL2SNxKijySdYm33apMI4pYhdA":{"registrationId":1034879163,"currentRatchet":{"ephemeralKeyPair":{"pubKey":"BbQciyUq2lGGLsIhgrPM64zFVy0oLnRnjyAxqehNvOpr","privKey":"CJ52aZthxPnVdbloy0swex/zk8+EVRSO+IrER0IBemI="},"lastRemoteEphemeralKey":"Bbktsvbd5jBnh4pSEv7+AMFPMZJaoeJLEKIrko1PPlZQ","previousCounter":0,"rootKey":"shOoSI5G+JplHly/Kf8+ZNasudMqSZnl0aYgxNS0VS8="},"indexInfo":{"baseKey":"BZcXC58kBF1BxYq7pGIL2SNxKijySdYm33apMI4pYhdA","baseKeyType":1,"closed":-1,"used":1721196568635,"created":1721196568635,"remoteIdentityKey":"BdKPgejugzj8wOw1/+jDq22+zWuZA4F+dhOjzW6Ryrks"},"_chains":{"BbQciyUq2lGGLsIhgrPM64zFVy0oLnRnjyAxqehNvOpr":{"chainKey":{"counter":9,"key":"CqCwfNhg4fc00pDqb6trOAd9g3SeOCJfusq8mysOlYc="},"chainType":1,"messageKeys":{}}},"pendingPreKey":{"signedKeyId":1,"baseKey":"BZcXC58kBF1BxYq7pGIL2SNxKijySdYm33apMI4pYhdA","preKeyId":15743196}}},"version":"v1"}