{"_sessions":{"BRKRhk4QPjvYt1/DOnARxKFUxN9sWe7mZblFn7Nvwi9q":{"registrationId":1736889558,"currentRatchet":{"ephemeralKeyPair":{"pubKey":"BQgDykUDoYioPJjS5BWBiOF647zPhI9leb5auYaO6a9+","privKey":"GNh7I09dA9LS4GqXxWFlXO+PgEsGsmUpeP9TuTdT5mw="},"lastRemoteEphemeralKey":"BUTBEi4gKOn7fssNGrVcYLaQi66l1Ywt5FWeB4yTQs13","previousCounter":0,"rootKey":"1kP03C8piEAFCG8G/HqUgTja42PCh2HpbT+nk2yd3Mw="},"indexInfo":{"baseKey":"BRKRhk4QPjvYt1/DOnARxKFUxN9sWe7mZblFn7Nvwi9q","baseKeyType":1,"closed":-1,"used":1721196568645,"created":1721196568645,"remoteIdentityKey":"BceU6vfSzaB6bhuBUpyGbIqS6R2vqFgN3tyZT5r+1/QV"},"_chains":{"BQgDykUDoYioPJjS5BWBiOF647zPhI9leb5auYaO6a9+":{"chainKey":{"counter":9,"key":"aJX5up8zioJEixKraHkrsHS8hoLsUXSSdrB1UIRCGv8="},"chainType":1,"messageKeys":{}}},"pendingPreKey":{"signedKeyId":0,"baseKey":"BRKRhk4QPjvYt1/DOnARxKFUxN9sWe7mZblFn7Nvwi9q","preKeyId":13332853}}},"version":"v1"}