{"_sessions":{"BR+zVOHdNc3CjOUcyLXpRNOwCTTZ+9G/hOIBo7JraQl2":{"registrationId":6396,"currentRatchet":{"ephemeralKeyPair":{"pubKey":"BWmAJwnSnAMNIoYxedJngVX94/CJ/WIo6E8FuB0VixsZ","privKey":"WD5sSkGQWATnxT2G/ykeoBtXreZYei5KKduQW+OsZGU="},"lastRemoteEphemeralKey":"BWvKb3nlKG/JuPu3vLbn22kjtq7ipHtBIm0jLNcF5JQv","previousCounter":0,"rootKey":"KcaJC+a8GFfsm6E916FYbdBog3zLYJJCxW1CvGTppSc="},"indexInfo":{"baseKey":"BR+zVOHdNc3CjOUcyLXpRNOwCTTZ+9G/hOIBo7JraQl2","baseKeyType":1,"closed":-1,"used":1721227116313,"created":1721227116313,"remoteIdentityKey":"BRh6K6yH2tm4GcHLqUtXfsBR5MnhVUxIuuxcnxhHygpr"},"_chains":{"BWmAJwnSnAMNIoYxedJngVX94/CJ/WIo6E8FuB0VixsZ":{"chainKey":{"counter":0,"key":"Hk6gd7lUBf4ZLMiHmWZCc5rpCieOUP9fzb2rAI6WSKE="},"chainType":1,"messageKeys":{}}},"pendingPreKey":{"signedKeyId":1,"baseKey":"BR+zVOHdNc3CjOUcyLXpRNOwCTTZ+9G/hOIBo7JraQl2"}}},"version":"v1"}