{"_sessions":{"Bf+zU2W0K1Y+TaKU+yidcN5lfcnjN9UeLqS5Aqjsk+FA":{"registrationId":183412131,"currentRatchet":{"ephemeralKeyPair":{"pubKey":"BXi7LRJM1bs15e9nBzO22IAeKIiMwii4jopHcNW9+LZM","privKey":"YMHZ6Mdv75JCtFZYc6gomWoH37OtuRP9qVg6VLNhaUU="},"lastRemoteEphemeralKey":"BfqzGPlDHPJZsHNx26EhTyQcxlRPMDYV3t93oz1L+F19","previousCounter":0,"rootKey":"lYJECZ1QQFxh/sQGBjR2FxAUpgyvQOOEtIXRgbzozfI="},"indexInfo":{"baseKey":"Bf+zU2W0K1Y+TaKU+yidcN5lfcnjN9UeLqS5Aqjsk+FA","baseKeyType":1,"closed":-1,"used":1721227116724,"created":1721227116724,"remoteIdentityKey":"Bd+5XN80QjV9MWtrxhdbyD5dF0yp8vifBTc7a3pESEch"},"_chains":{"BXi7LRJM1bs15e9nBzO22IAeKIiMwii4jopHcNW9+LZM":{"chainKey":{"counter":0,"key":"Hwsx+KJxGJOukSLeaAMhAqS8auGeOuG/4yFdAWXCCd0="},"chainType":1,"messageKeys":{}}},"pendingPreKey":{"signedKeyId":0,"baseKey":"Bf+zU2W0K1Y+TaKU+yidcN5lfcnjN9UeLqS5Aqjsk+FA","preKeyId":4631298}}},"version":"v1"}