{"_sessions":{"BXR/bE4JXMj3DB5PAxBQDjrHMS777rRotHG245wVcp9R":{"registrationId":582104790,"currentRatchet":{"ephemeralKeyPair":{"pubKey":"BQJAkTUtqpcJsQdKHZ/9H4HJTN5wxHlNyPTP31YmigUn","privKey":"SImgDiOKHeXvL9YYkJ1OGOM+hyDj2cnQQ5vG3Lh9WVE="},"lastRemoteEphemeralKey":"BYmAvcA/Q7Mqx5gXoOL7tcKas6QmXM2S6r/WA6fX2/oT","previousCounter":0,"rootKey":"NDgT9U+KrwWac9yUVaYDyLL/xAFsBynqTTz9K7VYiM4="},"indexInfo":{"baseKey":"BXR/bE4JXMj3DB5PAxBQDjrHMS777rRotHG245wVcp9R","baseKeyType":1,"closed":-1,"used":1721227116742,"created":1721227116742,"remoteIdentityKey":"BZFQXIf0KYScnkruCSGoIjkWeiywDlraNz2GADaoZHZt"},"_chains":{"BQJAkTUtqpcJsQdKHZ/9H4HJTN5wxHlNyPTP31YmigUn":{"chainKey":{"counter":0,"key":"UPvVw/wCfq3jtE75wzWVdnDuEXArUDB8KYVXZVbYPqw="},"chainType":1,"messageKeys":{}}},"pendingPreKey":{"signedKeyId":0,"baseKey":"BXR/bE4JXMj3DB5PAxBQDjrHMS777rRotHG245wVcp9R"}}},"version":"v1"}