{"_sessions":{"BWX8jqYZx6gbs7dFJxFJ8mDMXFoI7R2UezyoxxfI9dkS":{"registrationId":317523010,"currentRatchet":{"ephemeralKeyPair":{"pubKey":"BV+ar8EJs3j04SBQQR0aJXWBwC6b/ViqAzaE2weTcScR","privKey":"SO/iijozPnTloswDMujmMceKdVi2pqsKMoqfm9gbp08="},"lastRemoteEphemeralKey":"BYIn8pt/c8lyG7aADpU5E6h5LTgNmK2U6UoB9c4cGG0R","previousCounter":0,"rootKey":"dbn/8j4/G3yoCr7wGTgPPWlrRckTs++kywyVuRdhhXM="},"indexInfo":{"baseKey":"BWX8jqYZx6gbs7dFJxFJ8mDMXFoI7R2UezyoxxfI9dkS","baseKeyType":1,"closed":1721227178482,"used":1721227175760,"created":1721227175760,"remoteIdentityKey":"BfuNb85Pe4bEqlErYBKfQVpvOo/acWxli59V1oOVPRtw"},"_chains":{"BV+ar8EJs3j04SBQQR0aJXWBwC6b/ViqAzaE2weTcScR":{"chainKey":{"counter":-1,"key":"kv8+Y5XLK/ylyrSLVJHPPHTiqeLZ2YwQlxx5tAOUoS8="},"chainType":1,"messageKeys":{}}},"pendingPreKey":{"signedKeyId":5,"baseKey":"BWX8jqYZx6gbs7dFJxFJ8mDMXFoI7R2UezyoxxfI9dkS","preKeyId":5909702}},"BYV/H672tBvzoljgntKneKpPR6X7kVnVKat261ukEjkx":{"registrationId":317523010,"currentRatchet":{"ephemeralKeyPair":{"pubKey":"BdJmhE6ePnhbVyR5knvkmanIcHfqp3DNG/ZKL8a10isE","privKey":"WNUIH9j8KY7OyEGktbNn4jicXpy+nZZTg+08gOO5T2k="},"lastRemoteEphemeralKey":"BYIn8pt/c8lyG7aADpU5E6h5LTgNmK2U6UoB9c4cGG0R","previousCounter":0,"rootKey":"aXejqhJzYfGyncXa5F5PH6EjW0tg/pk6E8fvMC5uPhI="},"indexInfo":{"baseKey":"BYV/H672tBvzoljgntKneKpPR6X7kVnVKat261ukEjkx","baseKeyType":1,"closed":-1,"used":1721227178481,"created":1721227178481,"remoteIdentityKey":"BfuNb85Pe4bEqlErYBKfQVpvOo/acWxli59V1oOVPRtw"},"_chains":{"BdJmhE6ePnhbVyR5knvkmanIcHfqp3DNG/ZKL8a10isE":{"chainKey":{"counter":1,"key":"yCPcSdS4CIJjuGG3Kak6zs0xtopjECPu0mwVQIJlEow="},"chainType":1,"messageKeys":{}}},"pendingPreKey":{"signedKeyId":5,"baseKey":"BYV/H672tBvzoljgntKneKpPR6X7kVnVKat261ukEjkx","preKeyId":5909720}}},"version":"v1"}