{"_sessions":{"BbYCQ1LcOZow8q2fYeUQfg8HXtkKoODtR8P2jKR1yC03":{"registrationId":58,"currentRatchet":{"ephemeralKeyPair":{"pubKey":"BVgflylzSp8pLRM/f/AWGmW0rdnYoV/B2tqguPWsdS4b","privKey":"oF6bWB4WZeFMxQHOeq8Zltl4anNe0Z1s22OJW3rUZUA="},"lastRemoteEphemeralKey":"BQ+Y/3SWT5SbyWjnc22TqbgQDqaVFH/DlLAJ0mcIIgoA","previousCounter":0,"rootKey":"GImqSt5zUYmKb7VhYPUiRkZIIzFwJUON/ZuddC2TyrM="},"indexInfo":{"baseKey":"BbYCQ1LcOZow8q2fYeUQfg8HXtkKoODtR8P2jKR1yC03","baseKeyType":1,"closed":-1,"used":1721196568284,"created":1721196568284,"remoteIdentityKey":"BX/TirGOHtbPJFmuhnwBHWVG5bvOd33br8FpMRg5YNlr"},"_chains":{"BVgflylzSp8pLRM/f/AWGmW0rdnYoV/B2tqguPWsdS4b":{"chainKey":{"counter":9,"key":"n23/jm47/xGw/OOOfKksRrv5DHjAkbcJFI2QGFfNvjY="},"chainType":1,"messageKeys":{}}},"pendingPreKey":{"signedKeyId":1,"baseKey":"BbYCQ1LcOZow8q2fYeUQfg8HXtkKoODtR8P2jKR1yC03"}}},"version":"v1"}