{"_sessions":{"BdGl2KwhRUAxiteoB2wYRfSw5nnEv/vY0uRzz+7ysQAG":{"registrationId":15671,"currentRatchet":{"ephemeralKeyPair":{"pubKey":"BY1asa0HUtSokTN2ny0fdNoUonob8/k/hycU4bv9D19g","privKey":"kMrN1lG77P5Sf9CPwQjTWJX+80rxZzWsYP+DLEGYF18="},"lastRemoteEphemeralKey":"BY2IA75ArZE/NfPrfo88OfyCtGXKvdAXxEVX9imdC+YI","previousCounter":0,"rootKey":"LXDLmCcXk3ln4I6/K3SuRe1evOEh18sRnYqkEAOB6I4="},"indexInfo":{"baseKey":"BdGl2KwhRUAxiteoB2wYRfSw5nnEv/vY0uRzz+7ysQAG","baseKeyType":1,"closed":-1,"used":1721196568261,"created":1721196568261,"remoteIdentityKey":"BZpFG56fFLGnV8suqc4uxtivlt0ogMYCgjMuzagpjHZG"},"_chains":{"BY1asa0HUtSokTN2ny0fdNoUonob8/k/hycU4bv9D19g":{"chainKey":{"counter":9,"key":"huz22DfcVdaIs51aEvKP5rhAeQk/S2w+4XKkJ99UPb8="},"chainType":1,"messageKeys":{}}},"pendingPreKey":{"signedKeyId":1,"baseKey":"BdGl2KwhRUAxiteoB2wYRfSw5nnEv/vY0uRzz+7ysQAG"}}},"version":"v1"}