{"_sessions":{"BQMA1ui4fdKgQpceugna9zh0Y6vCttLhgl0iXPaNSKUm":{"registrationId":127889055,"currentRatchet":{"ephemeralKeyPair":{"pubKey":"BaIolI4GRKWq8qZWFH9goFsL4wDAo01uQ5lxlDtCki1i","privKey":"EJ6WhCwe79ODIstRLyKfzPMkFVumu2cP3h7XrpNd/3w="},"lastRemoteEphemeralKey":"BR+/5IG4VfJHkaLewCcgrhINc2/vKSxhlfgCqr3gNJcO","previousCounter":0,"rootKey":"pfAEnXOaAQ9U8qkzMN3uBUQsMICYGC5BMJHzw3fBezI="},"indexInfo":{"baseKey":"BQMA1ui4fdKgQpceugna9zh0Y6vCttLhgl0iXPaNSKUm","baseKeyType":1,"closed":-1,"used":1721196568840,"created":1721196568840,"remoteIdentityKey":"BTeIMZnpp1LkWz/EvnvstFi/4XXWmIdLGWH1MBuYWYsg"},"_chains":{"BaIolI4GRKWq8qZWFH9goFsL4wDAo01uQ5lxlDtCki1i":{"chainKey":{"counter":9,"key":"pojoozYyFXgW7Omzm2Tn+lLx4WL72Kc2B+UvxsbIo1c="},"chainType":1,"messageKeys":{}}},"pendingPreKey":{"signedKeyId":3,"baseKey":"BQMA1ui4fdKgQpceugna9zh0Y6vCttLhgl0iXPaNSKUm","preKeyId":6066693}}},"version":"v1"}