{"_sessions":{"BecnapAg0DvseM+EgjtlkO2St6L12JeGPM5P5C3oy2ET":{"registrationId":1888898168,"currentRatchet":{"ephemeralKeyPair":{"pubKey":"BS6d2MwE3Lq9ES2vfH01ttQSOI9aUKSLUchdDPXPzBdq","privKey":"uF4iZ74oDDDy2eWH0ivMKazIfk2FE9c10v3nbSBwLmQ="},"lastRemoteEphemeralKey":"BfClV0wg0yVXp37zFmyS76mTVZmQAsRT2QK+sDovTDk1","previousCounter":0,"rootKey":"IpgOMQjsYJ4WbBWQcFRbmoNsJIBmumlvS+OjJb6IEPg="},"indexInfo":{"baseKey":"BecnapAg0DvseM+EgjtlkO2St6L12JeGPM5P5C3oy2ET","baseKeyType":1,"closed":-1,"used":1721196568689,"created":1721196568689,"remoteIdentityKey":"BQSJYNfPCmciLpf5pgfcF/gbvBoe75msB4Y9Znd7PNk1"},"_chains":{"BS6d2MwE3Lq9ES2vfH01ttQSOI9aUKSLUchdDPXPzBdq":{"chainKey":{"counter":9,"key":"SqRuUdweQwxyqgsefn6ZOqh3TpeTURVPROzzCpUUhSc="},"chainType":1,"messageKeys":{}}},"pendingPreKey":{"signedKeyId":0,"baseKey":"BecnapAg0DvseM+EgjtlkO2St6L12JeGPM5P5C3oy2ET","preKeyId":15663869}}},"version":"v1"}