{"_sessions":{"BR4L/niGx9+T8OYjuwZ7eKsaBqjdkDAJXB10BCLXVJwZ":{"registrationId":108,"currentRatchet":{"ephemeralKeyPair":{"pubKey":"BR0arqFZbTHMh9p8hoDQvh47tJ9WItMnibH8CIOzVBwV","privKey":"iGYIxrJJzmEHB9m3+FGkvzH5bDBBSs4gufgGPZjyT3s="},"lastRemoteEphemeralKey":"BTHUEZgoNYJtYinwb0nqKicOCKQjw/CqVFWejRMaBkcl","previousCounter":0,"rootKey":"uQDkqv0TUdD1cQoa7oVLzqkMyD/afsln+AsR2auBTXU="},"indexInfo":{"baseKey":"BR4L/niGx9+T8OYjuwZ7eKsaBqjdkDAJXB10BCLXVJwZ","baseKeyType":1,"closed":-1,"used":1721196568342,"created":1721196568342,"remoteIdentityKey":"BYm6K0SkoeUx4u0s3fynGTpyJvxKHZdvRLk6W35PxGRy"},"_chains":{"BR0arqFZbTHMh9p8hoDQvh47tJ9WItMnibH8CIOzVBwV":{"chainKey":{"counter":9,"key":"1KiF6dWy/eshuluWnk7x8y0EvMl20tf4K6wuk67Z6nc="},"chainType":1,"messageKeys":{}}},"pendingPreKey":{"signedKeyId":1,"baseKey":"BR4L/niGx9+T8OYjuwZ7eKsaBqjdkDAJXB10BCLXVJwZ"}}},"version":"v1"}