{"_sessions":{"BXxwHxTDCSX8moHBKngN3e46B6ruOVNe6VsjwOCQj/N6":{"registrationId":1629585942,"currentRatchet":{"ephemeralKeyPair":{"pubKey":"BUdsVDSCmeCY6tBnJyhEHETgM9XffrKlfnbZQO/4lzEM","privKey":"EOactP+/3rwCoU1D4sPldEEeTrjGS/queg8Ht1YIW3w="},"lastRemoteEphemeralKey":"BSyMMTu7vcD8z/3vEVI41IYPc2OclLP+j7NLZ3kd1alA","previousCounter":0,"rootKey":"s4wQc5pb8Hnxn13W05cjmddeBFP7K2cHcQgASyeLw+k="},"indexInfo":{"baseKey":"BXxwHxTDCSX8moHBKngN3e46B6ruOVNe6VsjwOCQj/N6","baseKeyType":2,"closed":-1,"used":1721196652519,"created":1721196652519,"remoteIdentityKey":"BWKf0d9MgNIyZOjfxNKt2epJM61w4qeXxq/lCEB2Y7FP"},"_chains":{"BSyMMTu7vcD8z/3vEVI41IYPc2OclLP+j7NLZ3kd1alA":{"chainKey":{"counter":0,"key":"s1zXoAifJNxtQ7iQsgVSs6g+0WbmQCOAhimkqDQ+XOw="},"chainType":2,"messageKeys":{}},"BUdsVDSCmeCY6tBnJyhEHETgM9XffrKlfnbZQO/4lzEM":{"chainKey":{"counter":-1,"key":"RzBKr3iNyg3X2GzG05O949mJ5FyjGGV6/DGEOienjc4="},"chainType":1,"messageKeys":{}}}}},"version":"v1"}