{"_sessions":{"BTJVbIrMDfJT1iUifAaje16FoMPDJoHIEVxPJaWm7Ega":{"registrationId":12653,"currentRatchet":{"ephemeralKeyPair":{"pubKey":"BWnFTOwwMWJV5bj/e/Tyov45LdgOXH/IId4uXW4jZOsZ","privKey":"8N5sP3atl7XhdEW8pga6orjK2yzdqKuZkhwvzSQlpEQ="},"lastRemoteEphemeralKey":"BWQkhkW4P3ZoUkI5OhStrC9XgLC/iOjqCFwsYoM61kZC","previousCounter":0,"rootKey":"CVA10rxKjxeFWrylV8fHPzueujNpN+wojYVEH18U7ks="},"indexInfo":{"baseKey":"BTJVbIrMDfJT1iUifAaje16FoMPDJoHIEVxPJaWm7Ega","baseKeyType":1,"closed":-1,"used":1721227116020,"created":1721227116020,"remoteIdentityKey":"BVUsl27lcsflnmi9u24tQhiL1gN7eea155Js1aPjNQMo"},"_chains":{"BWnFTOwwMWJV5bj/e/Tyov45LdgOXH/IId4uXW4jZOsZ":{"chainKey":{"counter":0,"key":"sr0CdQcmRFtXV0V7QXSSe3L0zVYbE0fvgESIWjxavco="},"chainType":1,"messageKeys":{}}},"pendingPreKey":{"signedKeyId":1,"baseKey":"BTJVbIrMDfJT1iUifAaje16FoMPDJoHIEVxPJaWm7Ega"}}},"version":"v1"}