{"_sessions":{"BQOK6dGfrMtH2QrN/OSzmqjcrzyhvouD3T6L0CBKaK4+":{"registrationId":2061919623,"currentRatchet":{"ephemeralKeyPair":{"pubKey":"BcYpUstZoxxNv4+QpiMYZyrdOLf4ccf3Q+eSu0n1gVUq","privKey":"0Hj3PDGFDKGfVwk/SyvZaNvvimW1rqt1c0dHsFX/0m8="},"lastRemoteEphemeralKey":"BXwBmmoiMOhAyjb0jUrGG/1vIOBSbqKHLXM3dSCFJi1Q","previousCounter":0,"rootKey":"XAyKKTDVRtS1vk+V7rxzkLHi5Xzx4VpguPQVlun5xk8="},"indexInfo":{"baseKey":"BQOK6dGfrMtH2QrN/OSzmqjcrzyhvouD3T6L0CBKaK4+","baseKeyType":1,"closed":-1,"used":1721227116609,"created":1721227116609,"remoteIdentityKey":"BYq/kXC43ZrNTAMzcZW92NoqY2/WMDZoq6Km3J7VEEgo"},"_chains":{"BcYpUstZoxxNv4+QpiMYZyrdOLf4ccf3Q+eSu0n1gVUq":{"chainKey":{"counter":0,"key":"h0HgC0jtk4DmTifm+WRittNcqtNVTUR7HSlpy/AeUsM="},"chainType":1,"messageKeys":{}}},"pendingPreKey":{"signedKeyId":1,"baseKey":"BQOK6dGfrMtH2QrN/OSzmqjcrzyhvouD3T6L0CBKaK4+","preKeyId":11317100}}},"version":"v1"}