{"_sessions":{"BSZaCLTEym/3JhTyPLnbQVx7U9fNk2jxtb/0ypXM/rsJ":{"registrationId":14,"currentRatchet":{"ephemeralKeyPair":{"pubKey":"BTsvhvT8ZkSS26gWaYJ5lZLyVAmhyY9QgrQiyCFfG/Uf","privKey":"uMEJ5+pPjmKWwBoTnITGRvXEVSRA+HqHLfIfyGxh22s="},"lastRemoteEphemeralKey":"BU5gvWyisUBiCFjGRL2cc2+cdk9Rm0J2tYI7tkq3iN01","previousCounter":0,"rootKey":"INRIiqzPZdo3zsTDhEx8KnvUfp2uyvYeXowKgEQrFdU="},"indexInfo":{"baseKey":"BSZaCLTEym/3JhTyPLnbQVx7U9fNk2jxtb/0ypXM/rsJ","baseKeyType":1,"closed":-1,"used":1721196568244,"created":1721196568244,"remoteIdentityKey":"BUb+KIQxyTmKWnaHro7W0kKwp1BBLpEQlTFaWzXEyW5U"},"_chains":{"BTsvhvT8ZkSS26gWaYJ5lZLyVAmhyY9QgrQiyCFfG/Uf":{"chainKey":{"counter":9,"key":"1QFX7yRDw07F8qPn5WRGrVntppkb4QrfrFP/qUh7X6Y="},"chainType":1,"messageKeys":{}}},"pendingPreKey":{"signedKeyId":1,"baseKey":"BSZaCLTEym/3JhTyPLnbQVx7U9fNk2jxtb/0ypXM/rsJ"}}},"version":"v1"}