{"_sessions":{"BRAmGn44sPNadyhERTmu0u8Uv+fCTAr0MoBHv8QOBHNu":{"registrationId":1809691200,"currentRatchet":{"ephemeralKeyPair":{"pubKey":"BUQWUdpqKrpSEYrdqWy4xTxTL8+Y8Dy95IXkLxquDJwn","privKey":"wANgfphRY/12Ay/YVZBJn6I9WAuihRUBGhVu+qJ9HnI="},"lastRemoteEphemeralKey":"BXLD/s+Xp1Ya3zavEy6ztps99l6aYFgl+nQ9BEEy0T5n","previousCounter":0,"rootKey":"xHpwuvukwuzi/4qjN5Hbw6y58qnXxmInTX3C1JolyTc="},"indexInfo":{"baseKey":"BRAmGn44sPNadyhERTmu0u8Uv+fCTAr0MoBHv8QOBHNu","baseKeyType":1,"closed":-1,"used":1721227117217,"created":1721227117217,"remoteIdentityKey":"BcU3RaDTPbyoQp7q7FEk5Jm4L78weWXGHZTZnX2uvwtm"},"_chains":{"BUQWUdpqKrpSEYrdqWy4xTxTL8+Y8Dy95IXkLxquDJwn":{"chainKey":{"counter":0,"key":"eK3ZwbVhRXpoOynR+6BZ4Wkc4QeF7dMJH97qOl8apec="},"chainType":1,"messageKeys":{}}},"pendingPreKey":{"signedKeyId":0,"baseKey":"BRAmGn44sPNadyhERTmu0u8Uv+fCTAr0MoBHv8QOBHNu"}}},"version":"v1"}