{"_sessions":{"Bcp6StEjaFVeU7laeVVMJUFyYQgpHWHvOWjWw6La3b8X":{"registrationId":985505277,"currentRatchet":{"ephemeralKeyPair":{"pubKey":"Betkt+71fPsnXjInqKyYN68+JnrcAa6j+iVY28dVFYVy","privKey":"YLEZzL3pU5cnVyaohAzhjFJnd3cY4zGJep/0ptD8Dno="},"lastRemoteEphemeralKey":"BexJrGDs8+R7q4xzNAajIK8x+Ml4jFj6HUdtFss60msH","previousCounter":0,"rootKey":"ZawciKa+XQThoDAUC5TDT5oXyE43zhEuRYniLdk08YQ="},"indexInfo":{"baseKey":"Bcp6StEjaFVeU7laeVVMJUFyYQgpHWHvOWjWw6La3b8X","baseKeyType":1,"closed":-1,"used":1721227116623,"created":1721227116623,"remoteIdentityKey":"BWLr/Dy6DC51WBIHsSljlvi6Rq2qCs/jXjyZpOc0N90O"},"_chains":{"Betkt+71fPsnXjInqKyYN68+JnrcAa6j+iVY28dVFYVy":{"chainKey":{"counter":0,"key":"dvtBO5zZNkPbDapplKH3ZJOxS4HjdkzpjyzjF7GTNoU="},"chainType":1,"messageKeys":{}}},"pendingPreKey":{"signedKeyId":1,"baseKey":"Bcp6StEjaFVeU7laeVVMJUFyYQgpHWHvOWjWw6La3b8X"}}},"version":"v1"}