{"_sessions":{"BThK/K49CigjB1j3F4FMaeIaYxbL6BdoVArEQLoJ5Bgz":{"registrationId":632238956,"currentRatchet":{"ephemeralKeyPair":{"pubKey":"BX71bCg62M8NN2U9D/sdlIFVMYPCbJkgiXd0jsTSLUMm","privKey":"UFSUvW4A4RFVm3IlfkhX8qmRrLZvlUX94dcVJYlNflI="},"lastRemoteEphemeralKey":"BTMFF3GL2NySeyxaXgbtSe8rfLx3EMo1tcrcpFXrsHcg","previousCounter":0,"rootKey":"tNJYNbNQbnglGUohKXvXUHwAAOjm9MgH7oJTI7vPrCE="},"indexInfo":{"baseKey":"BThK/K49CigjB1j3F4FMaeIaYxbL6BdoVArEQLoJ5Bgz","baseKeyType":1,"closed":1721227178563,"used":1721227175803,"created":1721227175803,"remoteIdentityKey":"Bet9bVL4N2tBOGLholx1ePjNsUPEnSVukflzeHrhmYR8"},"_chains":{"BX71bCg62M8NN2U9D/sdlIFVMYPCbJkgiXd0jsTSLUMm":{"chainKey":{"counter":-1,"key":"4YFPakviUp7anr6jeHo6lB1GVqgFnYHSjywKh7h/S/o="},"chainType":1,"messageKeys":{}}},"pendingPreKey":{"signedKeyId":0,"baseKey":"BThK/K49CigjB1j3F4FMaeIaYxbL6BdoVArEQLoJ5Bgz"}},"BfrYUmPE/E9bDm4o6Vpa+3c68c4AvCtoBYHJ2wzAbskk":{"registrationId":632238956,"currentRatchet":{"ephemeralKeyPair":{"pubKey":"BWTHyaQ7BvR0+EBBxnHligx6dwfNHI6H1v+JQOmrH4ZW","privKey":"YN99Aukwn3CPxu0yiY3if0sr2qadBs9UASAZbBqLT2s="},"lastRemoteEphemeralKey":"BTMFF3GL2NySeyxaXgbtSe8rfLx3EMo1tcrcpFXrsHcg","previousCounter":0,"rootKey":"LPJsPEB1UDSLIOsSlS9R8OB6n7PMPtIJCOxSXVTIum4="},"indexInfo":{"baseKey":"BfrYUmPE/E9bDm4o6Vpa+3c68c4AvCtoBYHJ2wzAbskk","baseKeyType":1,"closed":-1,"used":1721227178562,"created":1721227178562,"remoteIdentityKey":"Bet9bVL4N2tBOGLholx1ePjNsUPEnSVukflzeHrhmYR8"},"_chains":{"BWTHyaQ7BvR0+EBBxnHligx6dwfNHI6H1v+JQOmrH4ZW":{"chainKey":{"counter":1,"key":"13ONk6szVaBMugGdU5VlcfFss3tF6sZKSkXC+epkLiI="},"chainType":1,"messageKeys":{}}},"pendingPreKey":{"signedKeyId":0,"baseKey":"BfrYUmPE/E9bDm4o6Vpa+3c68c4AvCtoBYHJ2wzAbskk"}}},"version":"v1"}