{"_sessions":{"BZrwpROzyL7KdZDJS3cSnTIa+qPCa2FxF6BUPh7/MNdA":{"registrationId":1744634987,"currentRatchet":{"ephemeralKeyPair":{"pubKey":"BfcxddEt4o9VeBiVSDtVUAqCZp7tG8Sel2zrESjyxMZE","privKey":"WJh49I+gdUHONJKIdxzgahNw+vBAh8OTGXJ/gmQtGVM="},"lastRemoteEphemeralKey":"BR54qSco01Qlb2FPnegIi4IbAYSlTeK5PgiAKCChzlAS","previousCounter":0,"rootKey":"hE11tP+pdaoHDEyGn3TqalGVjVvbQ8LG1i3dklDo/rs="},"indexInfo":{"baseKey":"BZrwpROzyL7KdZDJS3cSnTIa+qPCa2FxF6BUPh7/MNdA","baseKeyType":1,"closed":-1,"used":1721227116405,"created":1721227116405,"remoteIdentityKey":"BYvoCnDSheliPQYAv8KC0kA91azACsj3gVIOwOq6V1sX"},"_chains":{"BfcxddEt4o9VeBiVSDtVUAqCZp7tG8Sel2zrESjyxMZE":{"chainKey":{"counter":0,"key":"Ln03TemgBZ6iO9Zi8mWD/2VIqgrijBJWfsJUzgHVAeU="},"chainType":1,"messageKeys":{}}},"pendingPreKey":{"signedKeyId":0,"baseKey":"BZrwpROzyL7KdZDJS3cSnTIa+qPCa2FxF6BUPh7/MNdA"}}},"version":"v1"}