{"_sessions":{"BR2wB/VeMdLPepL9PNP42Nj4fz9oWlse2y7pzmz61Aww":{"registrationId":723038208,"currentRatchet":{"ephemeralKeyPair":{"pubKey":"BRdUfsuAsrhk4dyV3ZuPH6Y2B5ANjwuaNwp6BQ7ywgkV","privKey":"qCZdkUVAVUmecgBR6QtGX0fz2ljLgDrEiTB8BprIbGA="},"lastRemoteEphemeralKey":"BdFNuQy2ysoy99+1XRpHRx9eFGMCIpHw7iSSQx/QNxtz","previousCounter":0,"rootKey":"+8yFHg+ZdxPHstvessUjAN/f33euKi3OuskRn6F3zgM="},"indexInfo":{"baseKey":"BR2wB/VeMdLPepL9PNP42Nj4fz9oWlse2y7pzmz61Aww","baseKeyType":1,"closed":-1,"used":1721227117339,"created":1721227117339,"remoteIdentityKey":"BbYQHLq4cgVCrId5GEiRpkDyYXJPlkGSNQpXWiQuRX9b"},"_chains":{"BRdUfsuAsrhk4dyV3ZuPH6Y2B5ANjwuaNwp6BQ7ywgkV":{"chainKey":{"counter":0,"key":"4K6ewA8I5vQETy1q5Lo8J+6INS2zJWuUyE2yR9dxefc="},"chainType":1,"messageKeys":{}}},"pendingPreKey":{"signedKeyId":0,"baseKey":"BR2wB/VeMdLPepL9PNP42Nj4fz9oWlse2y7pzmz61Aww"}}},"version":"v1"}