{"_sessions":{"BSXN+mTzANpd2O8qNM59luZXtaXNC0NVhu2j/ZYmq+Z0":{"registrationId":1630616975,"currentRatchet":{"ephemeralKeyPair":{"pubKey":"BX5H6Z18dOeu1urZdMyt0mijiXofNkT4+ZG4VhAHHA52","privKey":"KGu56rHxRAEUP9kcTmAft98mOO9NVRv8u5XsDMdSQnI="},"lastRemoteEphemeralKey":"BZb/1HZA5PmnI+yHSpBRvfpv3M3iSWwmJJFxfCb3WyRu","previousCounter":0,"rootKey":"dNrhutxCn0/2dpge/eiTnvIajZpL+hOmZfWVSYZIZHo="},"indexInfo":{"baseKey":"BSXN+mTzANpd2O8qNM59luZXtaXNC0NVhu2j/ZYmq+Z0","baseKeyType":1,"closed":-1,"used":1721196568564,"created":1721196568564,"remoteIdentityKey":"BeM3uttfgYaWfM1e3q1AMsQ07/s6wnpwf+VbLZ4got93"},"_chains":{"BX5H6Z18dOeu1urZdMyt0mijiXofNkT4+ZG4VhAHHA52":{"chainKey":{"counter":9,"key":"Tm4vZVBgKHuOtou+PDSOmdQkd9zdBD1MFUYiQ2ralpA="},"chainType":1,"messageKeys":{}}},"pendingPreKey":{"signedKeyId":4,"baseKey":"BSXN+mTzANpd2O8qNM59luZXtaXNC0NVhu2j/ZYmq+Z0","preKeyId":6322830}}},"version":"v1"}