{"_sessions":{"BfK/QFznYvd7GcuiPbaf2JlAmL84pFNYHCrmfiQJbBVe":{"registrationId":3550,"currentRatchet":{"ephemeralKeyPair":{"pubKey":"BeOAODSDZs7SBbOzUjqtHmt05TxdPGuItuBK+czRZGgu","privKey":"OKbvDJTAyAK664GMPdN9GwM883cSbiK2JZUYZ2FAwlc="},"lastRemoteEphemeralKey":"BU1PjFVUtTtJfDm15G4tGXFWqP93zvvHgbGfgWoGLrkM","previousCounter":0,"rootKey":"Pnd8aWte/8MC44rEOCI06/hzPyNpZqpHwlo/zACTfX4="},"indexInfo":{"baseKey":"BfK/QFznYvd7GcuiPbaf2JlAmL84pFNYHCrmfiQJbBVe","baseKeyType":1,"closed":-1,"used":1721227116105,"created":1721227116105,"remoteIdentityKey":"BWO9dLqN+5yEJ+TXb8tr5fHwqKoEn33uGpSewPy77AQG"},"_chains":{"BeOAODSDZs7SBbOzUjqtHmt05TxdPGuItuBK+czRZGgu":{"chainKey":{"counter":0,"key":"CqZlBZRxKsnAFX40Z8+45fyAxECA2t2Oh4gK3DhtmOo="},"chainType":1,"messageKeys":{}}},"pendingPreKey":{"signedKeyId":1,"baseKey":"BfK/QFznYvd7GcuiPbaf2JlAmL84pFNYHCrmfiQJbBVe"}}},"version":"v1"}