{"_sessions":{"BZAbhxshBt1L/Z09urw9Uf8iXaVcUmGKxh/jC3djvNI3":{"registrationId":8806,"currentRatchet":{"ephemeralKeyPair":{"pubKey":"BXsOF9scbu3tVccSz3WkYMF8QT1TrNZTdtrOFMNaji1h","privKey":"IBTpx5Izx2by7qprH+gXfQc6744DrT4N8WLqhtD2+1g="},"lastRemoteEphemeralKey":"BWJZwVdwXPTV2o8yfUTvFmZQgh79tMCZhc6NN5zMPd8n","previousCounter":0,"rootKey":"1+XbFNLLxmW+ceMbDUkeGELUb5/N3HDDn9F+dMHQlI8="},"indexInfo":{"baseKey":"BZAbhxshBt1L/Z09urw9Uf8iXaVcUmGKxh/jC3djvNI3","baseKeyType":1,"closed":-1,"used":1721227115673,"created":1721227115673,"remoteIdentityKey":"BQbj/qrzm6fABFyHPr7VmBx0Z0NCqdLF8Sk7XaJC5y0t"},"_chains":{"BXsOF9scbu3tVccSz3WkYMF8QT1TrNZTdtrOFMNaji1h":{"chainKey":{"counter":0,"key":"KRR8EEuNHaZhbP9umjsh0T4+5h04L7DSJq59n076/Qw="},"chainType":1,"messageKeys":{}}},"pendingPreKey":{"signedKeyId":1,"baseKey":"BZAbhxshBt1L/Z09urw9Uf8iXaVcUmGKxh/jC3djvNI3"}}},"version":"v1"}