{"_sessions":{"BXZ2LS3iEzkF7CUk8XyyQlXSC6k6J55jorRfLlMazBtA":{"registrationId":482545783,"currentRatchet":{"ephemeralKeyPair":{"pubKey":"BeiiQ+DQChjuTsp9PNG3GOfL9l7hx7SsVqC/vJExXghx","privKey":"6IBpsdtoiCS7iMtItM8FvY56qQb9S4CJBRA19PlmoUY="},"lastRemoteEphemeralKey":"BW1Yk3byLh8fnSSOB5HJlG5BqfGBOfQ7Tl1YuEOiktdn","previousCounter":0,"rootKey":"y5bZCwi4U5ZhDEWXYElGNOn8b2GcT319bLktJxZEvso="},"indexInfo":{"baseKey":"BXZ2LS3iEzkF7CUk8XyyQlXSC6k6J55jorRfLlMazBtA","baseKeyType":1,"closed":-1,"used":1721196568640,"created":1721196568640,"remoteIdentityKey":"BTnHS2RXmJS226nPf/DVQADui+8CgKpZXeL0j6j2/mxN"},"_chains":{"BeiiQ+DQChjuTsp9PNG3GOfL9l7hx7SsVqC/vJExXghx":{"chainKey":{"counter":9,"key":"lijFJHQyIT3dTsCipxDDDfm7iai9PCMbE3KH2Evti+U="},"chainType":1,"messageKeys":{}}},"pendingPreKey":{"signedKeyId":0,"baseKey":"BXZ2LS3iEzkF7CUk8XyyQlXSC6k6J55jorRfLlMazBtA","preKeyId":781159}}},"version":"v1"}