{"_sessions":{"BaX0fWHB4N5RKJuHS3IUjlqY19y2luDL/wRQHHs+qZlq":{"registrationId":15915,"currentRatchet":{"ephemeralKeyPair":{"pubKey":"Bct0KetwNUOraEx8XMvEpkDNJazZdUc/x5F/umqviRUq","privKey":"2DP/kRZLTC1uwKbt0ZxDTKMzLRackAXsj1ru0yYljWc="},"lastRemoteEphemeralKey":"BeBw59IdfNvU3Gj4wTxw5YttxikCD8VDKuyd3vUjBoA6","previousCounter":0,"rootKey":"KX1NUm4MIt7rc8QmdwVlR/9+hTk/A/ZevdtKA4AMObc="},"indexInfo":{"baseKey":"BaX0fWHB4N5RKJuHS3IUjlqY19y2luDL/wRQHHs+qZlq","baseKeyType":1,"closed":-1,"used":1721227116357,"created":1721227116357,"remoteIdentityKey":"Bex4Mo7+F3haH+zWUI5uVF2tl/qsYvun5OhrzEVGu0YS"},"_chains":{"Bct0KetwNUOraEx8XMvEpkDNJazZdUc/x5F/umqviRUq":{"chainKey":{"counter":0,"key":"osbia9LvKcdl1XqauB1VpmryGkA/dA+y+4l+C9M+Vlk="},"chainType":1,"messageKeys":{}}},"pendingPreKey":{"signedKeyId":1,"baseKey":"BaX0fWHB4N5RKJuHS3IUjlqY19y2luDL/wRQHHs+qZlq","preKeyId":2251}}},"version":"v1"}