{"_sessions":{"BVuX7scngKwkDn2Aj4//wX0PV2qRBqUWPVr1zf2jpjlI":{"registrationId":1175628279,"currentRatchet":{"ephemeralKeyPair":{"pubKey":"BbUJtc/hw8mssA46FxebQvozqOfnXiG8HHb7awgOoo9H","privKey":"8IKIvwp4zyS93jvfhHajbw2CQaBPfHtYO8Tf4V3IC0o="},"lastRemoteEphemeralKey":"BUhqQss8EjQvp2ViCaEn2p6dulUmyE5oJ7MKjoYYjaIL","previousCounter":0,"rootKey":"3oqwhFd6jPwUGy43UzuvuyVXw1FsAlKCFeaf3aI6yw8="},"indexInfo":{"baseKey":"BVuX7scngKwkDn2Aj4//wX0PV2qRBqUWPVr1zf2jpjlI","baseKeyType":1,"closed":-1,"used":1721227117644,"created":1721227117644,"remoteIdentityKey":"BZq3+0vR41Ahc4WaxaCAWGq64dJWystp5PUdvc2n/xhh"},"_chains":{"BbUJtc/hw8mssA46FxebQvozqOfnXiG8HHb7awgOoo9H":{"chainKey":{"counter":0,"key":"BY/9tScPW2/83uQh2Pd0eVG2qPaUEocEsT+rF/vdBKU="},"chainType":1,"messageKeys":{}}},"pendingPreKey":{"signedKeyId":1,"baseKey":"BVuX7scngKwkDn2Aj4//wX0PV2qRBqUWPVr1zf2jpjlI","preKeyId":15608751}}},"version":"v1"}