{"_sessions":{"BdIeR8FgjB2Em8VBTpQqPWCkTkMFDXbT2EyWifdWgaoB":{"registrationId":1363858910,"currentRatchet":{"ephemeralKeyPair":{"pubKey":"Bfm3p3yP26rMYZoAAim3YNPxxh37IDruw+YiB7ty0I9v","privKey":"IGDxEs+ueEC7Ep5/hnreNezRXAqygGbP1IahD52A00M="},"lastRemoteEphemeralKey":"BcAO7jqekHHO5Bg8SUsj5jEVQBai+dY/U/DZFeXHbQBD","previousCounter":0,"rootKey":"xLJivATQeOqmWEhjdVT8mlFeQYUbhkSvwSGCDbW6nT4="},"indexInfo":{"baseKey":"BdIeR8FgjB2Em8VBTpQqPWCkTkMFDXbT2EyWifdWgaoB","baseKeyType":1,"closed":-1,"used":1721196568465,"created":1721196568465,"remoteIdentityKey":"Bfi1Ix0B4Y9hLnLbKXrZTAvPZ3iMakQPHhOwCjgSbtp7"},"_chains":{"Bfm3p3yP26rMYZoAAim3YNPxxh37IDruw+YiB7ty0I9v":{"chainKey":{"counter":9,"key":"JfowYddu+pvnVDAuIuHycAI3rNEOyMTJAFj/89oY2IM="},"chainType":1,"messageKeys":{}}},"pendingPreKey":{"signedKeyId":9,"baseKey":"BdIeR8FgjB2Em8VBTpQqPWCkTkMFDXbT2EyWifdWgaoB","preKeyId":9170524}}},"version":"v1"}