{"_sessions":{"BQ+HzCsFMQLjQoLx1oOfO7+tiiLMVuFhaai0JMAF0DQt":{"registrationId":74,"currentRatchet":{"ephemeralKeyPair":{"pubKey":"BWR+y6OVuvg7/ofDZ4l/niUSzonmf2AQzdCFNXFNUZ1h","privKey":"GEXeUcGEr5BslQogYT3dqskLEHmpBXgPLl+N6apQTX0="},"lastRemoteEphemeralKey":"BR1zcMEWgTttCxpOoKLCmUUlCm61LVgR2Y+E0dFzjRd+","previousCounter":0,"rootKey":"w3TEWom8ByXlf0wATl2Nen9Hzj9lakUUu/ozR2upL44="},"indexInfo":{"baseKey":"BQ+HzCsFMQLjQoLx1oOfO7+tiiLMVuFhaai0JMAF0DQt","baseKeyType":1,"closed":-1,"used":1721196568155,"created":1721196568155,"remoteIdentityKey":"BXkhz2YB7M4wJVEAL/fYWKL9XM6kRqajjWOX9ssKU0hP"},"_chains":{"BWR+y6OVuvg7/ofDZ4l/niUSzonmf2AQzdCFNXFNUZ1h":{"chainKey":{"counter":9,"key":"P4ALydpvJt+SnjWKnJpXcSnFlPhqpSSwiNFUaIH2+C8="},"chainType":1,"messageKeys":{}}},"pendingPreKey":{"signedKeyId":1,"baseKey":"BQ+HzCsFMQLjQoLx1oOfO7+tiiLMVuFhaai0JMAF0DQt"}}},"version":"v1"}