{"_sessions":{"BTvBeATtK3oCGuOGuaOPwPkviaxgOa2hA4xCd4ZUW3V2":{"registrationId":1691669082,"currentRatchet":{"ephemeralKeyPair":{"pubKey":"BZLN23jvgH7/kQKiTZSTiHKoZGkf9Gm3dFPOlFmtxwYJ","privKey":"GF6GBcNYXeApAqtL3eR/pV/epK7jZ3lNIS6wpmUJX34="},"lastRemoteEphemeralKey":"BZahsEdOXhLPjqLyMl0JvEd7zyX4R841Hlr0wiFKLTk+","previousCounter":0,"rootKey":"nuNzQVmT0WOpRNPJ/Mxf09iBzhQpKLfj6xB14ni1NrY="},"indexInfo":{"baseKey":"BTvBeATtK3oCGuOGuaOPwPkviaxgOa2hA4xCd4ZUW3V2","baseKeyType":1,"closed":-1,"used":1721196568433,"created":1721196568433,"remoteIdentityKey":"BXhV2ynS4Zf3lIkSfYD1W78pTCZEt9neGuS1vMGpnX0D"},"_chains":{"BZLN23jvgH7/kQKiTZSTiHKoZGkf9Gm3dFPOlFmtxwYJ":{"chainKey":{"counter":9,"key":"hCb4SppE7UZzpZe0R5HoBl6ImCYyJYKfqCIbBtwAhBo="},"chainType":1,"messageKeys":{}}},"pendingPreKey":{"signedKeyId":2,"baseKey":"BTvBeATtK3oCGuOGuaOPwPkviaxgOa2hA4xCd4ZUW3V2","preKeyId":9328202}}},"version":"v1"}