{"_sessions":{"BT7H5zNGP0+xXcy/rlbTJN3sw/JbMuQOOzl8+PGomVsg":{"registrationId":771433468,"currentRatchet":{"ephemeralKeyPair":{"pubKey":"Bdnp2QsPZCjU4zqosA4N13NrO9ElQpcps2NiYUfYIYME","privKey":"KNrzpbkmMNlK/uKBrQ0Gat4/SDS50JNzFIYtIhKSt3g="},"lastRemoteEphemeralKey":"BTXQfAC8qvAks7vBpD5rvk8wu90ndULoX+IHGwcAXatH","previousCounter":0,"rootKey":"LvbwBwCz2RZRiZMB/QzAqcBFDDe0GAoyEMa4XN79Mh8="},"indexInfo":{"baseKey":"BT7H5zNGP0+xXcy/rlbTJN3sw/JbMuQOOzl8+PGomVsg","baseKeyType":1,"closed":-1,"used":1721196568604,"created":1721196568604,"remoteIdentityKey":"BfyKP75QSv45DP7yRztKKelId5ihQ6zK/RP+8pN7jzg3"},"_chains":{"Bdnp2QsPZCjU4zqosA4N13NrO9ElQpcps2NiYUfYIYME":{"chainKey":{"counter":9,"key":"iL9v0j6IyX/JAb/mhxfTpjjbrCLvR0dMuAJqddAMBqs="},"chainType":1,"messageKeys":{}}},"pendingPreKey":{"signedKeyId":0,"baseKey":"BT7H5zNGP0+xXcy/rlbTJN3sw/JbMuQOOzl8+PGomVsg","preKeyId":5135494}}},"version":"v1"}