{"_sessions":{"BW97gyqYiha6NBlhyg44ndBxhTDNY5vC2XwNfDq/1npO":{"registrationId":771433468,"currentRatchet":{"ephemeralKeyPair":{"pubKey":"BaVnu+VENk9pPVRENA19MMuiNOyVMnHWtDqEjQu5cAxP","privKey":"8JKz3RLffYZ+XOkFmmXdv26Xs6wn02UhGzACjgw1BX8="},"lastRemoteEphemeralKey":"BTXQfAC8qvAks7vBpD5rvk8wu90ndULoX+IHGwcAXatH","previousCounter":0,"rootKey":"F3JQeSo2fw4htykvqAu4IOCVuRACbZteRb5/twX5gNE="},"indexInfo":{"baseKey":"BW97gyqYiha6NBlhyg44ndBxhTDNY5vC2XwNfDq/1npO","baseKeyType":1,"closed":1721227179136,"used":1721227176013,"created":1721227176013,"remoteIdentityKey":"BfyKP75QSv45DP7yRztKKelId5ihQ6zK/RP+8pN7jzg3"},"_chains":{"BaVnu+VENk9pPVRENA19MMuiNOyVMnHWtDqEjQu5cAxP":{"chainKey":{"counter":-1,"key":"Qgbe9lsR+69q7TqLsawyn/Rhs88oLUmeNoRm8gFLiX8="},"chainType":1,"messageKeys":{}}},"pendingPreKey":{"signedKeyId":0,"baseKey":"BW97gyqYiha6NBlhyg44ndBxhTDNY5vC2XwNfDq/1npO","preKeyId":5135751}},"BS7heh5izW8bgkpCrml423kk+oY9OTfDpkWUlcK52Axt":{"registrationId":771433468,"currentRatchet":{"ephemeralKeyPair":{"pubKey":"BbrBKlvyRwbVjYXVYSUxpPFOynJd3Zj0VnQMxcWZxU43","privKey":"8Pew7b2q+zFqFU+DXJKFORHZqWUikpypUGqqVQwllFE="},"lastRemoteEphemeralKey":"BTXQfAC8qvAks7vBpD5rvk8wu90ndULoX+IHGwcAXatH","previousCounter":0,"rootKey":"rNgvWIct9oeGTBah3nTDg2RQTfNZecImViswlzNwHOI="},"indexInfo":{"baseKey":"BS7heh5izW8bgkpCrml423kk+oY9OTfDpkWUlcK52Axt","baseKeyType":1,"closed":-1,"used":1721227179135,"created":1721227179135,"remoteIdentityKey":"BfyKP75QSv45DP7yRztKKelId5ihQ6zK/RP+8pN7jzg3"},"_chains":{"BbrBKlvyRwbVjYXVYSUxpPFOynJd3Zj0VnQMxcWZxU43":{"chainKey":{"counter":1,"key":"NREOplNRiw9VGWzoTs4OjLstA76+CyE66OsljDNI30Y="},"chainType":1,"messageKeys":{}}},"pendingPreKey":{"signedKeyId":0,"baseKey":"BS7heh5izW8bgkpCrml423kk+oY9OTfDpkWUlcK52Axt","preKeyId":5135745}}},"version":"v1"}