{"_sessions":{"BeZQ8LnYjDM8IjXHqdQhFkCuZzHJGtUxea95YdrmAS9C":{"registrationId":129,"currentRatchet":{"ephemeralKeyPair":{"pubKey":"BejyUuDxiOFL675Urw2pVqqvW6rPXBhCDksnZlU3vggf","privKey":"kFano90QlU6gY/sUjarDpkfIyefL2WSs5xjVDjUqWkA="},"lastRemoteEphemeralKey":"BUI21Y3Tn6wtgArOl+4Ykn8Uk4vw7mFEqEqof8bzeYJv","previousCounter":0,"rootKey":"bKxfzwowSE1zTYfU3wHb2c1yx5BjV9Kpfflt0jC4KOw="},"indexInfo":{"baseKey":"BeZQ8LnYjDM8IjXHqdQhFkCuZzHJGtUxea95YdrmAS9C","baseKeyType":1,"closed":-1,"used":1721196568293,"created":1721196568293,"remoteIdentityKey":"BdkFB+jpyFPOWH3y5FJ20WBbfeEz0SG8RH0KYPrBKwpS"},"_chains":{"BejyUuDxiOFL675Urw2pVqqvW6rPXBhCDksnZlU3vggf":{"chainKey":{"counter":9,"key":"0EwX3VPzi/ax+WuloirsenAgR8aKAJ2w2f+U8OLuh58="},"chainType":1,"messageKeys":{}}},"pendingPreKey":{"signedKeyId":1,"baseKey":"BeZQ8LnYjDM8IjXHqdQhFkCuZzHJGtUxea95YdrmAS9C"}}},"version":"v1"}