{"_sessions":{"BYJ0IqplOPINPo4EEhnMMKVUuuCCh8QdZWOelSzfR64g":{"registrationId":1229788063,"currentRatchet":{"ephemeralKeyPair":{"pubKey":"BcEYpvfg/UCY5ttGYFDO4Le2UghrBcb+PnYwpGQoB2dS","privKey":"sAYFVWabFfr/FqHUlm6Noa+jskillbCWcUIfx+ItIHg="},"lastRemoteEphemeralKey":"BdE/6w3xautGemerFb4nPIHCAcEG3bSq5R0Gh3XZELwY","previousCounter":0,"rootKey":"8bvES4+nLNcLE495Rm9zg4jYdGEjljcLn0BSKifAVeI="},"indexInfo":{"baseKey":"BYJ0IqplOPINPo4EEhnMMKVUuuCCh8QdZWOelSzfR64g","baseKeyType":1,"closed":-1,"used":1721196568650,"created":1721196568650,"remoteIdentityKey":"Baft4S81llPQnUnLidrw7xgOIzq5lMnuy3kyN78J88tT"},"_chains":{"BcEYpvfg/UCY5ttGYFDO4Le2UghrBcb+PnYwpGQoB2dS":{"chainKey":{"counter":9,"key":"ZgyhkXTiO2NbVa/LHsP61zbK1OC+FdEtAyB9we6Adsw="},"chainType":1,"messageKeys":{}}},"pendingPreKey":{"signedKeyId":2,"baseKey":"BYJ0IqplOPINPo4EEhnMMKVUuuCCh8QdZWOelSzfR64g","preKeyId":8627503}}},"version":"v1"}