{"_sessions":{"BRTx6jZKhs/wvzd5h34fXOW340zjr/roCIageD7wfpFh":{"registrationId":592033608,"currentRatchet":{"ephemeralKeyPair":{"pubKey":"BW/XRipstPcmNfjth7iQ7ujBESjZa+f6kgtqjPQC1H8f","privKey":"OLVA+O8DzboT+m5v2HwL/q2Soa48sqPh+S933f9atX4="},"lastRemoteEphemeralKey":"BYdcqFda9oZEo4Qhbg00QxTP7yZpqDyjHZLupckgMq42","previousCounter":0,"rootKey":"cu+H7YJ3kFs6obMp7ufxF/9akY3wRnxo6+/mnfVLueE="},"indexInfo":{"baseKey":"BRTx6jZKhs/wvzd5h34fXOW340zjr/roCIageD7wfpFh","baseKeyType":1,"closed":1721227178969,"used":1721227175949,"created":1721227175949,"remoteIdentityKey":"BeY9roiZmMCCo+2JXmEVINNL/hBg6qzmTiP52b8l4GAv"},"_chains":{"BW/XRipstPcmNfjth7iQ7ujBESjZa+f6kgtqjPQC1H8f":{"chainKey":{"counter":-1,"key":"UEx9frn3z8uVY/LSldyRRFk9R2oDhT+V8olQMz/XYEM="},"chainType":1,"messageKeys":{}}},"pendingPreKey":{"signedKeyId":1,"baseKey":"BRTx6jZKhs/wvzd5h34fXOW340zjr/roCIageD7wfpFh","preKeyId":13049328}},"BVGhji6jOFFUa5hku+eXOgE28SRMV5tksyaoYPgYf54N":{"registrationId":592033608,"currentRatchet":{"ephemeralKeyPair":{"pubKey":"BQtqtgD4UfsZkBgpuZ0R+fRwUxRqlP7//gCRH9AhDap5","privKey":"wOhldVxWDiTtGfYJD6iolttTLoR3BS50ni18m6ybZEw="},"lastRemoteEphemeralKey":"BYdcqFda9oZEo4Qhbg00QxTP7yZpqDyjHZLupckgMq42","previousCounter":0,"rootKey":"vinc4bjaxRo7IfLZ9WrwPmD7i+EcgFT0a5dS0SzmvVc="},"indexInfo":{"baseKey":"BVGhji6jOFFUa5hku+eXOgE28SRMV5tksyaoYPgYf54N","baseKeyType":1,"closed":-1,"used":1721227178966,"created":1721227178966,"remoteIdentityKey":"BeY9roiZmMCCo+2JXmEVINNL/hBg6qzmTiP52b8l4GAv"},"_chains":{"BQtqtgD4UfsZkBgpuZ0R+fRwUxRqlP7//gCRH9AhDap5":{"chainKey":{"counter":1,"key":"FSfx9jwcsUkvBhB9b+z8kMmnQdT43UGeNnwXRSsnbcw="},"chainType":1,"messageKeys":{}}},"pendingPreKey":{"signedKeyId":1,"baseKey":"BVGhji6jOFFUa5hku+eXOgE28SRMV5tksyaoYPgYf54N","preKeyId":13049028}}},"version":"v1"}