{"_sessions":{"Bfz1mGau5Ux1OgJIEYC2fJ5s5wBsJ4/l/NZiwpiTdVUH":{"registrationId":758462505,"currentRatchet":{"ephemeralKeyPair":{"pubKey":"BS+3ixS0e4heoAmXJ1U3nsNGF1SllryZs7cNrrrxvXIp","privKey":"8NWA9X+VgMHYN4Ys0U9c/Vu3CBTIyhSy3MJwDcxFM0Q="},"lastRemoteEphemeralKey":"BZdHv6vo+nyUitQ6dvHDzm3hToYebFgIwxLtAvc6N2gA","previousCounter":0,"rootKey":"QNkg4X6RqjxMzsGsfVMkiGYIsQKpPnxYC3+/Ogt1q9U="},"indexInfo":{"baseKey":"Bfz1mGau5Ux1OgJIEYC2fJ5s5wBsJ4/l/NZiwpiTdVUH","baseKeyType":1,"closed":-1,"used":1721196568481,"created":1721196568481,"remoteIdentityKey":"BeB2gt6cof/R75pvIleS5KwZ8M+sXA9/HlCOrozUFNlF"},"_chains":{"BS+3ixS0e4heoAmXJ1U3nsNGF1SllryZs7cNrrrxvXIp":{"chainKey":{"counter":9,"key":"74AC9suA+bVxOMZrnS3SlEI78AdkJmTKb9/yv+IgKUE="},"chainType":1,"messageKeys":{}}},"pendingPreKey":{"signedKeyId":14,"baseKey":"Bfz1mGau5Ux1OgJIEYC2fJ5s5wBsJ4/l/NZiwpiTdVUH","preKeyId":1518305}}},"version":"v1"}