{"_sessions":{"Ba/wFLlu5uCJ2Xm8hvdcYNU3vJCQ2EBjnkKjyLo/xjg/":{"registrationId":143444222,"currentRatchet":{"ephemeralKeyPair":{"pubKey":"BYPf4g4+OZ0E1NvtSfUMe4gqEmns5QWOiub9oK1Nd25c","privKey":"wMnkcilAYk0Xd155X5qis6ZQgIUR9wIWzuQ/IRgYaHM="},"lastRemoteEphemeralKey":"Be2HmvfYBQIROctYRD7w9OdAinIvla3CYOPAJKTOlfFa","previousCounter":0,"rootKey":"/w7p2Z7zM1LwbcAXQSXdZOGpIVMofzo8ZujOVKNcS9k="},"indexInfo":{"baseKey":"Ba/wFLlu5uCJ2Xm8hvdcYNU3vJCQ2EBjnkKjyLo/xjg/","baseKeyType":1,"closed":-1,"used":1721227117106,"created":1721227117106,"remoteIdentityKey":"BQRCh8Zm+dg+fBDYyx29MZfN6vVn9p3JYis10quD6g4l"},"_chains":{"BYPf4g4+OZ0E1NvtSfUMe4gqEmns5QWOiub9oK1Nd25c":{"chainKey":{"counter":0,"key":"X7vs9RIXA0YQSgMDiN6Qism7QEZC8qiCJYafQkkXwWM="},"chainType":1,"messageKeys":{}}},"pendingPreKey":{"signedKeyId":0,"baseKey":"Ba/wFLlu5uCJ2Xm8hvdcYNU3vJCQ2EBjnkKjyLo/xjg/"}}},"version":"v1"}