{"_sessions":{"BdzJvwVoVZbiCOdxLYq7sST9jFvrFPLi7jMBan0Qlt0c":{"registrationId":947535372,"currentRatchet":{"ephemeralKeyPair":{"pubKey":"BVRubBJFkKPzZRt+KW6rKkhUOZarLfvrsaIdDXa/3Esg","privKey":"8EIR3PoSxuLklw2xnR1hN3FlLiF05tUjTkR+rMt4cF4="},"lastRemoteEphemeralKey":"BZc8w0ebR4VnLajp7cLeNp6/Mm3LoDpGVO6CKFvAm9YJ","previousCounter":0,"rootKey":"yiyYDIF/oWmQSjZ81gHPvHwGHBorV+cNC2n/K4YkF00="},"indexInfo":{"baseKey":"BdzJvwVoVZbiCOdxLYq7sST9jFvrFPLi7jMBan0Qlt0c","baseKeyType":1,"closed":-1,"used":1721196568788,"created":1721196568788,"remoteIdentityKey":"BduQTTZK3FArekEh4n40G+yQe9zajt2tnIIQxw2l9xtf"},"_chains":{"BVRubBJFkKPzZRt+KW6rKkhUOZarLfvrsaIdDXa/3Esg":{"chainKey":{"counter":9,"key":"gjComoZ54c1ED/2lO88o+roq370dGT5CKfZ/IKezjnc="},"chainType":1,"messageKeys":{}}},"pendingPreKey":{"signedKeyId":19,"baseKey":"BdzJvwVoVZbiCOdxLYq7sST9jFvrFPLi7jMBan0Qlt0c","preKeyId":2698855}}},"version":"v1"}