{"_sessions":{"BVonmMbCo2/u2GlXM85JvyRET7Y12ZfKZ8wWqC6FfmZ9":{"registrationId":11182,"currentRatchet":{"ephemeralKeyPair":{"pubKey":"BQPnmb67haVqQyT+Cm8X3HflPEqmODwzWZ0rIbleN6IG","privKey":"+EevY/DqWN35yfKUHIhlULLdo9U4JG2jDiyN2aatanQ="},"lastRemoteEphemeralKey":"BRlEi6lqoqmkTzj9zPrUB7i/RZKlR4v32t3GRCmPD7Mt","previousCounter":0,"rootKey":"HL8Z6ZcNbaha1gBy4G1sWryL1WriRJsLe380Ve79vgs="},"indexInfo":{"baseKey":"BVonmMbCo2/u2GlXM85JvyRET7Y12ZfKZ8wWqC6FfmZ9","baseKeyType":1,"closed":-1,"used":1721227116059,"created":1721227116059,"remoteIdentityKey":"BVTmHbZU8G76ph9cVy1vo9RyJPFKt25OycBecd9LE0ZC"},"_chains":{"BQPnmb67haVqQyT+Cm8X3HflPEqmODwzWZ0rIbleN6IG":{"chainKey":{"counter":0,"key":"4JbyIoGuANEb9BWjK2Yclx6Pz/El0UtTwMwXjVOyt1w="},"chainType":1,"messageKeys":{}}},"pendingPreKey":{"signedKeyId":1,"baseKey":"BVonmMbCo2/u2GlXM85JvyRET7Y12ZfKZ8wWqC6FfmZ9"}}},"version":"v1"}