{"_sessions":{"BTb1pZMN0PtCyYQN9CPqxySDQsQyqLxzEnNs0DVTQB52":{"registrationId":30392408,"currentRatchet":{"ephemeralKeyPair":{"pubKey":"BYueAMQdhkzJhhcThvcKybSgxIOPKcBtv4ZPLbZMIHVZ","privKey":"gAv8vQVyPGED7F+C+0Hl1hRLgE31tETnvpKAhP0BpX4="},"lastRemoteEphemeralKey":"BU+cqM21bqbRD4IKoIsMlYDhUytg6yUhlUMtZiYNNoAC","previousCounter":0,"rootKey":"+PZZaNb6QOEfXFS/hgeAzrXLMTGKUvHYkluPEe7GYBo="},"indexInfo":{"baseKey":"BTb1pZMN0PtCyYQN9CPqxySDQsQyqLxzEnNs0DVTQB52","baseKeyType":1,"closed":-1,"used":1721196568771,"created":1721196568771,"remoteIdentityKey":"BbgzUUbXmHm4Oy7oJzlVKHPxt54wJiqeBMnTHu9jLjgW"},"_chains":{"BYueAMQdhkzJhhcThvcKybSgxIOPKcBtv4ZPLbZMIHVZ":{"chainKey":{"counter":9,"key":"8quaOIGHA5SNSYFnFFiicVNjAkp+8lkFu1ocH3PWIhA="},"chainType":1,"messageKeys":{}}},"pendingPreKey":{"signedKeyId":4,"baseKey":"BTb1pZMN0PtCyYQN9CPqxySDQsQyqLxzEnNs0DVTQB52","preKeyId":11071672}}},"version":"v1"}