{"_sessions":{"BZ7Y6F3J6yB/ay9sQBoiUBAZNW0Yg7hsdijaAWxa/Rgy":{"registrationId":985485772,"currentRatchet":{"ephemeralKeyPair":{"pubKey":"BQLyD19nDiJo/lHrJsAKh/gwG2Qqm4/HM2JYTR7cP303","privKey":"YD1oCRgLySgEtqeTLzVZ1naspCWm5y3Mfw9lgREM2nk="},"lastRemoteEphemeralKey":"BSLxkV73dGQy5jfN+xonNn5bhPVmd7R/E7R4UqoVj4t6","previousCounter":0,"rootKey":"Z4EctN1r7R9TiIMnC4+BH5KaqM21NB98KzYi2o3/59k="},"indexInfo":{"baseKey":"BZ7Y6F3J6yB/ay9sQBoiUBAZNW0Yg7hsdijaAWxa/Rgy","baseKeyType":1,"closed":-1,"used":1721227117648,"created":1721227117648,"remoteIdentityKey":"BU3M8xNxVr+31jvLpl+DtylwYEwBfwFepbB/XpXBNUhb"},"_chains":{"BQLyD19nDiJo/lHrJsAKh/gwG2Qqm4/HM2JYTR7cP303":{"chainKey":{"counter":0,"key":"zwYJI+RLFab2dElJKzWEX/ABeDkTuun4nmEXulPpWII="},"chainType":1,"messageKeys":{}}},"pendingPreKey":{"signedKeyId":0,"baseKey":"BZ7Y6F3J6yB/ay9sQBoiUBAZNW0Yg7hsdijaAWxa/Rgy","preKeyId":13678644}}},"version":"v1"}