{"_sessions":{"BbMelU5i6AUAIhnTy3CeZ6RZRpeZwVsgw9WmqorLSN8+":{"registrationId":986,"currentRatchet":{"ephemeralKeyPair":{"pubKey":"BVZy0vMRRo7kQxeFnVZM5NS39RjIH+dpWywTfFxQFhRj","privKey":"4JV20y2XD2RYk85XM0mBhjIadnl56IHtY4WQwWJVL2Y="},"lastRemoteEphemeralKey":"Bcn17s6KIxmmZune+qz9AC2iZ0aBhQgrpkcMrFpDKUV+","previousCounter":0,"rootKey":"ea7dMp/+bVRoAEsZ5vE0jOiy0xpJQKYgVX411d6720Q="},"indexInfo":{"baseKey":"BbMelU5i6AUAIhnTy3CeZ6RZRpeZwVsgw9WmqorLSN8+","baseKeyType":1,"closed":-1,"used":1721227115651,"created":1721227115651,"remoteIdentityKey":"BXWW23q291E7mJaoMrtWR/A7M5fNweQMXDd3l+vsdCcK"},"_chains":{"BVZy0vMRRo7kQxeFnVZM5NS39RjIH+dpWywTfFxQFhRj":{"chainKey":{"counter":0,"key":"GdSk+MeFHiHu+bCeCWzxevt9uwVt9ZCBb0+75CrMdlA="},"chainType":1,"messageKeys":{}}},"pendingPreKey":{"signedKeyId":1,"baseKey":"BbMelU5i6AUAIhnTy3CeZ6RZRpeZwVsgw9WmqorLSN8+"}}},"version":"v1"}