{"_sessions":{"BeadXxXzI8BlrcOG8N/VS/+++xpB8BOfbbKk4IDxB8Fw":{"registrationId":19578629,"currentRatchet":{"ephemeralKeyPair":{"pubKey":"BVrpOt9Gt1O1yXJcHhFr8JjX+GHNPSKM5MuWzAsAAi0t","privKey":"qC4GAJWUGOak96cAWcfYuS0CXZb+1FcMLC87bZonMmY="},"lastRemoteEphemeralKey":"BctOjLyxiJeCP68x+TrdyUlch4fyJWEke9rYKi17n5Ek","previousCounter":0,"rootKey":"SezWac6D9QPjhMYC92QFRsHw62J0gaikL7PCXdGH+3s="},"indexInfo":{"baseKey":"BeadXxXzI8BlrcOG8N/VS/+++xpB8BOfbbKk4IDxB8Fw","baseKeyType":1,"closed":-1,"used":1721227116550,"created":1721227116550,"remoteIdentityKey":"BQAtLc7HR7valwgX8jrepVhVIIQ4EUWsw4GtE1isB85q"},"_chains":{"BVrpOt9Gt1O1yXJcHhFr8JjX+GHNPSKM5MuWzAsAAi0t":{"chainKey":{"counter":0,"key":"2ydHEGAr2PKGnjF0JROyRb9qDPnwN2WmAVXAlzDlURA="},"chainType":1,"messageKeys":{}}},"pendingPreKey":{"signedKeyId":0,"baseKey":"BeadXxXzI8BlrcOG8N/VS/+++xpB8BOfbbKk4IDxB8Fw"}}},"version":"v1"}