{"_sessions":{"Be8JhEUqiWKU7hx+RUu9yqH1MRMno1IGx+Dob1lJpddM":{"registrationId":142,"currentRatchet":{"ephemeralKeyPair":{"pubKey":"BWcJH8u+/OFProlzU0G3EwQ/YiR4ucbs2ezvpVGWc6Q9","privKey":"ECLMq8uh8tQLOiGtZhD3UUdO6w55wXIx8TdK2UuK0kw="},"lastRemoteEphemeralKey":"BUhWS/2f2mVdtMJlJ/3TxntVQurPTP1xnq6Hl2s1nWN+","previousCounter":0,"rootKey":"dNp6izBaRKX42DihO6P188p+utLVoKSkX1K9L21mJ3g="},"indexInfo":{"baseKey":"Be8JhEUqiWKU7hx+RUu9yqH1MRMno1IGx+Dob1lJpddM","baseKeyType":1,"closed":-1,"used":1721196568127,"created":1721196568127,"remoteIdentityKey":"BQKwGJ7w9uU2Ic+yIOYWdox9WtdmIJrxgrIksE2bIOJa"},"_chains":{"BWcJH8u+/OFProlzU0G3EwQ/YiR4ucbs2ezvpVGWc6Q9":{"chainKey":{"counter":9,"key":"VBLW5VJ0bUGuLTg+E1ftPDW+vTcjR4fl9XGcQ6eszy8="},"chainType":1,"messageKeys":{}}},"pendingPreKey":{"signedKeyId":1,"baseKey":"Be8JhEUqiWKU7hx+RUu9yqH1MRMno1IGx+Dob1lJpddM"}}},"version":"v1"}