{"_sessions":{"BQLT18kBzGW6ovH+4Bgqqu9c6bRSIbt5eZhXfWvF4uxj":{"registrationId":2086666834,"currentRatchet":{"ephemeralKeyPair":{"pubKey":"BZg9ng9xu1wv+jFr20aSzAIRYpgCCbaaStMlLYQCopJr","privKey":"MFRGiBk9NA6C6OJyvADNz9tHZBhHZ5beh+yHMwTfl0g="},"lastRemoteEphemeralKey":"BdLZ9x+ib3tJXGAKqoKdDZ0NqQTiE9VOFybw0izSueNF","previousCounter":0,"rootKey":"u4JRihMrOt6218sErUGUTisZMD6p7ipqqdzd2IUj2Jk="},"indexInfo":{"baseKey":"BQLT18kBzGW6ovH+4Bgqqu9c6bRSIbt5eZhXfWvF4uxj","baseKeyType":1,"closed":-1,"used":1721196568669,"created":1721196568669,"remoteIdentityKey":"BQbuc8MXLejN/1AQArlxEQvCcy1VYE7+bs+1pg8t6fhu"},"_chains":{"BZg9ng9xu1wv+jFr20aSzAIRYpgCCbaaStMlLYQCopJr":{"chainKey":{"counter":9,"key":"7K9x9EN6gofgB1VT28jVirNOzWutq/ANjfgzaW4VS0A="},"chainType":1,"messageKeys":{}}},"pendingPreKey":{"signedKeyId":2,"baseKey":"BQLT18kBzGW6ovH+4Bgqqu9c6bRSIbt5eZhXfWvF4uxj"}}},"version":"v1"}