{"_sessions":{"BYwGumb+R7XP/Kv2wja8ZKoz2ILAWcGwil3CEHryHox9":{"registrationId":337881207,"currentRatchet":{"ephemeralKeyPair":{"pubKey":"BdCW9lWkGoggK/0nFr49LzYrUXWJkjz5D5I3sNLfFgM7","privKey":"OIKRhBN6PLdFD3k5GMHLfqdCEiHPpaptm/gcJlPrJHo="},"lastRemoteEphemeralKey":"BeyMSxSvInUXEKEDbS9gKE+V4H1tuzGz6i2GXPkekU4L","previousCounter":0,"rootKey":"QncKK/pFKesAhrU9NLrdUan79TUR93qFgEb+Ckn5y/s="},"indexInfo":{"baseKey":"BYwGumb+R7XP/Kv2wja8ZKoz2ILAWcGwil3CEHryHox9","baseKeyType":1,"closed":-1,"used":1721196568615,"created":1721196568615,"remoteIdentityKey":"BWz0W2MmAvM8DxKuQ9oVkp4u2/pHkXkqn0Ke4e/5rzhq"},"_chains":{"BdCW9lWkGoggK/0nFr49LzYrUXWJkjz5D5I3sNLfFgM7":{"chainKey":{"counter":9,"key":"wFDo3fxNOyY2VwoxXYJ88OTmqtXBLVL6Zn+RSVh0vKE="},"chainType":1,"messageKeys":{}}},"pendingPreKey":{"signedKeyId":4,"baseKey":"BYwGumb+R7XP/Kv2wja8ZKoz2ILAWcGwil3CEHryHox9","preKeyId":9746908}}},"version":"v1"}