{"_sessions":{"BWn4f94HfzQ1zJneE37rsDYBbLz4jnj2tMLVXq1WfKBA":{"registrationId":222,"currentRatchet":{"ephemeralKeyPair":{"pubKey":"BU0kRaUE434UzEbGUGfSwL46nV1i9kKsCY5hTqxIFfAt","privKey":"SJO5TyEgNx7b6kh0IvRNx/eToyrCyhYyffYID21ePUc="},"lastRemoteEphemeralKey":"BdLEjKiEcNmAiJJHPbPQzWQUqnaPYNhfDIjTy0F9bxoy","previousCounter":0,"rootKey":"9j3INMVkjnqh/tn0BeZAQMl9R7QwiUbzo2x/7KwweQk="},"indexInfo":{"baseKey":"BWn4f94HfzQ1zJneE37rsDYBbLz4jnj2tMLVXq1WfKBA","baseKeyType":1,"closed":-1,"used":1721196568256,"created":1721196568256,"remoteIdentityKey":"Bdu7MrheR9BSK3+NjQOGfgOB3Jet1M15P8vGb/4/apFi"},"_chains":{"BU0kRaUE434UzEbGUGfSwL46nV1i9kKsCY5hTqxIFfAt":{"chainKey":{"counter":9,"key":"baaayWTVJXRb1S91jd0rODBq2lOPJhODuKDLD/ppRfs="},"chainType":1,"messageKeys":{}}},"pendingPreKey":{"signedKeyId":1,"baseKey":"BWn4f94HfzQ1zJneE37rsDYBbLz4jnj2tMLVXq1WfKBA"}}},"version":"v1"}