{"_sessions":{"BeLQlI78rlPnyjsoNX6BuvXGFje6zCvTYtwQiifGdwoL":{"registrationId":2021725521,"currentRatchet":{"ephemeralKeyPair":{"pubKey":"BbC6o6emXzRmPdCFslmllt2QALhMfeROfbUF54bT4+dG","privKey":"SBcvDBUhQ0dRfySptx7nBTzzPagJhqebiH9bZ+l4Rl8="},"lastRemoteEphemeralKey":"Be98K7wCZA7ymiwatKyoOcPVO3A5T1Nmn6i/VoFCKmAF","previousCounter":0,"rootKey":"nQVmWBq6mYxOTI0dahoxi4zEqwWn9gCTTQ5jFLpkUPE="},"indexInfo":{"baseKey":"BeLQlI78rlPnyjsoNX6BuvXGFje6zCvTYtwQiifGdwoL","baseKeyType":1,"closed":1721227179022,"used":1721227175953,"created":1721227175953,"remoteIdentityKey":"Ba4M7aNirOt0P9pqAGLCIGQwlWZbnaop1t4vPLGCxNAN"},"_chains":{"BbC6o6emXzRmPdCFslmllt2QALhMfeROfbUF54bT4+dG":{"chainKey":{"counter":-1,"key":"Z9X52qFtbvkZIa7YFNSs08TlHE1dfmRNej4aJbJMPdY="},"chainType":1,"messageKeys":{}}},"pendingPreKey":{"signedKeyId":14,"baseKey":"BeLQlI78rlPnyjsoNX6BuvXGFje6zCvTYtwQiifGdwoL"}},"BRHgCwm0y8on476ujNWWC2d0o7hJdXQs/ZW8JsRdg6Aj":{"registrationId":2021725521,"currentRatchet":{"ephemeralKeyPair":{"pubKey":"BRbrnXSjOdFYkijeba+X0y4Y+Te2zu1Zf0l1Pzt+a3ZY","privKey":"UIVYZkN6g06LrNTky+3aEVDb3nODITLG5pDZ+iX5g3c="},"lastRemoteEphemeralKey":"Be98K7wCZA7ymiwatKyoOcPVO3A5T1Nmn6i/VoFCKmAF","previousCounter":0,"rootKey":"MWub09lOkL1dKyEzoUsLWKrFdXo5Z4aB5MPZ6RV91FQ="},"indexInfo":{"baseKey":"BRHgCwm0y8on476ujNWWC2d0o7hJdXQs/ZW8JsRdg6Aj","baseKeyType":1,"closed":-1,"used":1721227179020,"created":1721227179020,"remoteIdentityKey":"Ba4M7aNirOt0P9pqAGLCIGQwlWZbnaop1t4vPLGCxNAN"},"_chains":{"BRbrnXSjOdFYkijeba+X0y4Y+Te2zu1Zf0l1Pzt+a3ZY":{"chainKey":{"counter":1,"key":"P1HSCV+cS2r9ra4wDvMaaVAJOjcdnq8PQgd85XTAd2I="},"chainType":1,"messageKeys":{}}},"pendingPreKey":{"signedKeyId":14,"baseKey":"BRHgCwm0y8on476ujNWWC2d0o7hJdXQs/ZW8JsRdg6Aj"}}},"version":"v1"}