{"_sessions":{"BSQv7TbZ3PZU+b7ax0t7ES7is9ZfiIAe4RhrqDLmZRZ3":{"registrationId":2006085124,"currentRatchet":{"ephemeralKeyPair":{"pubKey":"BQW/kwOlMdcS1K6rjVpgAo4QQgzKNHouty2Rd8YZrIdf","privKey":"6D8YVL6JjuqIE6vfssakVpsj2WuV/5LPX3RpBiaZwUw="},"lastRemoteEphemeralKey":"BeH6qa0owfFdWnGTzNmKdUb7tzPvIHFwbLwX05EGGTMr","previousCounter":0,"rootKey":"feOAfVtEixQ81eLK4H671mw4W++AvxSdOOdYdqoKKg0="},"indexInfo":{"baseKey":"BSQv7TbZ3PZU+b7ax0t7ES7is9ZfiIAe4RhrqDLmZRZ3","baseKeyType":1,"closed":-1,"used":1721196568525,"created":1721196568525,"remoteIdentityKey":"BYqUu0UO0tzqx+zoQmZanYg9LR7Gh9Q8uBRBJgwAHuVM"},"_chains":{"BQW/kwOlMdcS1K6rjVpgAo4QQgzKNHouty2Rd8YZrIdf":{"chainKey":{"counter":9,"key":"puWlu3CE/7BiFWW4dIc/pRZshPWq1KTrpEDF+KDaip4="},"chainType":1,"messageKeys":{}}},"pendingPreKey":{"signedKeyId":0,"baseKey":"BSQv7TbZ3PZU+b7ax0t7ES7is9ZfiIAe4RhrqDLmZRZ3","preKeyId":2458979}}},"version":"v1"}