{"_sessions":{"BfScheCsuvlfP2ltjYnVVSWtsz/y6JUujKDxlg+3kypb":{"registrationId":1863317028,"currentRatchet":{"ephemeralKeyPair":{"pubKey":"BfPMmQo3jYsQa8tj/VdcpibvILNFg7eyWvbOXBIyI2RA","privKey":"OO+p7QCzVOUClg/SCKxIQxYt9QGBMHR5bJpq+9iKq1Q="},"lastRemoteEphemeralKey":"BdydCRBT3YCUSPDfbhIzbh/hJBO1TsApstCR48y3sJld","previousCounter":0,"rootKey":"MfNh1e3H69p5WAjtdX+okFhlqsRwtHx7ihhKEFh8eqQ="},"indexInfo":{"baseKey":"BfScheCsuvlfP2ltjYnVVSWtsz/y6JUujKDxlg+3kypb","baseKeyType":1,"closed":-1,"used":1721196568449,"created":1721196568449,"remoteIdentityKey":"BXLMViPLBnnNJcQb2pGDYmrWqtjwh+gEp023wBJwe5lP"},"_chains":{"BfPMmQo3jYsQa8tj/VdcpibvILNFg7eyWvbOXBIyI2RA":{"chainKey":{"counter":9,"key":"ZDlKQOqrDZukdJ5SSsiEPTnojLL/7MD/JsMjJlFq6oM="},"chainType":1,"messageKeys":{}}},"pendingPreKey":{"signedKeyId":4,"baseKey":"BfScheCsuvlfP2ltjYnVVSWtsz/y6JUujKDxlg+3kypb","preKeyId":1236297}}},"version":"v1"}