{"_sessions":{"Bb5PvUuKgaABRbLCLX/q6Q9gbgqS+DBAEsfEmFS3t2sK":{"registrationId":1226984928,"currentRatchet":{"ephemeralKeyPair":{"pubKey":"BRGr/TyTiFCUjy2dk2b16mnLYKiGya5hCed2oMhbNGMH","privKey":"UCK6YkZDJGD5+MB4pALULixNeMQreUzKE6a2654g1mU="},"lastRemoteEphemeralKey":"BZELHd6to/YEdsZ3F2YNMiXJcX9ADJ/mRg3xfNsXZkNe","previousCounter":0,"rootKey":"BAXHkcr2NPHi6EPts0/9QXwmLnIv7Uz7y1b7XcH97fM="},"indexInfo":{"baseKey":"Bb5PvUuKgaABRbLCLX/q6Q9gbgqS+DBAEsfEmFS3t2sK","baseKeyType":1,"closed":-1,"used":1721196568444,"created":1721196568444,"remoteIdentityKey":"BQXzUZDyWDhOkfulc6HhOcPxdHzuTKTreP8xEWV2x+AA"},"_chains":{"BRGr/TyTiFCUjy2dk2b16mnLYKiGya5hCed2oMhbNGMH":{"chainKey":{"counter":9,"key":"lozf8XOiy7zwDSCjkb4j8u8B6pGvmJpUeEXN/JJB+xo="},"chainType":1,"messageKeys":{}}},"pendingPreKey":{"signedKeyId":22,"baseKey":"Bb5PvUuKgaABRbLCLX/q6Q9gbgqS+DBAEsfEmFS3t2sK","preKeyId":1828888}}},"version":"v1"}