{"_sessions":{"BXlPWw9tbEM+JI4H5QjeQAdAQjnk7Ve9uvZzPzTlsXQ9":{"registrationId":578013651,"currentRatchet":{"ephemeralKeyPair":{"pubKey":"BcjIQbQosrSa3c+zCNXsn1bMvVFrbOAE9wT5GnUxNxR5","privKey":"yLhT1I46nNV+4R+nG6Z97L2n/Z21kqYLDTeS3GhxDlQ="},"lastRemoteEphemeralKey":"BYuZdQ5US34/scTpDWGXnmh3esf2/PqB0Fgy4VAPDx5l","previousCounter":0,"rootKey":"/oFTC/j5OX1G1myYaXEHnr6uRjDUI9opceJGjHeAmkw="},"indexInfo":{"baseKey":"BXlPWw9tbEM+JI4H5QjeQAdAQjnk7Ve9uvZzPzTlsXQ9","baseKeyType":1,"closed":-1,"used":1721227117140,"created":1721227117140,"remoteIdentityKey":"Be4KRgRcepHlWq5J1MJJAWkENox66FcPUg+A6dx4dsI3"},"_chains":{"BcjIQbQosrSa3c+zCNXsn1bMvVFrbOAE9wT5GnUxNxR5":{"chainKey":{"counter":0,"key":"lj6NOpcEjlKp5hnelA1/ZhY2VHRsZDfCVtY2dCchR3c="},"chainType":1,"messageKeys":{}}},"pendingPreKey":{"signedKeyId":3,"baseKey":"BXlPWw9tbEM+JI4H5QjeQAdAQjnk7Ve9uvZzPzTlsXQ9","preKeyId":16095446}}},"version":"v1"}