{"_sessions":{"Bf6feAKE6lpdmxrcGHYcCPlrdSUsEGhccufWP2J69s0y":{"registrationId":975200898,"currentRatchet":{"ephemeralKeyPair":{"pubKey":"BdZYvjRvdrBuzeL5qrG4+/Gmm6Hcqxxxjt2KqA8egT1e","privKey":"QErUMl+JCuzal+O1OtHGLuKVHphirtydVIrkIezVNmo="},"lastRemoteEphemeralKey":"BR1d4iL3rvH37U9biKO3G4huUBhSniPNcU1WH6LbuwtZ","previousCounter":0,"rootKey":"bdHzHn8GZUufC9eEmVmM5d+B6ROqOgxbGMN7+Ih3k9I="},"indexInfo":{"baseKey":"Bf6feAKE6lpdmxrcGHYcCPlrdSUsEGhccufWP2J69s0y","baseKeyType":1,"closed":-1,"used":1721227117433,"created":1721227117433,"remoteIdentityKey":"BU35EhnlD1fKQPRAONgDqllMy6t3/gh03qNZ5RjlFEVN"},"_chains":{"BdZYvjRvdrBuzeL5qrG4+/Gmm6Hcqxxxjt2KqA8egT1e":{"chainKey":{"counter":0,"key":"rLC/pLEfdA8d4r6nEgM0lHKiTPOjPYQb7I4ILv31ITs="},"chainType":1,"messageKeys":{}}},"pendingPreKey":{"signedKeyId":18,"baseKey":"Bf6feAKE6lpdmxrcGHYcCPlrdSUsEGhccufWP2J69s0y","preKeyId":2321372}}},"version":"v1"}