{"_sessions":{"BYfEZZfibIvasNoC6KbQb3U6pUsSI82ns3wHgAlpybAd":{"registrationId":156,"currentRatchet":{"ephemeralKeyPair":{"pubKey":"Be6uHyu/xGzIFjtUW0QdFS6AQ/Uff8IO8+PRIyDyNzd3","privKey":"+GOQw5U318FjQM+9OlD6xGxngaSEIkb9DFacyp4Vu18="},"lastRemoteEphemeralKey":"BTAVMh96HlNJ6pxzjujzsSv4MIYihJwABKVHB/+Dqf0D","previousCounter":0,"rootKey":"Xwqb+MGOpzADvgf52NAh9hWFRQqK/pIY35+xJ5i5+GQ="},"indexInfo":{"baseKey":"BYfEZZfibIvasNoC6KbQb3U6pUsSI82ns3wHgAlpybAd","baseKeyType":1,"closed":-1,"used":1721227115742,"created":1721227115742,"remoteIdentityKey":"BfJex6xKQ5OV3pT0kbvXiBm3jY2Yxg9dVmqCnrTqSax9"},"_chains":{"Be6uHyu/xGzIFjtUW0QdFS6AQ/Uff8IO8+PRIyDyNzd3":{"chainKey":{"counter":0,"key":"AmjVjLqWiillEzUtr38U6lde/Hwg4baMGzhcbWysFoE="},"chainType":1,"messageKeys":{}}},"pendingPreKey":{"signedKeyId":1,"baseKey":"BYfEZZfibIvasNoC6KbQb3U6pUsSI82ns3wHgAlpybAd"}}},"version":"v1"}