{"_sessions":{"BYHPDbodoFmKP7+ZYLv1Aw4nOo8I72jEwuEUG+JfXVtN":{"registrationId":1996165832,"currentRatchet":{"ephemeralKeyPair":{"pubKey":"BSv1t6G2yxwUoeaA/RnHo89RT//xFy/lKLrupX2NIWVI","privKey":"6C3IVkzjyyeQJFYh65Dbd/HIS9UMPdR5hjDihNFarFo="},"lastRemoteEphemeralKey":"BboY4W8BY4tgJO8w+tBktE/0rX8+caEt2zX8aegc5MNo","previousCounter":0,"rootKey":"Le7QUtfMnDRHWBfm8DgNxLBFjPgO6NbHrovqNYcbmnM="},"indexInfo":{"baseKey":"BYHPDbodoFmKP7+ZYLv1Aw4nOo8I72jEwuEUG+JfXVtN","baseKeyType":1,"closed":-1,"used":1721227117310,"created":1721227117310,"remoteIdentityKey":"BZOMEXtE3Sy4H3lmUhimg07lmtX6DaqQvJLZ8X7XKNAD"},"_chains":{"BSv1t6G2yxwUoeaA/RnHo89RT//xFy/lKLrupX2NIWVI":{"chainKey":{"counter":0,"key":"25p33qgbHj5WPjHp/zA4Cn4udvjNVEks+2fUT44+Wcg="},"chainType":1,"messageKeys":{}}},"pendingPreKey":{"signedKeyId":0,"baseKey":"BYHPDbodoFmKP7+ZYLv1Aw4nOo8I72jEwuEUG+JfXVtN","preKeyId":13432543}}},"version":"v1"}