{"_sessions":{"BTuC9gWWrrccvINLGCzY17Rk+NE2JaUZEecQfrUfH/Jy":{"registrationId":12920,"currentRatchet":{"ephemeralKeyPair":{"pubKey":"BcqZEfuRfv46gSvRbgjagU/SqqEa0QdPK6MMQ6yVW00u","privKey":"SOIYxUJMXqdR+sYL1WohryWi1+vbBYR8xzlKiNn40GE="},"lastRemoteEphemeralKey":"BbaDSBuhgLH15e4f1F8FTRmkf7U8WuBW6YqpvJS7angX","previousCounter":0,"rootKey":"tAz0Nfw0725p/29F6diGv2MWyBUaZ1zwlOWNOHUcpoo="},"indexInfo":{"baseKey":"BTuC9gWWrrccvINLGCzY17Rk+NE2JaUZEecQfrUfH/Jy","baseKeyType":1,"closed":-1,"used":1721227115724,"created":1721227115724,"remoteIdentityKey":"BWo1W9LRl+EkivFcsEi+px7XJKFhTefttYk+fjHRqBMy"},"_chains":{"BcqZEfuRfv46gSvRbgjagU/SqqEa0QdPK6MMQ6yVW00u":{"chainKey":{"counter":0,"key":"xt6OJtBaY+z3pHYzOGpojNG8aPHaUykVydrZeIMr02M="},"chainType":1,"messageKeys":{}}},"pendingPreKey":{"signedKeyId":1,"baseKey":"BTuC9gWWrrccvINLGCzY17Rk+NE2JaUZEecQfrUfH/Jy"}}},"version":"v1"}