{"_sessions":{"BSi8YaCr0sEV4YZtpV4dX/xV5FkZvqzZkoBASQtdHY9/":{"registrationId":325423171,"currentRatchet":{"ephemeralKeyPair":{"pubKey":"BeSpAqQSDP8GqDjoR9ymb7NWC2c8XysuEQJmF21dhag0","privKey":"sO9biUvxNLIy5nbXjGQjP29sG/MF288RgedcKVqtKnY="},"lastRemoteEphemeralKey":"BU3PSXO5rD/SHuAqSySfjzTIQ6KRMuR23+RmUrB/PisJ","previousCounter":0,"rootKey":"E1ngwkXnx5GDMuIj6YbkghpryRyR59GWLsdwZVEAGO8="},"indexInfo":{"baseKey":"BSi8YaCr0sEV4YZtpV4dX/xV5FkZvqzZkoBASQtdHY9/","baseKeyType":1,"closed":-1,"used":1721227116544,"created":1721227116544,"remoteIdentityKey":"BQvlmNoRfs+D7Ne1FyTnAd345JfdXiRtrQ9KRdHCdtlJ"},"_chains":{"BeSpAqQSDP8GqDjoR9ymb7NWC2c8XysuEQJmF21dhag0":{"chainKey":{"counter":0,"key":"39xU2gB/Kp2/XEN0n15FtFLFg1gxodPzSuvCcFn+/Y0="},"chainType":1,"messageKeys":{}}},"pendingPreKey":{"signedKeyId":0,"baseKey":"BSi8YaCr0sEV4YZtpV4dX/xV5FkZvqzZkoBASQtdHY9/","preKeyId":12526994}}},"version":"v1"}