{"_sessions":{"BTOsBYd1arXC3KYf4tcF9a3pGQ0mM/PPFyc53kqs0CpL":{"registrationId":8174,"currentRatchet":{"ephemeralKeyPair":{"pubKey":"BZlHxmmuYoMI/gTBp/dOANzjeeY6vByINluwjRC09ihO","privKey":"2B1X9gfsjmfcXmxlFjFZXBMg0n4F05CF143pWO8uj1Q="},"lastRemoteEphemeralKey":"BYVv9t3RTjumozcGsAHPHrkfWBNfPC1HShSZiVpuWW5R","previousCounter":0,"rootKey":"SrL2dfWSM85UwAdYXrcK05zcPB9Hoszuu1UGnECbwC8="},"indexInfo":{"baseKey":"BTOsBYd1arXC3KYf4tcF9a3pGQ0mM/PPFyc53kqs0CpL","baseKeyType":1,"closed":-1,"used":1721227116263,"created":1721227116263,"remoteIdentityKey":"BXZByFjZIEAdPsRtVjsUk/DnowDfqFfvIPsuIjWbmrd4"},"_chains":{"BZlHxmmuYoMI/gTBp/dOANzjeeY6vByINluwjRC09ihO":{"chainKey":{"counter":0,"key":"7Wb4LTYgpd68VghsxVFeG1DI5phmn6Qed0af1EcmOkY="},"chainType":1,"messageKeys":{}}},"pendingPreKey":{"signedKeyId":1,"baseKey":"BTOsBYd1arXC3KYf4tcF9a3pGQ0mM/PPFyc53kqs0CpL","preKeyId":716}}},"version":"v1"}