{"_sessions":{"BRM5xbTdl68XBysgE6qP+9dDCWoT+mefuN4ia+jUZABY":{"registrationId":730398353,"currentRatchet":{"ephemeralKeyPair":{"pubKey":"Bf+XoTgrAuYI7anIEbtQVfpFWmkLMs7/3RmmUsGHjbZm","privKey":"yKvcAl64oi4Zs1+rafb41AkY8f65HL7AMJVx0FzJjG4="},"lastRemoteEphemeralKey":"BUPvfBAEYpC2ooAZ482I6CA68BW/o2S/J34NGpLD6cQy","previousCounter":0,"rootKey":"dZZhyy3silkC2PBbfOUzt8xCD4caQErZhhufEsIVQnM="},"indexInfo":{"baseKey":"BRM5xbTdl68XBysgE6qP+9dDCWoT+mefuN4ia+jUZABY","baseKeyType":1,"closed":-1,"used":1721196568737,"created":1721196568737,"remoteIdentityKey":"BcIv5qjjm96oFDHVBRLbJJVzowZAXeiRpAE1syT07iAc"},"_chains":{"Bf+XoTgrAuYI7anIEbtQVfpFWmkLMs7/3RmmUsGHjbZm":{"chainKey":{"counter":9,"key":"QcE/uVlnp5F8h51KaFbDeA3uNXfp5AYvuXXHtEc6Gxs="},"chainType":1,"messageKeys":{}}},"pendingPreKey":{"signedKeyId":2,"baseKey":"BRM5xbTdl68XBysgE6qP+9dDCWoT+mefuN4ia+jUZABY","preKeyId":14079932}}},"version":"v1"}