{"_sessions":{"BSagUaQYUh5F8Zyu+nopkwwKA5hBXaw4N6D3ZZ6bzBhU":{"registrationId":106420362,"currentRatchet":{"ephemeralKeyPair":{"pubKey":"BakjGYRI7ecsKOSPfQXI947kaf4l324zmDkl9G8x2vIX","privKey":"IIRsQE0qWUD9k4GaXERQmBMoiUAMWDIbhOeh8jPvzWw="},"lastRemoteEphemeralKey":"BbCAuUupkcCwUszMcHNDwvdOSBfwQscL/m4EeXiOgONc","previousCounter":0,"rootKey":"YG+2C+sJiDjwJj66tFEH4edyzfvP2uWxq/kAF0gbmLY="},"indexInfo":{"baseKey":"BSagUaQYUh5F8Zyu+nopkwwKA5hBXaw4N6D3ZZ6bzBhU","baseKeyType":1,"closed":-1,"used":1721196568439,"created":1721196568439,"remoteIdentityKey":"BctwLHjImBxjKU1p9dPwnD9cf446PiGp6LoVsgx3WSE7"},"_chains":{"BakjGYRI7ecsKOSPfQXI947kaf4l324zmDkl9G8x2vIX":{"chainKey":{"counter":9,"key":"qFd0hkHbXbh+SPQX7I8cuEAiWr4qBFs/+hbgiccUnq0="},"chainType":1,"messageKeys":{}}},"pendingPreKey":{"signedKeyId":3,"baseKey":"BSagUaQYUh5F8Zyu+nopkwwKA5hBXaw4N6D3ZZ6bzBhU","preKeyId":8229037}}},"version":"v1"}