{"_sessions":{"BaAKLgcYUm8gync9Lutzus1cwWgefiXNqHYjZ58287Mw":{"registrationId":980186985,"currentRatchet":{"ephemeralKeyPair":{"pubKey":"BfIVzrZI7k3qOK/xGqm6QaUv2Vz7T7G9KGXTzLRukQQd","privKey":"qHcUYRXDRa+mt37VldZ9ezlxdesT5OkBzyMGHndic28="},"lastRemoteEphemeralKey":"BdXzrZKUSsKC0tMpytznfpAbuFqgHL4pCsSi7lZp99tA","previousCounter":0,"rootKey":"ef/NplPxSUpBy/2nxffXidZLMXOfl3Vd7RyVAQ3Xwts="},"indexInfo":{"baseKey":"BaAKLgcYUm8gync9Lutzus1cwWgefiXNqHYjZ58287Mw","baseKeyType":1,"closed":-1,"used":1721196568804,"created":1721196568804,"remoteIdentityKey":"BbuLkPa4a6LQHcIi4jAo2Qqjk6wzNXDpJ1O+NmYdFmwo"},"_chains":{"BfIVzrZI7k3qOK/xGqm6QaUv2Vz7T7G9KGXTzLRukQQd":{"chainKey":{"counter":9,"key":"/zG0Z3mpXDbYuhohjT0BdoB75J7tDlqo2ui9mFLmWXc="},"chainType":1,"messageKeys":{}}},"pendingPreKey":{"signedKeyId":1,"baseKey":"BaAKLgcYUm8gync9Lutzus1cwWgefiXNqHYjZ58287Mw","preKeyId":14430596}}},"version":"v1"}