{"_sessions":{"BYE0ZpYw+SahvO8S67JZ1ZV3ee420pwooOLeu7BJJclr":{"registrationId":5643,"currentRatchet":{"ephemeralKeyPair":{"pubKey":"BRMwntFmNDVnTv1AqsyR8Fu/PR1QKELtqoViNpiGBohs","privKey":"6OJhspnv+ou+FH2hSggy2Y5ZE8okkUJmVS2U01cJb10="},"lastRemoteEphemeralKey":"Ba2s0hVXSKLtvVt53VZZQDXKnfLzyAAq1J5GdoZuX0Ms","previousCounter":0,"rootKey":"vhqado5qgFcXv4lsYxygaoIJ2/Me7ucELMxdkI5x7NM="},"indexInfo":{"baseKey":"BYE0ZpYw+SahvO8S67JZ1ZV3ee420pwooOLeu7BJJclr","baseKeyType":1,"closed":-1,"used":1721227116016,"created":1721227116016,"remoteIdentityKey":"BZjrnbqiXgw3+oXzP48yq+pNnz3LHRYGqBJQNR8Uq4VR"},"_chains":{"BRMwntFmNDVnTv1AqsyR8Fu/PR1QKELtqoViNpiGBohs":{"chainKey":{"counter":0,"key":"RBT6q+dDu56zcM8jlBUNY31HiG7kVYN0KCFCQcNSc3U="},"chainType":1,"messageKeys":{}}},"pendingPreKey":{"signedKeyId":1,"baseKey":"BYE0ZpYw+SahvO8S67JZ1ZV3ee420pwooOLeu7BJJclr"}}},"version":"v1"}