{"_sessions":{"Bf3VG5NpUjqMjlRKq2Oy5tXi2pNv+1CC8Ikx6VWuPvRe":{"registrationId":455611668,"currentRatchet":{"ephemeralKeyPair":{"pubKey":"BdYfbOz3daf6T9XxW+Yfrq1x1g5IUjaFN1IuoDPElr8J","privKey":"WDeeqTRKn80rdJNXeMc3moZ5lIuKrorzMS8SwdhR0ng="},"lastRemoteEphemeralKey":"BRkik/ttMhSDS6B+0UAuTSvDHT5fDPgAuS+k2CCChtwR","previousCounter":0,"rootKey":"7jLEmW2xO9u4h7i7UmT0fYDgRdag2SMWhwIx7DjJqj8="},"indexInfo":{"baseKey":"Bf3VG5NpUjqMjlRKq2Oy5tXi2pNv+1CC8Ikx6VWuPvRe","baseKeyType":1,"closed":-1,"used":1721196568428,"created":1721196568428,"remoteIdentityKey":"BcpZyYM7tigea1NhLwavzEQNj08EykE0+Cavd3lNqIAM"},"_chains":{"BdYfbOz3daf6T9XxW+Yfrq1x1g5IUjaFN1IuoDPElr8J":{"chainKey":{"counter":9,"key":"Kh9hMP4HqEHTmNCg72RqtxPyq2/zdBIs+BpSnnFnDjo="},"chainType":1,"messageKeys":{}}},"pendingPreKey":{"signedKeyId":1,"baseKey":"Bf3VG5NpUjqMjlRKq2Oy5tXi2pNv+1CC8Ikx6VWuPvRe","preKeyId":5346593}}},"version":"v1"}