{"_sessions":{"BbllKKNuhOfSWbIcSwopoMlmla6xOFcZNEjNFjns5dVu":{"registrationId":143,"currentRatchet":{"ephemeralKeyPair":{"pubKey":"BbI+U0e0XXQJwLlr+CdCNuaf+CT224fcmB39+AU7MXky","privKey":"GBLIRaTjvnJLNIRR+ukvqeZBHyuszQbiDww05bceAl0="},"lastRemoteEphemeralKey":"Bf6acYQkXHrG+GFdBg1oTZnQUwJ1ilT98GgK3yUQQuNS","previousCounter":0,"rootKey":"h9b682QiPwMxetqxHp1l1rIjyHHtGlMNCbA88JmbpFc="},"indexInfo":{"baseKey":"BbllKKNuhOfSWbIcSwopoMlmla6xOFcZNEjNFjns5dVu","baseKeyType":1,"closed":-1,"used":1721196568141,"created":1721196568141,"remoteIdentityKey":"BRiP/MA+ub9clOOnj5IqxjgfbsRQD7ktIcyvR2O2PYIX"},"_chains":{"BbI+U0e0XXQJwLlr+CdCNuaf+CT224fcmB39+AU7MXky":{"chainKey":{"counter":9,"key":"MHNxlym2gqGAym2xLNJKwOXdv/2y1aXbAMYJ5wozWUI="},"chainType":1,"messageKeys":{}}},"pendingPreKey":{"signedKeyId":1,"baseKey":"BbllKKNuhOfSWbIcSwopoMlmla6xOFcZNEjNFjns5dVu"}}},"version":"v1"}