{"_sessions":{"BVQnVkYYL/MuuFhixZL1+zpx/0tt7/5uIZX51rhEvXpO":{"registrationId":473513025,"currentRatchet":{"ephemeralKeyPair":{"pubKey":"BTd09BOwB/t4uedLuXiYGIdS9lmb9WLvfgqAIB61lydB","privKey":"gC6Wt8wnGkAWcoI6quypKL1gSwi3WYjX5OVPpuSkgF4="},"lastRemoteEphemeralKey":"BexqlCVg00JOldCPoxmV+Ry7U2FICpquiQLmPJHq9kpC","previousCounter":0,"rootKey":"E+HdOc52fjVvixQr8O7R8jfUFbWDxR+2+UcvADYGOyo="},"indexInfo":{"baseKey":"BVQnVkYYL/MuuFhixZL1+zpx/0tt7/5uIZX51rhEvXpO","baseKeyType":1,"closed":-1,"used":1721227116925,"created":1721227116925,"remoteIdentityKey":"BW8oIqXl9aLO7fniulhBEq5m7ttVWcA1seDHV9y1S+ZD"},"_chains":{"BTd09BOwB/t4uedLuXiYGIdS9lmb9WLvfgqAIB61lydB":{"chainKey":{"counter":0,"key":"eygUZ2SWgrC8auVoPPrtWyan8F/1b4/fwIT3WKOUBt0="},"chainType":1,"messageKeys":{}}},"pendingPreKey":{"signedKeyId":0,"baseKey":"BVQnVkYYL/MuuFhixZL1+zpx/0tt7/5uIZX51rhEvXpO","preKeyId":7757751}}},"version":"v1"}