{"_sessions":{"BZrbGzqRytVr+uVCq3g1+5lqp2wyACAXMyF6EVyv/9sS":{"registrationId":1004697699,"currentRatchet":{"ephemeralKeyPair":{"pubKey":"BcikJDnWLz0C02sdHhvJhV0fVcEVt0Aq20WNS7K5xy5u","privKey":"2EsZzuZKn/jt12D+0hn25l6qMNoj/jhE+1Az9pT0pFk="},"lastRemoteEphemeralKey":"BQJySrRVmkx4oUhFvCxIgLnQBvhK8+z0omi1idO7nspz","previousCounter":0,"rootKey":"YJRcEDmao/fFHRsHOinlA38QHSpDI4Y/FJMDN9ImdUI="},"indexInfo":{"baseKey":"BZrbGzqRytVr+uVCq3g1+5lqp2wyACAXMyF6EVyv/9sS","baseKeyType":1,"closed":-1,"used":1721196568385,"created":1721196568385,"remoteIdentityKey":"BUBzvq1y5hvk9sZfwkgN3G7L1OrJNq+a1OQY22LX7IoB"},"_chains":{"BcikJDnWLz0C02sdHhvJhV0fVcEVt0Aq20WNS7K5xy5u":{"chainKey":{"counter":9,"key":"ecVaW6/CpeGaevHMJCU6rIkHlywEZTGUZDyI5ceZuDo="},"chainType":1,"messageKeys":{}}},"pendingPreKey":{"signedKeyId":4,"baseKey":"BZrbGzqRytVr+uVCq3g1+5lqp2wyACAXMyF6EVyv/9sS","preKeyId":11282439}}},"version":"v1"}