{"_sessions":{"BVaGDUERa153yNUw2sMYlgUJeBf+w6ZdUBGUYWRAEjNX":{"registrationId":299146619,"currentRatchet":{"ephemeralKeyPair":{"pubKey":"BUC5mQV/BusWZQFvHxzV0Wh5k1UlHkJpfyB7EVK1fugV","privKey":"qMDo2FJiZ2OQoKw2N0q+chL3LkwEXVmxT4V+4gMZ+m0="},"lastRemoteEphemeralKey":"BSz/ogNLpfpC7sWAbyxq5xbb98eKKsE+PMru3qkMA+dk","previousCounter":0,"rootKey":"JHXD5dKnDbRA0VcbnvPa3FvLWpzgXY7dk/LS91PWL+w="},"indexInfo":{"baseKey":"BVaGDUERa153yNUw2sMYlgUJeBf+w6ZdUBGUYWRAEjNX","baseKeyType":1,"closed":-1,"used":1721196568783,"created":1721196568783,"remoteIdentityKey":"BfJ8n8VHKrlD2k4IMtNzmsGXIab5dB3tkDm4h0BFResS"},"_chains":{"BUC5mQV/BusWZQFvHxzV0Wh5k1UlHkJpfyB7EVK1fugV":{"chainKey":{"counter":9,"key":"ErYWomRXLwL7VaPwQEwoND+/+ft1WiILNdblmPyRWzc="},"chainType":1,"messageKeys":{}}},"pendingPreKey":{"signedKeyId":20,"baseKey":"BVaGDUERa153yNUw2sMYlgUJeBf+w6ZdUBGUYWRAEjNX","preKeyId":14490719}}},"version":"v1"}