{"_sessions":{"BSuJ0mRfV7ZdwGAcMk64xUwnY1XlVETKvNBtli6OA2ZB":{"registrationId":1519530952,"currentRatchet":{"ephemeralKeyPair":{"pubKey":"BZ+yLBbTrkRMyj+kDIB8du2THta9J2IRQkuEah3PmTdK","privKey":"2NrhPtR43atmAF9EImgQ/5rXg7uKrHlxjrpUjbDtxVw="},"lastRemoteEphemeralKey":"BWhj5+VroPFFRc5WUgrQApPUfxCub7fYuC8Ccc+RR6QP","previousCounter":1,"rootKey":"5o8NBccQtP+TsB7zsgy+KNPMpEG6AJK+X/HfhkaFOKo="},"indexInfo":{"baseKey":"BSuJ0mRfV7ZdwGAcMk64xUwnY1XlVETKvNBtli6OA2ZB","baseKeyType":1,"closed":-1,"used":1721196588508,"created":1721196568415,"remoteIdentityKey":"BRBZaWWlSE+q2xw6+Rz+vG4T7y+MQ9v32xMe3GltIUcW"},"_chains":{"BZfBYAg+xsPOf/7EzikHx111c64btUMOjID+yp+c58Mx":{"chainKey":{"counter":0},"chainType":2,"messageKeys":{}},"BWhj5+VroPFFRc5WUgrQApPUfxCub7fYuC8Ccc+RR6QP":{"chainKey":{"counter":0,"key":"Jo/cUd0w+ia79UMB1wKfmWXlNmmyu9SvUGKwhce+94k="},"chainType":2,"messageKeys":{}},"BZ+yLBbTrkRMyj+kDIB8du2THta9J2IRQkuEah3PmTdK":{"chainKey":{"counter":6,"key":"iBGNfPvJmHZtQXdn/cGoD7Lkz3wsjziNt/jqX58dRSA="},"chainType":1,"messageKeys":{}}}}},"version":"v1"}