{"_sessions":{"Bc77KP+1bAD0EEyro0vHNjMNdxIXeXHH44FMpDIQZ3EF":{"registrationId":2136623499,"currentRatchet":{"ephemeralKeyPair":{"pubKey":"BWaHAXcL/sMSToR8Tx3ev4td7dOuOJsB3w70YgJ/AkFe","privKey":"0EBboRRlHxmRYLA55M9gQV9jLue68loppj78awG1v1c="},"lastRemoteEphemeralKey":"BTOk0c9snH11DagIcu/dhxHWqHU4BYP/JEOq9qWMTCJD","previousCounter":0,"rootKey":"LcwwidihB3XOtvExrNC0Jet1KSnegZJO4vfWb++HLyY="},"indexInfo":{"baseKey":"Bc77KP+1bAD0EEyro0vHNjMNdxIXeXHH44FMpDIQZ3EF","baseKeyType":1,"closed":-1,"used":1721196568701,"created":1721196568701,"remoteIdentityKey":"BcU5CH/H2ihC8RYyGKCMslLRIicinkYKoA6Xanu1g9Aj"},"_chains":{"BWaHAXcL/sMSToR8Tx3ev4td7dOuOJsB3w70YgJ/AkFe":{"chainKey":{"counter":9,"key":"CGIdRqXW8ONasTaE6wsOtBcItAGulSc6N8Zg2X26YP4="},"chainType":1,"messageKeys":{}}},"pendingPreKey":{"signedKeyId":4,"baseKey":"Bc77KP+1bAD0EEyro0vHNjMNdxIXeXHH44FMpDIQZ3EF","preKeyId":11497812}}},"version":"v1"}