{"_sessions":{"BdmOgZX3AZVK8DUpKYbvXuQ8RrV54Ji4KXkOYH8ooZg7":{"registrationId":331031113,"currentRatchet":{"ephemeralKeyPair":{"pubKey":"BbKTb5zvBvtbBPowyJC8BnCACe/GiHBSxsuquxrtGC8L","privKey":"aM4NsCv04Wx/Ms2mTm63Q2cT7Pp+yidIxQFHm7I3G3I="},"lastRemoteEphemeralKey":"BfTA3Bhg64O6MzyQzoIE45LATTHxgtEYy+A7NJ67kcZO","previousCounter":0,"rootKey":"l7j5eb+hM4xkEwcw728fJDjunJbmaxI9PExkbryQAJE="},"indexInfo":{"baseKey":"BdmOgZX3AZVK8DUpKYbvXuQ8RrV54Ji4KXkOYH8ooZg7","baseKeyType":1,"closed":-1,"used":1721227117317,"created":1721227117317,"remoteIdentityKey":"BWl1FhY9/kCkcthVZs/gVsnZjK27rxshBTYhoc0iBOgS"},"_chains":{"BbKTb5zvBvtbBPowyJC8BnCACe/GiHBSxsuquxrtGC8L":{"chainKey":{"counter":0,"key":"MtxO4JW1FSoiS9yw/YitkSlOCNG9VXBEVgjifFy47jw="},"chainType":1,"messageKeys":{}}},"pendingPreKey":{"signedKeyId":0,"baseKey":"BdmOgZX3AZVK8DUpKYbvXuQ8RrV54Ji4KXkOYH8ooZg7"}}},"version":"v1"}