{"_sessions":{"BXmpzjIpVpBVDBEvrXOr8O18SGS2q/SdL9szsIDiwiNQ":{"registrationId":769889349,"currentRatchet":{"ephemeralKeyPair":{"pubKey":"BV4kNk+72Zx5ga61S2lm9y0ZmQygyqniWsuoaS/4BApH","privKey":"EBAE3hl3GnF5KDcaSAro93aZujvrCbVGXaFy/6IZXlU="},"lastRemoteEphemeralKey":"BfrUZ5URwIaXagjMxRf1vr6r8NCZzIMLEWUmnQ5jq54g","previousCounter":0,"rootKey":"esUKWO6uKqmQe6Jj6Iamt8GPUesllwtrvR0KNc71eqw="},"indexInfo":{"baseKey":"BXmpzjIpVpBVDBEvrXOr8O18SGS2q/SdL9szsIDiwiNQ","baseKeyType":1,"closed":-1,"used":1721196568549,"created":1721196568549,"remoteIdentityKey":"BfqtYpezyRy6viyNO7ksht7HsWxfZ0cyTuNMYDry7PcX"},"_chains":{"BV4kNk+72Zx5ga61S2lm9y0ZmQygyqniWsuoaS/4BApH":{"chainKey":{"counter":9,"key":"i3piHE1gvEBrGnYk/2QiCG8KpIbbwUSeHA7TRd8XqQ0="},"chainType":1,"messageKeys":{}}},"pendingPreKey":{"signedKeyId":8,"baseKey":"BXmpzjIpVpBVDBEvrXOr8O18SGS2q/SdL9szsIDiwiNQ","preKeyId":5422998}}},"version":"v1"}