{"_sessions":{"BUSOvHXiKKDH55FBsxA+9h2qhPG2x8J1TDJu4zHo2rB3":{"registrationId":168,"currentRatchet":{"ephemeralKeyPair":{"pubKey":"Bb6nq5wdyT1PMjX0VcUm0PWoEPSahSG4M8e/ZbkUgz5k","privKey":"YImUu2pIXIH5fergnogKKaFEILcYf0UuE5HK1vYR8FM="},"lastRemoteEphemeralKey":"BUnt06Yx1GKPDitcmEbeUk+imK1fzIqBmimD7wLQI+1s","previousCounter":0,"rootKey":"31/ZDE0f4MMEaXnB3WSo/3A2daBrs9terMWfTADrFAo="},"indexInfo":{"baseKey":"BUSOvHXiKKDH55FBsxA+9h2qhPG2x8J1TDJu4zHo2rB3","baseKeyType":1,"closed":1721227177250,"used":1721227175326,"created":1721227175326,"remoteIdentityKey":"BXcp9+r28wPQqnZ3nzHGtaxXZj3mqS/Dzk7YomBE/GpE"},"_chains":{"Bb6nq5wdyT1PMjX0VcUm0PWoEPSahSG4M8e/ZbkUgz5k":{"chainKey":{"counter":-1,"key":"wXWxBBQWCQUHobbESDEEB0rnPWhpRAsmm7wM0ZEI//0="},"chainType":1,"messageKeys":{}}},"pendingPreKey":{"signedKeyId":1,"baseKey":"BUSOvHXiKKDH55FBsxA+9h2qhPG2x8J1TDJu4zHo2rB3"}},"BUYns9Wc05Zi1NRIIpxtuMaA2WhLb3WmsS1uX1XYoyUp":{"registrationId":168,"currentRatchet":{"ephemeralKeyPair":{"pubKey":"BUJSu9HG5u9xMlj8FZwHZ/K2ccHxFvEPzq8f8FtThZN2","privKey":"sFCjj3LGJYzSHbMd5G7YTZkznAhdNa4rixBJmvsDvGo="},"lastRemoteEphemeralKey":"BUnt06Yx1GKPDitcmEbeUk+imK1fzIqBmimD7wLQI+1s","previousCounter":0,"rootKey":"79yo6K4O1QrecUcxRNS/IIU4a5jT5jwifT+oQQ7ODjI="},"indexInfo":{"baseKey":"BUYns9Wc05Zi1NRIIpxtuMaA2WhLb3WmsS1uX1XYoyUp","baseKeyType":1,"closed":-1,"used":1721227177248,"created":1721227177248,"remoteIdentityKey":"BXcp9+r28wPQqnZ3nzHGtaxXZj3mqS/Dzk7YomBE/GpE"},"_chains":{"BUJSu9HG5u9xMlj8FZwHZ/K2ccHxFvEPzq8f8FtThZN2":{"chainKey":{"counter":1,"key":"mDxLpxJp14ZADBf4qs8xJwWyWbZ2CF6Dqh+As5sweC0="},"chainType":1,"messageKeys":{}}},"pendingPreKey":{"signedKeyId":1,"baseKey":"BUYns9Wc05Zi1NRIIpxtuMaA2WhLb3WmsS1uX1XYoyUp"}}},"version":"v1"}