{"_sessions":{"BaUnhlyVnc219qAPk7aUagYx6bcD5MRFjGROv8YIe/9F":{"registrationId":610211580,"currentRatchet":{"ephemeralKeyPair":{"pubKey":"BfaMJiLwv9GALorS6zgD2y3eIiCwHYujQYX3GpUHJm16","privKey":"AJL6QLnRp5ABJ72wD7byHY+oY2zZGNPY/wWiksiZR1A="},"lastRemoteEphemeralKey":"BcAFcw4X0zQVyUx4ZXjIK93Ev+P4yvHBl4rvRB8Tk8gP","previousCounter":0,"rootKey":"7l2CusCbJMHRn/aqnG4GVqA3rlUDBXWB6+OF6FbQKsM="},"indexInfo":{"baseKey":"BaUnhlyVnc219qAPk7aUagYx6bcD5MRFjGROv8YIe/9F","baseKeyType":1,"closed":-1,"used":1721227116710,"created":1721227116710,"remoteIdentityKey":"BaNbLe6ny3GLvLVdRWQPeNiI0mxyvOd2b8Bya6p8N65z"},"_chains":{"BfaMJiLwv9GALorS6zgD2y3eIiCwHYujQYX3GpUHJm16":{"chainKey":{"counter":0,"key":"3dgDixV33kDviCtHZqZfj10l5R76/Lz4VyfLSQANST0="},"chainType":1,"messageKeys":{}}},"pendingPreKey":{"signedKeyId":1,"baseKey":"BaUnhlyVnc219qAPk7aUagYx6bcD5MRFjGROv8YIe/9F","preKeyId":843213}}},"version":"v1"}