{"_sessions":{"BZ1+CqiZCFIN/UrRYcaz9rPqg0GS/MkYUBjNiICOnpNZ":{"registrationId":64222349,"currentRatchet":{"ephemeralKeyPair":{"pubKey":"BfQA3W/6XlNPpyu6fg4cFx5jgeIYNIlddTJrfQQpdBV2","privKey":"UCx3FDPKA48KVPOnaKSp7zafxs+d8WW0OSf6qrBss1s="},"lastRemoteEphemeralKey":"BdCLF1N9RJJg/XvExy6kMwILmWb2RwqHi4Z0aK+TIBJi","previousCounter":0,"rootKey":"hU9/2/ABbNtPIdCsIfCPeFH4UDtVfNotXIYoJyselOE="},"indexInfo":{"baseKey":"BZ1+CqiZCFIN/UrRYcaz9rPqg0GS/MkYUBjNiICOnpNZ","baseKeyType":1,"closed":-1,"used":1721227116653,"created":1721227116653,"remoteIdentityKey":"BZ5F8DdL11pBFklq5GdEsrZH+knV2461ISsScEYbiRs9"},"_chains":{"BfQA3W/6XlNPpyu6fg4cFx5jgeIYNIlddTJrfQQpdBV2":{"chainKey":{"counter":0,"key":"2m82nIKS6r3UgpybI3PVTepsZ2fUS9AXd1ItCHoDSts="},"chainType":1,"messageKeys":{}}},"pendingPreKey":{"signedKeyId":1,"baseKey":"BZ1+CqiZCFIN/UrRYcaz9rPqg0GS/MkYUBjNiICOnpNZ","preKeyId":16047533}}},"version":"v1"}