{"_sessions":{"BVKjzOUn7yFpai40qxM1/pOaWKA4TPdBpzd46muQuS8p":{"registrationId":1401532491,"currentRatchet":{"ephemeralKeyPair":{"pubKey":"BVVxiazNNMb4LLSVGK0IuglcDABS7nd1CSAXTOQ3wR8I","privKey":"qFiTtJRP+OeZsUdp70iQ0ivJQzmD/+PkjgVFP5eCDWk="},"lastRemoteEphemeralKey":"BSvUdApRTzD/SYgMuHTcpEZ59ZQHJYAHFsB5rq2QHL1z","previousCounter":0,"rootKey":"dBglRCZ/mq2AtNuWZ5IGfIK8iMRTPwbZyPN0YfUlRCw="},"indexInfo":{"baseKey":"BVKjzOUn7yFpai40qxM1/pOaWKA4TPdBpzd46muQuS8p","baseKeyType":1,"closed":-1,"used":1721227117516,"created":1721227117516,"remoteIdentityKey":"BaAfL0bLBcj8kOywszJUeeY5VozBSYezYubal0QXFi9P"},"_chains":{"BVVxiazNNMb4LLSVGK0IuglcDABS7nd1CSAXTOQ3wR8I":{"chainKey":{"counter":0,"key":"bpJ4OkwbO+V5PajupQdfCRIvTJgaOB9+5R7KbG8Kb3I="},"chainType":1,"messageKeys":{}}},"pendingPreKey":{"signedKeyId":21,"baseKey":"BVKjzOUn7yFpai40qxM1/pOaWKA4TPdBpzd46muQuS8p","preKeyId":5503229}}},"version":"v1"}