{"_sessions":{"BS2IP9LWfyq62H79zxNiHYt1t09C56Pas/odwj00AN9v":{"registrationId":4913,"currentRatchet":{"ephemeralKeyPair":{"pubKey":"BaFLp9+hWoNYTqRnOj+T+/7dOha2023C63bce4ym9G0D","privKey":"KBtRYNLWXoWWrGTGPRacPhKCMaLwDqWQEef3kKYOjlo="},"lastRemoteEphemeralKey":"BYoOebvqCUu3tL4SvQARvnBooG39hmFrU5fBWRxWnKNC","previousCounter":0,"rootKey":"OTP59MXOtKGazaZeMSy5OipP0+lWSZljl93+C3x7QQU="},"indexInfo":{"baseKey":"BS2IP9LWfyq62H79zxNiHYt1t09C56Pas/odwj00AN9v","baseKeyType":1,"closed":-1,"used":1721196568302,"created":1721196568302,"remoteIdentityKey":"BU0HMSS84DlRNOzh3IG+Lyk2j5+op2vTr0vlmwAOWjIh"},"_chains":{"BaFLp9+hWoNYTqRnOj+T+/7dOha2023C63bce4ym9G0D":{"chainKey":{"counter":9,"key":"z2usi4j/CnEWtzw/ZTnydX8QUnSHErFnCMSbZqUubl8="},"chainType":1,"messageKeys":{}}},"pendingPreKey":{"signedKeyId":1,"baseKey":"BS2IP9LWfyq62H79zxNiHYt1t09C56Pas/odwj00AN9v"}}},"version":"v1"}