{"_sessions":{"BTRZAvui8hrs7V/1Kzt2+o/58IX1y/u7p4SE6IIJM2pe":{"registrationId":1850474064,"currentRatchet":{"ephemeralKeyPair":{"pubKey":"BUG9obCuDqLUTsXOTJOBexd2XHIieKe9lzqZ4xB7sCcK","privKey":"+Ga9RkZXRlC8gMxVQTrSa6W5fVIAPaoxRiGmi6esKXw="},"lastRemoteEphemeralKey":"BbiPUgvLQiMrfNWD9SyRuyLvH6j+vm1Mqv3kI/j35LlA","previousCounter":0,"rootKey":"lvVrTPc5CNrWtRkIo/dBwLmnZf0uNW1D+XJSzjj+LJQ="},"indexInfo":{"baseKey":"BTRZAvui8hrs7V/1Kzt2+o/58IX1y/u7p4SE6IIJM2pe","baseKeyType":1,"closed":-1,"used":1721227117475,"created":1721227117475,"remoteIdentityKey":"BS7tncwhLL1yMSTSlXt8TjPxyaQStmleYFy3tNNpxM8+"},"_chains":{"BUG9obCuDqLUTsXOTJOBexd2XHIieKe9lzqZ4xB7sCcK":{"chainKey":{"counter":0,"key":"VSV/8MrHJuBfRZV1Y/Igxq5LWbY3RjD7QgC92o2ia+o="},"chainType":1,"messageKeys":{}}},"pendingPreKey":{"signedKeyId":0,"baseKey":"BTRZAvui8hrs7V/1Kzt2+o/58IX1y/u7p4SE6IIJM2pe","preKeyId":7403194}}},"version":"v1"}