{"_sessions":{"BdxoxuFifiB4rZQ9eFWpT+DJoG0p53XS0FVq2MINWikU":{"registrationId":797316391,"currentRatchet":{"ephemeralKeyPair":{"pubKey":"Bf0ZnlqQ5U57HdnDx4VpMKKRGnGrN5iuIjzE8oArOIVz","privKey":"yKeN4xebntBKjq99J6hw9/kAYURAxfgUrt4V916dBng="},"lastRemoteEphemeralKey":"BUoUe12V9YqDTQL5R9XW0DSOFVG2ZzEKQO9GmPmxWPZI","previousCounter":0,"rootKey":"+/eDAn50fA7MOusWhrNkvEtzu15WDRdPynldNWFff/U="},"indexInfo":{"baseKey":"BdxoxuFifiB4rZQ9eFWpT+DJoG0p53XS0FVq2MINWikU","baseKeyType":1,"closed":-1,"used":1721196571149,"created":1721196568569,"remoteIdentityKey":"BdjSSfRd/SUn0O5ppvA78dnvUbu/nG+O8HsF3+GI34F+"},"_chains":{"BUoUe12V9YqDTQL5R9XW0DSOFVG2ZzEKQO9GmPmxWPZI":{"chainKey":{"counter":0,"key":"/sjwM3JwGJj6BAUJeruljIyMlH4JgYfIfW0pf9tSkbA="},"chainType":2,"messageKeys":{}},"Bf0ZnlqQ5U57HdnDx4VpMKKRGnGrN5iuIjzE8oArOIVz":{"chainKey":{"counter":8,"key":"A7qt/qoPZTKEWADQED+iOv8P+AKE5dfpUjFTCHbHUBA="},"chainType":1,"messageKeys":{}}}}},"version":"v1"}