{"_sessions":{"BfseGqkyr72Dw/jYCIAPOAHah1SVAB/LYHS7n9IvzUMb":{"registrationId":6464,"currentRatchet":{"ephemeralKeyPair":{"pubKey":"BYpmLAxshdlJSRHe6tH7GUSXvcg7MWW4L7EmG/smEVcV","privKey":"AIfIl7W9yilUNcMZee8D7F5x9pheooWMeHsy0KwSNVo="},"lastRemoteEphemeralKey":"BYPLYSwzVAwxqGQZOOv6cO0hCEtBvKNapiODFcKpA+le","previousCounter":0,"rootKey":"pRCAcqfuUqk42en2jG5yAukBTH0JIfFrrDRziL37lmE="},"indexInfo":{"baseKey":"BfseGqkyr72Dw/jYCIAPOAHah1SVAB/LYHS7n9IvzUMb","baseKeyType":1,"closed":-1,"used":1721227115935,"created":1721227115935,"remoteIdentityKey":"BWAM6nP1sk5sCWg0qd9GRAOip9ud2LNMSh4PTRuCgM0w"},"_chains":{"BYpmLAxshdlJSRHe6tH7GUSXvcg7MWW4L7EmG/smEVcV":{"chainKey":{"counter":0,"key":"aSiS69o4EU8PEKKpWrfwE9VBS2tNUrniqUkipN+4avk="},"chainType":1,"messageKeys":{}}},"pendingPreKey":{"signedKeyId":1,"baseKey":"BfseGqkyr72Dw/jYCIAPOAHah1SVAB/LYHS7n9IvzUMb"}}},"version":"v1"}