{"_sessions":{"BWAazrhoeGxxk5zQsDKQdenosIVDzNNU0cOH0gYTFntD":{"registrationId":1066503852,"currentRatchet":{"ephemeralKeyPair":{"pubKey":"BfFTg4dqcwPLBPAQzK1MZ0eQVuvAGVxq0dUg8i4d0TA8","privKey":"OI80A/GOfr4iJaTJ0nKXCYfUBL2JxPoaiKwf6fk0XV8="},"lastRemoteEphemeralKey":"BVrS+G9gnH8dyiGb6TI6HFNZ5MBiq6r4Yel/5ytz/+gG","previousCounter":0,"rootKey":"ak5JeLqC8lCripOY9XVySEubCAI80xo0P7urN1W6Zls="},"indexInfo":{"baseKey":"BWAazrhoeGxxk5zQsDKQdenosIVDzNNU0cOH0gYTFntD","baseKeyType":1,"closed":-1,"used":1721196568368,"created":1721196568368,"remoteIdentityKey":"Bfq/ZBm6bVpcYC9NisXfNLpAeMA3mVhATv59r2DIU8Yc"},"_chains":{"BfFTg4dqcwPLBPAQzK1MZ0eQVuvAGVxq0dUg8i4d0TA8":{"chainKey":{"counter":9,"key":"piVMOPgwDRO56hjTgaV7bwwTsxaajJeGiwkHAidIDTQ="},"chainType":1,"messageKeys":{}}},"pendingPreKey":{"signedKeyId":5,"baseKey":"BWAazrhoeGxxk5zQsDKQdenosIVDzNNU0cOH0gYTFntD","preKeyId":550815}}},"version":"v1"}