{"_sessions":{"BeoCb8xXqOWu1J6K3hPqqyhn/qC6JmdKkBkpEHr/uaNl":{"registrationId":25616922,"currentRatchet":{"ephemeralKeyPair":{"pubKey":"BdHm0XK/J9k0nkB2evimCELRXTHWwgQ8UxcCp0P5EUI8","privKey":"8O33xYJ8DYDOkvoduISuaLnE1JvLc55R1r65GU4RGU8="},"lastRemoteEphemeralKey":"BUYIZEL9Wssa/uEnD3jZxRiY4bEyYMOBgSJqR6YRv+If","previousCounter":2,"rootKey":"zHKDF2XFHdFPEgmO0xe/5V096UZ1WUJ/OGA/YzU3a2A="},"indexInfo":{"baseKey":"BeoCb8xXqOWu1J6K3hPqqyhn/qC6JmdKkBkpEHr/uaNl","baseKeyType":2,"closed":1721196520229,"used":1721150976595,"created":1721132906528,"remoteIdentityKey":"BaWySaelSVjGLw1hgSAZW7tj0ZstEoyqLdDGKaLpHl09"},"_chains":{"BYSIQAcHkgNny8ZNxb+qcbvkETBOoUQev2b/EdDD1vw4":{"chainKey":{"counter":0},"chainType":2,"messageKeys":{}},"BTXvNTEqWByR6A+ZDqtNRi9ugN5FpcUKuFDbgLRGHMNx":{"chainKey":{"counter":0},"chainType":2,"messageKeys":{}},"BVQUogqUpXszFmmvel/cJbXnebWmGbxI2w9+ngzht/QN":{"chainKey":{"counter":0},"chainType":2,"messageKeys":{}},"BR4wXMrXNJdBuoEjptJ4QoP+UmYd6cnxtFdQ08Fd2BQ2":{"chainKey":{"counter":0},"chainType":2,"messageKeys":{}},"BfT5z6Sdh56LcPs+0vBjlRWsR1yUdfoadxG1xHEfEg0X":{"chainKey":{"counter":0},"chainType":2,"messageKeys":{}},"BZawPDDS587OE/oYKmob31tAsdsJw4PcqXsCI1Ss8rpp":{"chainKey":{"counter":0},"chainType":2,"messageKeys":{}},"BY8/XBJ31Ji1JTQtx8m4H8XlNH1k8hcyx+ucb459rvMm":{"chainKey":{"counter":0},"chainType":2,"messageKeys":{}},"BXBDK6bEl+GxzioJiOxmvVQ+yemrS8XG/RObgKZOHjFO":{"chainKey":{"counter":0},"chainType":2,"messageKeys":{}},"BZaTU2kU48QGlS3lPvTPWC1il6rloj12k2NxyrM2S+tK":{"chainKey":{"counter":0},"chainType":2,"messageKeys":{}},"BWFXdMoZuULZ5lgt8VNg+vocYzv11vYa/1uSpXk2LFBm":{"chainKey":{"counter":0},"chainType":2,"messageKeys":{}},"BVtb8/1BSWswYTTpU1WI7l0SrkfBrycExQ5I1dEHKJoP":{"chainKey":{"counter":0},"chainType":2,"messageKeys":{}},"BaRuEB+8Im6NWW79ucNB2WPGLHcpgYgpNxiuQOUKAsQ9":{"chainKey":{"counter":1},"chainType":2,"messageKeys":{}},"Bezc4JIElvFVfJWxWDo1qAygdFOqWxME3qlLjrdD3Ql1":{"chainKey":{"counter":1},"chainType":2,"messageKeys":{}},"BQWEd+U1BEKXqIQ6X7QNiWT4IlwRyfCOPOT3SWyRO/tx":{"chainKey":{"counter":0},"chainType":2,"messageKeys":{}},"BX0ERDvKp/Wy+7xUP5xo4SFXrY2PIxh2u/+OqGBhLadh":{"chainKey":{"counter":0},"chainType":2,"messageKeys":{}},"BYfZF1nImtHx7OYp03XnHQRNH46UiVJmL6/BL4TUzv9b":{"chainKey":{"counter":0},"chainType":2,"messageKeys":{}},"BR0BUAzVigLqZy6/2aSIszy0s4hsuTqDmUx9UuEvu5M3":{"chainKey":{"counter":0},"chainType":2,"messageKeys":{}},"BevcmWhvg9jDQJVyPTzuXFJQtDSWTosCeBzBU24o0Sd1":{"chainKey":{"counter":0},"chainType":2,"messageKeys":{}},"BdNiBaCwH0vmhj9OeEIjdqP6TzaqO4szyvFoQNPcQQJC":{"chainKey":{"counter":0},"chainType":2,"messageKeys":{}},"Bb/8ki+3wVKFDLMTPKMNHxWNsl1B2Pv1+psRo03xi8N1":{"chainKey":{"counter":0},"chainType":2,"messageKeys":{}},"BfzhsJL40nKdXZvpmvl3we9pxuxspFWKBsmn/t+0eRlU":{"chainKey":{"counter":0},"chainType":2,"messageKeys":{}},"BZ1WU6VLK8BXzlzfJtJWNn52LoUFPeK56qv7G/3/BJkT":{"chainKey":{"counter":0},"chainType":2,"messageKeys":{}},"BcGu2Pr/xX8gldLdI+WOyjrcGnhkgO/lZaqcsIXvzR90":{"chainKey":{"counter":0},"chainType":2,"messageKeys":{}},"BfKQkBwW8SJyZcI3yLJq7I3E9hwK8/beeVCWWeX+US5n":{"chainKey":{"counter":0},"chainType":2,"messageKeys":{}},"BeqMQUU2l0FWgSznObAs2L+cI/9a+CvdmGnJncrFya4Y":{"chainKey":{"counter":0},"chainType":2,"messageKeys":{}},"BY0jhcYaKzE+14JH04dNnAB0dkrDbIzK0E0WL0Hkr8N8":{"chainKey":{"counter":0},"chainType":2,"messageKeys":{}},"Bachs2ogQUxrIyAKc9Zybi6PfyE7snaH8gHfDgQQscRS":{"chainKey":{"counter":0},"chainType":2,"messageKeys":{}},"BRgqmztN9VjUC/roE3Fw/ep6LBlXTfvq7AatXzYcAsNY":{"chainKey":{"counter":0},"chainType":2,"messageKeys":{}},"BY2MgqDCwJm3fAUq7DaaytnT+VNIPtHSwLc0omZfGrkT":{"chainKey":{"counter":0},"chainType":2,"messageKeys":{}},"Bd8l86tR4QkDzXnwp0UxgePcTQZpbeldjvynG/QkJjo7":{"chainKey":{"counter":0},"chainType":2,"messageKeys":{}},"BaJGyWwY8+gHv/S3Eq+fCYtawgIjIhAjgQopydfWyekH":{"chainKey":{"counter":0},"chainType":2,"messageKeys":{}},"BTlPFUQZTC2umJWA8MwD1a03lOWO49VmG65vYHizYQQs":{"chainKey":{"counter":0},"chainType":2,"messageKeys":{}},"Bds7E9gI5GzitNAhdVbjb2sR47mkdTi1NoLXvQpbl1hb":{"chainKey":{"counter":0},"chainType":2,"messageKeys":{}},"BRu1WFBdY5SY/WNwr58ED3lq6k8H//D3kyVoAlEfBQot":{"chainKey":{"counter":1},"chainType":2,"messageKeys":{"1":"QfVOiifE3WkNJ7VjQhGbeXj6Qv7Q00QibaDMPysqxj0="}},"BQrcE4ooXlho8BT0Dys7jzftNu04ZpeSGlMOVaW6B81n":{"chainKey":{"counter":0},"chainType":2,"messageKeys":{}},"BYLo/28M/v6Rjqmq9sMBAKrD/Wl0b9QW0aiFmyKkTtlq":{"chainKey":{"counter":0},"chainType":2,"messageKeys":{}},"BWlRfPEAkN66rucsdJR/Wr+hw/hpHebVps7D88JJadIL":{"chainKey":{"counter":1},"chainType":2,"messageKeys":{"1":"capVRq36Tp+n5TDL38rwR/AKmmuCWu/NxILKe6FUCgM="}},"BZ1SY1Ijw/bWLQB7uSSFWFTH8UgWqCs49zSJm9v/IOI8":{"chainKey":{"counter":0},"chainType":2,"messageKeys":{}},"BYFDKun+mp4TozrBBAV25lT+mTZMEQFaWcJ1hg6dwe9G":{"chainKey":{"counter":0},"chainType":2,"messageKeys":{}},"BQKSJ+uvC2cJaEqwVku9hE9/RpXw6vnLct5T5IGrILwM":{"chainKey":{"counter":0},"chainType":2,"messageKeys":{}},"BbkUn6yJpc8Np+FD81o/y2WtLFfUSOvzLmVcXDC1yOFc":{"chainKey":{"counter":0},"chainType":2,"messageKeys":{}},"BZIIyUmICiJnWuQKbyDyaS1eq4zHca81FMjn17w/XVNe":{"chainKey":{"counter":0},"chainType":2,"messageKeys":{}},"BQ1wXuPU+0Sa1sw7FcwAKqm+V+byGmIgvwAyU5QarkA7":{"chainKey":{"counter":0},"chainType":2,"messageKeys":{}},"BREtz2oQ3Zxa2Uj7syAKChXZj3A7PgbAlj+6MkdCBqpa":{"chainKey":{"counter":0},"chainType":2,"messageKeys":{}},"BSEOeJYNBBBAqZXK3klJRh2NqZfKG4/Dd0o2dpKVQYcM":{"chainKey":{"counter":0},"chainType":2,"messageKeys":{}},"BXuhNsharr4KjLjK5v0b3QWPDUNfECheb+MaEc9V4yN1":{"chainKey":{"counter":0},"chainType":2,"messageKeys":{}},"BXaujmO2hYC0HjSST48GD3XdB0h1wTGF4xkLIV2B+mZn":{"chainKey":{"counter":0},"chainType":2,"messageKeys":{}},"BZRhu+2QxViAA0/ZdKkJcjv6HOT87+5r51luAUsfCewp":{"chainKey":{"counter":1},"chainType":2,"messageKeys":{"1":"Tfh9sQTG5hY2e6fhgtKAJ2TpU+9Dqnkg3rbV7wqwM4s="}},"Ben+o/rsnLet7eeD2p/C8HYzA/lDsS01iTKRHE72wmI3":{"chainKey":{"counter":0},"chainType":2,"messageKeys":{}},"BT11ZDeIi9lTmXsVTrBI8q9GRe9+LcclTH0z73ym8XkY":{"chainKey":{"counter":0},"chainType":2,"messageKeys":{}},"BTlGurL6Wt4RpRAa+T2pYTh52MpV5lRicS083k58TNgb":{"chainKey":{"counter":0},"chainType":2,"messageKeys":{}},"BXfAbEHdN8wBxkQyjcgPuS34bcotcOh9Fdm7Nqins38z":{"chainKey":{"counter":6},"chainType":2,"messageKeys":{}},"BQroTb0J8Eq/stgJmlHkkYRNn4CFPaSUCh8n6B61GIR2":{"chainKey":{"counter":2},"chainType":2,"messageKeys":{}},"BUmR3SaHrD0IxjHRnqvvtOtE43bG/3GMK9PKRoT/sgQi":{"chainKey":{"counter":0},"chainType":2,"messageKeys":{}},"BfmgpIYXIhurhWrTuBfXCKCUQceyF+Tdxi813vMpG9UW":{"chainKey":{"counter":0},"chainType":2,"messageKeys":{}},"BblNrwgOyxs1rdq/d/fyu6jy7GVI2Aup8NDj9Dv3jk5E":{"chainKey":{"counter":0},"chainType":2,"messageKeys":{}},"BRbn6H67KFJ1wa+O8TN4rAo7eVkCNL5EThvKFmm2FtRq":{"chainKey":{"counter":0},"chainType":2,"messageKeys":{}},"BZBpVL5v2xz6YHE/KBcP3kOUCM/fie4M8tM+41bnnLJZ":{"chainKey":{"counter":3},"chainType":2,"messageKeys":{}},"BTZFdKG2dua/04ndUa7Q+g1o186w6HS4gS2AEjIYzqkJ":{"chainKey":{"counter":0},"chainType":2,"messageKeys":{}},"BQrH5dBr+AvRFbzZPn+GIz9DFsc9YdPs+mk851x3gPhK":{"chainKey":{"counter":0},"chainType":2,"messageKeys":{}},"BUYIZEL9Wssa/uEnD3jZxRiY4bEyYMOBgSJqR6YRv+If":{"chainKey":{"counter":0,"key":"FzIFazi0FPV31vZ/nsWP8wxlIl+cAIwBq3fX5FTVIWs="},"chainType":2,"messageKeys":{}},"BdHm0XK/J9k0nkB2evimCELRXTHWwgQ8UxcCp0P5EUI8":{"chainKey":{"counter":2,"key":"NEzwl0ZUydyHiHhASO1EHIuYad4gAI0Bzy/afa87S+Q="},"chainType":1,"messageKeys":{}}}},"BWiI/xm7vtjBH8jWHysy7DD5Yi3f6QYDhq9cVhcO1HhX":{"registrationId":25616922,"currentRatchet":{"ephemeralKeyPair":{"pubKey":"BfpllPeRsc25gnuL4mSC3ZdO0tt01DoT2+1334CImclH","privKey":"YLi6aDdvkXBxbsoK+JlPa3WzT1/wc6Vuts6CCrr/Uns="},"lastRemoteEphemeralKey":"BSs9qQdyT9PSAETTJClFTDnE6+XTwnHZ4nnZdDVWHEA9","previousCounter":0,"rootKey":"gIL2vtmgTOzFlnhNkgDYuZ3mmJxXmQYe0384mGf2J6Y="},"indexInfo":{"baseKey":"BWiI/xm7vtjBH8jWHysy7DD5Yi3f6QYDhq9cVhcO1HhX","baseKeyType":2,"closed":1721196580347,"used":1721196563712,"created":1721196520233,"remoteIdentityKey":"BaWySaelSVjGLw1hgSAZW7tj0ZstEoyqLdDGKaLpHl09"},"_chains":{"BfJeDSE2oSN8cw8A2N4eTuSPdxqX+7Q5jgI6I1O6FgVJ":{"chainKey":{"counter":1},"chainType":2,"messageKeys":{}},"BQiebZdCYM4hguVo62oZi0Ek2uwNT8dQ2/ZIfh70kV5C":{"chainKey":{"counter":0},"chainType":2,"messageKeys":{}},"BQphv7aJvuYDTr1pOQlbK8nWyuGhzr3lXnbHJIFngFYL":{"chainKey":{"counter":0},"chainType":2,"messageKeys":{}},"BTF8j2GcsqWjoT5m/CZWTKJGBDf+sBxw798ABc1r61lK":{"chainKey":{"counter":0},"chainType":2,"messageKeys":{}},"BZC0RHdJmd1TcIuIcGiEOMVxe45DFIcH8aKPMBv6lp5m":{"chainKey":{"counter":0},"chainType":2,"messageKeys":{}},"BSs9qQdyT9PSAETTJClFTDnE6+XTwnHZ4nnZdDVWHEA9":{"chainKey":{"counter":0,"key":"jOC8CKH77oLS9pKdIIW1qAwrADWEumDszE3QbzP7wWc="},"chainType":2,"messageKeys":{}},"BfpllPeRsc25gnuL4mSC3ZdO0tt01DoT2+1334CImclH":{"chainKey":{"counter":0,"key":"c14slqMVuFKbN+mJhbPB96v3//enOTaJQTrWK9Lw8zI="},"chainType":1,"messageKeys":{}}}},"Be8bKlKt/l2vKPhHFsPeJXNh4xbOzZAjNMcAs0IXc7Ey":{"registrationId":25616922,"currentRatchet":{"ephemeralKeyPair":{"pubKey":"BfbDTEIM0faCVsDfpLyD1sgHXJMZYzZYBuMY9tOxaWR+","privKey":"KJIDi0WbbPdoXl9EeS51NdHXM7ozaQpELVfX2QeG0W8="},"lastRemoteEphemeralKey":"BUBF9XoefddpgxQytq7V2GJ+h0g8fbZEXXQB17JY3/cu","previousCounter":1,"rootKey":"1FS7iEqfA8cggsw16vaR6Dchqs1fY+b+yiwHSce5h8U="},"indexInfo":{"baseKey":"Be8bKlKt/l2vKPhHFsPeJXNh4xbOzZAjNMcAs0IXc7Ey","baseKeyType":1,"closed":-1,"used":1721198253280,"created":1721196580344,"remoteIdentityKey":"BaWySaelSVjGLw1hgSAZW7tj0ZstEoyqLdDGKaLpHl09"},"_chains":{"BQKU13fIxYGCuBy4D+53uyjU2Ffcf0BnVkngmAElS1g9":{"chainKey":{"counter":0},"chainType":2,"messageKeys":{}},"BWfsKbZlK6LLPNd0Ze0PqPtOujtMB2mi/mX4+mYhcDV2":{"chainKey":{"counter":0},"chainType":2,"messageKeys":{}},"BQi9sEkHFrcYzJBCWEl7VN/gmL43eTIbHkERo1eJstwM":{"chainKey":{"counter":0},"chainType":2,"messageKeys":{}},"BYKIRt7JnYir/AO3XW5bJso1Pp3q1C4cF9MGhlf4NVMW":{"chainKey":{"counter":1},"chainType":2,"messageKeys":{}},"Bd77qo4sXotDzJJ4a1CVQv161qgAb4N5yNm2LGFJSswC":{"chainKey":{"counter":0},"chainType":2,"messageKeys":{}},"BZ9/LZSoetgud1YlWCoESODKfrgetslgM7S/tKuJv7Vb":{"chainKey":{"counter":0},"chainType":2,"messageKeys":{}},"BQiqSCPWGWojsxfoaUaADtytiupp4FwJtpnF/yuzsF0d":{"chainKey":{"counter":0},"chainType":2,"messageKeys":{}},"Bb1bFctaclm0WjxXP0KV71uf1kxzYpJyfsmsf/HYjVQP":{"chainKey":{"counter":0},"chainType":2,"messageKeys":{}},"BZJQCYF0AoN6uO+e97vuEXGyCNVsqETkzHuPZLPcY71P":{"chainKey":{"counter":1},"chainType":2,"messageKeys":{}},"BazixIxITWqbkNLdgksbAuY4Tev/vzNK2BYFJVo45L9G":{"chainKey":{"counter":0},"chainType":2,"messageKeys":{}},"BUBF9XoefddpgxQytq7V2GJ+h0g8fbZEXXQB17JY3/cu":{"chainKey":{"counter":0,"key":"3sEHsH9V7DAsb/BuzolmuJJAnaoFhFWvS24Ik7xPHsw="},"chainType":2,"messageKeys":{}},"BfbDTEIM0faCVsDfpLyD1sgHXJMZYzZYBuMY9tOxaWR+":{"chainKey":{"counter":1,"key":"7TYfP9TKyYIGXwkbHf0OL05hxxGWxresPShnC0r9MMw="},"chainType":1,"messageKeys":{}}}}},"version":"v1"}