{"_sessions":{"BZyX52dZV29cmAa7AvhL45JvhJ8jiL4Vc30dnp0pWsQ8":{"registrationId":467874531,"currentRatchet":{"ephemeralKeyPair":{"pubKey":"Bel1aiqBuJG2tmeyP/Yy5Y+zaI5t4VOyR1JjSTluQ20u","privKey":"mOi+TuBXUefJyIo335XjVzHiyfVCzc9oZrzoSog0UlI="},"lastRemoteEphemeralKey":"BRKC+HLqjmeZkiHj6QtG+FkwrwBhoWaEYFwXHjvQdlFf","previousCounter":0,"rootKey":"FbNt7J8zU5f3dfea/RGOh1LxGIGM54R3l6JilhR4jCE="},"indexInfo":{"baseKey":"BZyX52dZV29cmAa7AvhL45JvhJ8jiL4Vc30dnp0pWsQ8","baseKeyType":1,"closed":-1,"used":1721227116376,"created":1721227116376,"remoteIdentityKey":"BdDlZzKdQoeSchX5zegcPE1Fp10W6pdc9uGFP5OWllE3"},"_chains":{"Bel1aiqBuJG2tmeyP/Yy5Y+zaI5t4VOyR1JjSTluQ20u":{"chainKey":{"counter":0,"key":"NwEV8Zxy0qciiPPsIp0VZE9K0ykjPl7/zYd4lJJ4BgI="},"chainType":1,"messageKeys":{}}},"pendingPreKey":{"signedKeyId":2,"baseKey":"BZyX52dZV29cmAa7AvhL45JvhJ8jiL4Vc30dnp0pWsQ8"}}},"version":"v1"}