{"_sessions":{"BYRvSnQ4Oj7oFJ8cd4Gl9XShhJIUqVC7iqfIBJocnZ8d":{"registrationId":1903125978,"currentRatchet":{"ephemeralKeyPair":{"pubKey":"BVv0zeA7X+lMee/aVofrmAGhqAwNnD2o5+KHEO0fbDYJ","privKey":"QGxMm6/0KEN0ODxauF1VenOuXbFhoWDHA7zW+ssblEk="},"lastRemoteEphemeralKey":"BSI/9NUVP4VSyW3J/rjlnjM3nB1d6mPtVz5SnW5jgKVA","previousCounter":0,"rootKey":"AqUPjpjUr9exqEyHSR6wYaEUU8sn7ZYMYb6iBT0q18M="},"indexInfo":{"baseKey":"BYRvSnQ4Oj7oFJ8cd4Gl9XShhJIUqVC7iqfIBJocnZ8d","baseKeyType":1,"closed":-1,"used":1721227117223,"created":1721227117223,"remoteIdentityKey":"BdNtVS3ycgMEbPrao8qP/FUpD4dQbUSRKJ9e6Yu1Iycz"},"_chains":{"BVv0zeA7X+lMee/aVofrmAGhqAwNnD2o5+KHEO0fbDYJ":{"chainKey":{"counter":0,"key":"37sVJ9y2+ZbkY+gdkdpQkJt7di/xWjPWq73Kr7cCXhQ="},"chainType":1,"messageKeys":{}}},"pendingPreKey":{"signedKeyId":1,"baseKey":"BYRvSnQ4Oj7oFJ8cd4Gl9XShhJIUqVC7iqfIBJocnZ8d"}}},"version":"v1"}