{"_sessions":{"BSd9/ZrHLw+jpqMReJNDYUfvLcWFHOZmgkYoO8/Ua2Nu":{"registrationId":244,"currentRatchet":{"ephemeralKeyPair":{"pubKey":"BbbNxdQL5ZPLZPYHvsmkQiM+FGp+CKnHUDD25V+552Va","privKey":"wGB0IXPFFsohl7NFG4foc72NZqvY1+y1p+OJsPhJlnY="},"lastRemoteEphemeralKey":"BbvJTBMYK5nSzRH6keBObGG/ecYzYvTDnjzCR7OoS9cR","previousCounter":0,"rootKey":"rEq7Q4H3GGw425bP2zaKncSE84tbMnAVlxN1FP0qIuU="},"indexInfo":{"baseKey":"BSd9/ZrHLw+jpqMReJNDYUfvLcWFHOZmgkYoO8/Ua2Nu","baseKeyType":1,"closed":-1,"used":1721196568145,"created":1721196568145,"remoteIdentityKey":"BYrClKLUQauuvIMxKupgAt29kRnma5J3lNtOWp5s+rhb"},"_chains":{"BbbNxdQL5ZPLZPYHvsmkQiM+FGp+CKnHUDD25V+552Va":{"chainKey":{"counter":9,"key":"xYXnFnsOk90/Rfgj2cBZGWE9I9h4lWguWiO/a++eZL8="},"chainType":1,"messageKeys":{}}},"pendingPreKey":{"signedKeyId":1,"baseKey":"BSd9/ZrHLw+jpqMReJNDYUfvLcWFHOZmgkYoO8/Ua2Nu"}}},"version":"v1"}