{"_sessions":{"BZTAEDaCdHFIa6C0xj+JuyDN8pWOddlrvK6XUBN57hYr":{"registrationId":15671,"currentRatchet":{"ephemeralKeyPair":{"pubKey":"BesXV1T6j8SJ3+s1TGt6iY8rHV86Klzgck+g3ZARehcQ","privKey":"8HaNVFtYB3u1XcPNNS1Wmfkq5/kmzImnNR+fHuivQkg="},"lastRemoteEphemeralKey":"BY2IA75ArZE/NfPrfo88OfyCtGXKvdAXxEVX9imdC+YI","previousCounter":0,"rootKey":"TCfXOR/pDx9TBoM8lFrwkBV78Wa2r2IpF4JH1g9kItA="},"indexInfo":{"baseKey":"BZTAEDaCdHFIa6C0xj+JuyDN8pWOddlrvK6XUBN57hYr","baseKeyType":1,"closed":1721227177027,"used":1721227175239,"created":1721227175239,"remoteIdentityKey":"BZpFG56fFLGnV8suqc4uxtivlt0ogMYCgjMuzagpjHZG"},"_chains":{"BesXV1T6j8SJ3+s1TGt6iY8rHV86Klzgck+g3ZARehcQ":{"chainKey":{"counter":-1,"key":"wXyov9UquwdaDnBQ6dEDNO1Wt6ih07Sus51ZusXV/Oo="},"chainType":1,"messageKeys":{}}},"pendingPreKey":{"signedKeyId":1,"baseKey":"BZTAEDaCdHFIa6C0xj+JuyDN8pWOddlrvK6XUBN57hYr"}},"BdL3TNYoEi/5lPpysmLXXgARgv5cgNZ2updvXuEK9+t6":{"registrationId":15671,"currentRatchet":{"ephemeralKeyPair":{"pubKey":"BX+V9pr/ZyjXxT7YTK2QLxfOl27OcnQQmq8dr+UortVN","privKey":"IF/Ql/2EJ8XydUkcWdzzFwilk7goz0VNI72febgHAms="},"lastRemoteEphemeralKey":"BY2IA75ArZE/NfPrfo88OfyCtGXKvdAXxEVX9imdC+YI","previousCounter":0,"rootKey":"+129upj36PDyffwRzor4HCcbOZgaFRP5TZBsSJa9+2U="},"indexInfo":{"baseKey":"BdL3TNYoEi/5lPpysmLXXgARgv5cgNZ2updvXuEK9+t6","baseKeyType":1,"closed":-1,"used":1721227177008,"created":1721227177008,"remoteIdentityKey":"BZpFG56fFLGnV8suqc4uxtivlt0ogMYCgjMuzagpjHZG"},"_chains":{"BX+V9pr/ZyjXxT7YTK2QLxfOl27OcnQQmq8dr+UortVN":{"chainKey":{"counter":1,"key":"9KJOwsVkhHI1z6SkvnWvyVgsvPzhdt5eTkjzJfAZ6Ks="},"chainType":1,"messageKeys":{}}},"pendingPreKey":{"signedKeyId":1,"baseKey":"BdL3TNYoEi/5lPpysmLXXgARgv5cgNZ2updvXuEK9+t6"}}},"version":"v1"}