{"_sessions":{"BQT1KTZfJUA9NiwXWE3ji/su6i/BEq3kMRebm1tghOlu":{"registrationId":11061,"currentRatchet":{"ephemeralKeyPair":{"pubKey":"BcVVBNE44QiRurN4dg+D4YIv755jNIWWMoitoQlyeaEl","privKey":"qOkBt7Yrz4c9DxgRn69gwwqEZW8OtDgYkzBuy5AWknA="},"lastRemoteEphemeralKey":"BZdywB4WAgWoDFvT9mmpCIi6oR2mDhD3cnt/R2oWCtcN","previousCounter":0,"rootKey":"8afYuipx/lq16t8XplKFtvFbg4Xny/wBU4P0ZEWgS1g="},"indexInfo":{"baseKey":"BQT1KTZfJUA9NiwXWE3ji/su6i/BEq3kMRebm1tghOlu","baseKeyType":1,"closed":-1,"used":1721227115915,"created":1721227115915,"remoteIdentityKey":"BQuKvPwMu+Yriv0tT8cZzhSwoqkwQbq2voCfguK8ntMp"},"_chains":{"BcVVBNE44QiRurN4dg+D4YIv755jNIWWMoitoQlyeaEl":{"chainKey":{"counter":0,"key":"+Xx6AceVYUT27EaF/eDWseMiKSTKDkGZ+qKSl/4WFb4="},"chainType":1,"messageKeys":{}}},"pendingPreKey":{"signedKeyId":1,"baseKey":"BQT1KTZfJUA9NiwXWE3ji/su6i/BEq3kMRebm1tghOlu","preKeyId":2832}}},"version":"v1"}