{"_sessions":{"Be3Tt1e72dJfE6pnWLkaqmRiJ8IP8OTo79NekNkFGqBJ":{"registrationId":1329134481,"currentRatchet":{"ephemeralKeyPair":{"pubKey":"BZiKX/xkuemvEzG7Y0rSWZn4g363RncliFiSlETe5iYU","privKey":"KGJsncFmA8cGV1yGF4HAHxOBPocDl+3Fob5o0EmVRnc="},"lastRemoteEphemeralKey":"BahtEs1Tzy0/zUiYZTQZSSKoRaS9ZISBGeh+w0RTYOZI","previousCounter":0,"rootKey":"g9yL55r23UW/saYrupVALGl7bnlbIzWNUBcivLwEaG4="},"indexInfo":{"baseKey":"Be3Tt1e72dJfE6pnWLkaqmRiJ8IP8OTo79NekNkFGqBJ","baseKeyType":1,"closed":-1,"used":1721196568151,"created":1721196568151,"remoteIdentityKey":"BT089a3IubVXuPy6P928EqjZHYShFSzdh1FswARj0kts"},"_chains":{"BZiKX/xkuemvEzG7Y0rSWZn4g363RncliFiSlETe5iYU":{"chainKey":{"counter":9,"key":"EZ5Fjxr+x4lgs5aCKA1b4JwU3PAs2UtipZ4TG8pMlcw="},"chainType":1,"messageKeys":{}}},"pendingPreKey":{"signedKeyId":3,"baseKey":"Be3Tt1e72dJfE6pnWLkaqmRiJ8IP8OTo79NekNkFGqBJ","preKeyId":3708497}}},"version":"v1"}