{"_sessions":{"BZDyNm4oxJCqs0mz6+UTnsIFpZX5x78Eemni7xOXOQQZ":{"registrationId":1130091443,"currentRatchet":{"ephemeralKeyPair":{"pubKey":"BZSvr73k5Q2RYi3VGeWZVeSDnC2ko9X+l1VlRXlN4UYr","privKey":"uHTePmCR/egQhPfrRg6lFouck4xhKyWDKUdoP4GqzGU="},"lastRemoteEphemeralKey":"BZSQlbsA5w/NaG1c7AWbxGO9JaqhmxOdHnY+sSAjuINk","previousCounter":0,"rootKey":"ESQ6chK8ykp2gaq4mm1BrxPCU/R+s9C0vYI2ECOBuTs="},"indexInfo":{"baseKey":"BZDyNm4oxJCqs0mz6+UTnsIFpZX5x78Eemni7xOXOQQZ","baseKeyType":1,"closed":-1,"used":1721227116736,"created":1721227116736,"remoteIdentityKey":"BUFPG6lkErONGYWR1PCB1F4v4Ht+ePuJKRNun5Qm9JpP"},"_chains":{"BZSvr73k5Q2RYi3VGeWZVeSDnC2ko9X+l1VlRXlN4UYr":{"chainKey":{"counter":0,"key":"Dm/bFiEU5sfDDdUxP5uMP26Xc8XAPzHgTUfq0s49dHQ="},"chainType":1,"messageKeys":{}}},"pendingPreKey":{"signedKeyId":4,"baseKey":"BZDyNm4oxJCqs0mz6+UTnsIFpZX5x78Eemni7xOXOQQZ","preKeyId":10967247}}},"version":"v1"}