{"_sessions":{"BbDe4sERX8N097ve+AyYmR+NKNmrBtRUJ82Sl8HgtV19":{"registrationId":1823966985,"currentRatchet":{"ephemeralKeyPair":{"pubKey":"BWxzBHSqPJpByBlMbu5+HOqc4GyPxTGE+rlK+u2EXgwa","privKey":"AHOyq8evQv+D8LDkx5D3Zl2KKljz/HlXNczsGqCD62c="},"lastRemoteEphemeralKey":"BSd3Nsv2xuVE4WTWo3l1trtQE/49GBvm4klrbZC9YuV/","previousCounter":0,"rootKey":"G5JJtehl9q09WlXHxxZLVluC21/sj91GeCNig2SkPuU="},"indexInfo":{"baseKey":"BbDe4sERX8N097ve+AyYmR+NKNmrBtRUJ82Sl8HgtV19","baseKeyType":1,"closed":-1,"used":1721227117154,"created":1721227117154,"remoteIdentityKey":"BU5uiGIISKk9EEs94/Mb6z27r//4gNSHeUyNPR2RZhE7"},"_chains":{"BWxzBHSqPJpByBlMbu5+HOqc4GyPxTGE+rlK+u2EXgwa":{"chainKey":{"counter":0,"key":"Ye1Cxhvwi47VVeTj/X8Nj0aEzTji9kVVZdX08rBAtJg="},"chainType":1,"messageKeys":{}}},"pendingPreKey":{"signedKeyId":0,"baseKey":"BbDe4sERX8N097ve+AyYmR+NKNmrBtRUJ82Sl8HgtV19"}}},"version":"v1"}