{"_sessions":{"Bbj3gZHA6irFIUFbJV2gV7aBT7HG98dsFiO796OAlXMW":{"registrationId":1405111554,"currentRatchet":{"ephemeralKeyPair":{"pubKey":"BXlbKsfYvik8Dzp+Y/9QR2/UY2gnWsAUUaGLWgX4hMwE","privKey":"wM6gmphb0K8/OeAs7WFood7OU4ORnNNZU8My78nHMGo="},"lastRemoteEphemeralKey":"BWoeVfHaCnE6wG8p3cN/0hzPsnd9rEp8NTapr+HlcAMX","previousCounter":0,"rootKey":"ru0T7V2dCXgjEXfOzZd8aHNE6lTipFb9aO3F0C3S1bw="},"indexInfo":{"baseKey":"Bbj3gZHA6irFIUFbJV2gV7aBT7HG98dsFiO796OAlXMW","baseKeyType":1,"closed":-1,"used":1721227117630,"created":1721227117630,"remoteIdentityKey":"BVW0TU+533cHD87u+4Mfu4oZwqkodAlFuWvxtE0K/Vlq"},"_chains":{"BXlbKsfYvik8Dzp+Y/9QR2/UY2gnWsAUUaGLWgX4hMwE":{"chainKey":{"counter":0,"key":"oBe/xPcdHa7UN15SMLM5mzqwMP76wdWqcOzl6TAeMP4="},"chainType":1,"messageKeys":{}}},"pendingPreKey":{"signedKeyId":0,"baseKey":"Bbj3gZHA6irFIUFbJV2gV7aBT7HG98dsFiO796OAlXMW","preKeyId":2979458}}},"version":"v1"}