{"_sessions":{"BToeZeiZ/DgqD5aDpPnmC9noOgDcXuDmN461Osf3LNpC":{"registrationId":17278779,"currentRatchet":{"ephemeralKeyPair":{"pubKey":"BaILe17f9n+QKCs5UA49E6fI0qBOe0gweOcIfh/hGCtM","privKey":"wCAT7GpWpaOM9UMKu2/Yz0LGGRx48JfOGvIat0qaL18="},"lastRemoteEphemeralKey":"BaKynRkUlv4I01z3dpfEHfOZzljR1ARx/NelpxINVs5b","previousCounter":0,"rootKey":"r57zdUcNHB0CazouiknvGfNoGNanMzjUMFstOAc7XMY="},"indexInfo":{"baseKey":"BToeZeiZ/DgqD5aDpPnmC9noOgDcXuDmN461Osf3LNpC","baseKeyType":1,"closed":-1,"used":1721196568875,"created":1721196568875,"remoteIdentityKey":"BdZwWCXzUWP2gdpeum1nRR03PND8b66w2fmvJUk5r8cb"},"_chains":{"BaILe17f9n+QKCs5UA49E6fI0qBOe0gweOcIfh/hGCtM":{"chainKey":{"counter":9,"key":"2y83Yq0X4pSpAveV6n/IpbklOiQ3kxU2CcgLZgq0MY4="},"chainType":1,"messageKeys":{}}},"pendingPreKey":{"signedKeyId":2,"baseKey":"BToeZeiZ/DgqD5aDpPnmC9noOgDcXuDmN461Osf3LNpC","preKeyId":11950433}}},"version":"v1"}