{"_sessions":{"BYLAvYNKuX/1cEvNH9lnclorV+JJRiPjZreGw3ap2l5I":{"registrationId":229693081,"currentRatchet":{"ephemeralKeyPair":{"pubKey":"BVIbgek9MWfhGr2w4d8nScue08W5snWikNMS9lcf4FQn","privKey":"oObQ355QSwj8gfJdat2cQQVVqb8T9zqIISF0Fk/YzG8="},"lastRemoteEphemeralKey":"BVYSb5gYr7WGTV8J4rlPT6i8vBbc32lFQ5YBsEEWhB0T","previousCounter":0,"rootKey":"HmkYUshJ9KhnkkwFTHgUaFiCKh55c8qb5W3/RcQ3cBg="},"indexInfo":{"baseKey":"BYLAvYNKuX/1cEvNH9lnclorV+JJRiPjZreGw3ap2l5I","baseKeyType":1,"closed":-1,"used":1721227117247,"created":1721227117247,"remoteIdentityKey":"BSpCkGEsxj14LJmCwrlg5RRzYglhBBLIArkx5GH2d5Yp"},"_chains":{"BVIbgek9MWfhGr2w4d8nScue08W5snWikNMS9lcf4FQn":{"chainKey":{"counter":0,"key":"O6++r9UCBOks6v4iR8RX0ck7Y1ClwIHyLiNS1OHEeTw="},"chainType":1,"messageKeys":{}}},"pendingPreKey":{"signedKeyId":0,"baseKey":"BYLAvYNKuX/1cEvNH9lnclorV+JJRiPjZreGw3ap2l5I"}}},"version":"v1"}