{"_sessions":{"BYnbFtCZbv8YF7ngswJ4Vq0yTA8MhBEmKblxGBnXMKsf":{"registrationId":1336279824,"currentRatchet":{"ephemeralKeyPair":{"pubKey":"BTy2cJ8d64OP3QurW1l6lSkCbH+UyzPBV7vsXyvB8p8j","privKey":"MIdbqEUrvzlgF1CfALlv3VNDNN6OmwI46j/qabLZj1Y="},"lastRemoteEphemeralKey":"BVldOb8zzyOAp3mdwKVPHOWsyJHt2w1WHt9+XsD/QIo7","previousCounter":0,"rootKey":"rYWC0aw9oHbfKBkFREK/P9ymWBQh37x5R70WBJsH9rY="},"indexInfo":{"baseKey":"BYnbFtCZbv8YF7ngswJ4Vq0yTA8MhBEmKblxGBnXMKsf","baseKeyType":1,"closed":-1,"used":1721196568815,"created":1721196568815,"remoteIdentityKey":"BUS1+0zABDCuy4yEnsDEwt1PBRo4LzxUb7lO6OdV+wcx"},"_chains":{"BTy2cJ8d64OP3QurW1l6lSkCbH+UyzPBV7vsXyvB8p8j":{"chainKey":{"counter":9,"key":"KlFB9ILYufZYE5SNkSzr/kZzTh/HqjsleOtiopmPJmo="},"chainType":1,"messageKeys":{}}},"pendingPreKey":{"signedKeyId":9,"baseKey":"BYnbFtCZbv8YF7ngswJ4Vq0yTA8MhBEmKblxGBnXMKsf","preKeyId":6948550}}},"version":"v1"}