{"_sessions":{"BYcxsU7rpTuZd8QHG8yffz3qnvYrXcgcol+/1eL07aRJ":{"registrationId":2101936358,"currentRatchet":{"ephemeralKeyPair":{"pubKey":"BQn+NxOkVBPEUic1PH+p8LMxOnxooaD3zxEekchIHGB5","privKey":"AAnI6cYvfmXuBa3rvxfcn1VWTY/a4pFzurTOoIKUdXA="},"lastRemoteEphemeralKey":"BUBcoxtKoRj08U8c7DXumNbqeXAZbeTk/wRS1cI4LiQx","previousCounter":0,"rootKey":"7VOoQsNIxki87ZobyBqDaBK0f4yT40W91z2aR7cR9KA="},"indexInfo":{"baseKey":"BYcxsU7rpTuZd8QHG8yffz3qnvYrXcgcol+/1eL07aRJ","baseKeyType":1,"closed":-1,"used":1721227116415,"created":1721227116415,"remoteIdentityKey":"BT6r2E7dtXQdABGPEeK5I822r6lBOqHbmGyd2BK8wkZB"},"_chains":{"BQn+NxOkVBPEUic1PH+p8LMxOnxooaD3zxEekchIHGB5":{"chainKey":{"counter":0,"key":"okLOLaDBlL5H8VH/e7/dw1ZI3/MhkIkJnHpwvnU5eVA="},"chainType":1,"messageKeys":{}}},"pendingPreKey":{"signedKeyId":0,"baseKey":"BYcxsU7rpTuZd8QHG8yffz3qnvYrXcgcol+/1eL07aRJ","preKeyId":11403135}}},"version":"v1"}