{"_sessions":{"BTCsn/HJJ3Nxz2TrM5GG3QVxq+w58Ufjx+sNhSni5DUj":{"registrationId":10788,"currentRatchet":{"ephemeralKeyPair":{"pubKey":"BXIb22MzA8RYj8WGoReaaMcBxSwesbWdHbBGqx1TUJYh","privKey":"AJGXeuZszkXt6DuiJXmU1rTR25GxYinEiidIs9RzS0Q="},"lastRemoteEphemeralKey":"BVd5Lq3YcvAcu1utqFSt/AdzHhQXkMzk0m4FjsGrjONc","previousCounter":0,"rootKey":"Lzx69WjQKqpfpUtS0wdug/amtw51IAFYAfAS0SzUWTU="},"indexInfo":{"baseKey":"BTCsn/HJJ3Nxz2TrM5GG3QVxq+w58Ufjx+sNhSni5DUj","baseKeyType":1,"closed":-1,"used":1721227116012,"created":1721227116012,"remoteIdentityKey":"Bem5T41H7Z2EtJoekeKB4SDQoG2AfeYguAZ3hsCuPztu"},"_chains":{"BXIb22MzA8RYj8WGoReaaMcBxSwesbWdHbBGqx1TUJYh":{"chainKey":{"counter":0,"key":"WqpeISmMsCl8tUf/egy9pINkfbdYldv7S+eZvENsxbo="},"chainType":1,"messageKeys":{}}},"pendingPreKey":{"signedKeyId":1,"baseKey":"BTCsn/HJJ3Nxz2TrM5GG3QVxq+w58Ufjx+sNhSni5DUj"}}},"version":"v1"}