{"_sessions":{"BRAj+RWRSkOPECGrNz+d5lVUx/FYwDUPXnouYOX2t5tU":{"registrationId":1674765101,"currentRatchet":{"ephemeralKeyPair":{"pubKey":"BTgzLuB50ey95QmnfAvoWG3gZFl5Iymw/5BJVgqsLo8G","privKey":"6JDG7O4vXNNak3L+VOY9FQbqlRX+dFqL+IZGbKUxsEA="},"lastRemoteEphemeralKey":"BRSmXFLlB0CQdztkyeISc6QaB14ReSKr3yxDL2iirLtp","previousCounter":0,"rootKey":"Nur7CwSNsw3jBF1aTPRyYMEEV7z5nL+lq3oMFinuE9Y="},"indexInfo":{"baseKey":"BRAj+RWRSkOPECGrNz+d5lVUx/FYwDUPXnouYOX2t5tU","baseKeyType":1,"closed":-1,"used":1721227117238,"created":1721227117238,"remoteIdentityKey":"BTolYxhGCmZH2/KwO/niptj8cwWT7JP0O+BKGgyrmLZi"},"_chains":{"BTgzLuB50ey95QmnfAvoWG3gZFl5Iymw/5BJVgqsLo8G":{"chainKey":{"counter":0,"key":"XIq5qF66DITncrqeTNxvNXc9cIjYWmMcEsD/g8c9epo="},"chainType":1,"messageKeys":{}}},"pendingPreKey":{"signedKeyId":1,"baseKey":"BRAj+RWRSkOPECGrNz+d5lVUx/FYwDUPXnouYOX2t5tU","preKeyId":7890204}}},"version":"v1"}