{"_sessions":{"Bb+z4m6R9v2+g4i8npFw5/vKhjUt1D9fZAp875Mc8f9W":{"registrationId":712807009,"currentRatchet":{"ephemeralKeyPair":{"pubKey":"BYZ43Lu+U/QmVYvBYlfQmADITQ7rxP9qTikUXPGCq2QW","privKey":"kF6XxUb0W6GSVmlGPy/hwy2puliGD/JslGTVfdUQOkU="},"lastRemoteEphemeralKey":"BX5YcV2EsBiJdrGWOefT7NnuWqJpo8YItoQ03hMHH7g3","previousCounter":0,"rootKey":"yYYOcHilkvQ5OVdXmdDNjeTBSApg48VCQd5iSb7BruI="},"indexInfo":{"baseKey":"Bb+z4m6R9v2+g4i8npFw5/vKhjUt1D9fZAp875Mc8f9W","baseKeyType":1,"closed":-1,"used":1721196568869,"created":1721196568869,"remoteIdentityKey":"BQ/RGZ/kNuBmjuvnmiwWxlxK+NC9r9hVyCa8FrTRHg4l"},"_chains":{"BYZ43Lu+U/QmVYvBYlfQmADITQ7rxP9qTikUXPGCq2QW":{"chainKey":{"counter":9,"key":"f+XpunKdExXDsPJermNEEMUeJX2XEFIEElEDVaVVmmg="},"chainType":1,"messageKeys":{}}},"pendingPreKey":{"signedKeyId":6,"baseKey":"Bb+z4m6R9v2+g4i8npFw5/vKhjUt1D9fZAp875Mc8f9W","preKeyId":11738565}}},"version":"v1"}