{"_sessions":{"BffqAZEbSEQQmoaQlB5vhR4iK7nXC9wY6Bl8IUlDYA4u":{"registrationId":1352903035,"currentRatchet":{"ephemeralKeyPair":{"pubKey":"BfccgroD0ziQizyoF3QMz3c9TRxRYn5Vs5HfdAhkDnNc","privKey":"iDM6r1qKOzddxuc4qDudii7qD/fNDnFIiSH+8SJ4YkI="},"lastRemoteEphemeralKey":"Bb5i9414r2uAmyN/j7AYENOCxncTJ1oAYGB19W35+vwQ","previousCounter":0,"rootKey":"K66ThyuHrDBimhMlcKNrI1VOcQK3trUWvfKtxige7oI="},"indexInfo":{"baseKey":"BffqAZEbSEQQmoaQlB5vhR4iK7nXC9wY6Bl8IUlDYA4u","baseKeyType":1,"closed":-1,"used":1721196568516,"created":1721196568516,"remoteIdentityKey":"BVyz2P9q9UtqxTIIvI8MGnGWQ4IfXncRC2jrqAvz1ZMS"},"_chains":{"BfccgroD0ziQizyoF3QMz3c9TRxRYn5Vs5HfdAhkDnNc":{"chainKey":{"counter":9,"key":"wqjEI9aKN8KducWOppOpvhdLsvIT+RqysE/wEJcktO0="},"chainType":1,"messageKeys":{}}},"pendingPreKey":{"signedKeyId":24,"baseKey":"BffqAZEbSEQQmoaQlB5vhR4iK7nXC9wY6Bl8IUlDYA4u","preKeyId":7727638}}},"version":"v1"}