{"_sessions":{"BURxj/1h2Og1yRYPFjUhWwoK2tRJgTa+WJ3m7y1rjtVT":{"registrationId":14525,"currentRatchet":{"ephemeralKeyPair":{"pubKey":"Bd2cJsNh++AG1DXzpmuMn0vngleTrWLitNI63NcjpKgC","privKey":"iGorWDhNiy+FIOF4rP7TirwGkTySVGyzZHNKSHpgdWE="},"lastRemoteEphemeralKey":"BWy+WQlowwCyMSKzWKVxEYDRn0+X15ITt9ieA52AGWdv","previousCounter":0,"rootKey":"AyvPn2m7+sOmM6xOoYD8n16PiN9tHuk50pKQATizXdM="},"indexInfo":{"baseKey":"BURxj/1h2Og1yRYPFjUhWwoK2tRJgTa+WJ3m7y1rjtVT","baseKeyType":1,"closed":-1,"used":1721196568132,"created":1721196568132,"remoteIdentityKey":"Bdjh8cGaTeTfnqFfQylrV8nZR7G5sYG9omdVe68IIclP"},"_chains":{"Bd2cJsNh++AG1DXzpmuMn0vngleTrWLitNI63NcjpKgC":{"chainKey":{"counter":9,"key":"weVIzI/sBRioU8UXDz8XaD/Cnwu8JNlhLzPfgDYDFts="},"chainType":1,"messageKeys":{}}},"pendingPreKey":{"signedKeyId":1,"baseKey":"BURxj/1h2Og1yRYPFjUhWwoK2tRJgTa+WJ3m7y1rjtVT"}}},"version":"v1"}