{"_sessions":{"Bf2xXOUALRSEOPSQ5ckxZga5yktUqG5Cdnzip1ASwFx8":{"registrationId":872990032,"currentRatchet":{"ephemeralKeyPair":{"pubKey":"BbK8z1qkTXXRuQn5o7Jir+Mt2yIaftopCn+W2+8oIM8R","privKey":"wE2GnoZ2beNMHfFVqYG/g173lDLxu9oOIKXXBa93l0U="},"lastRemoteEphemeralKey":"BbFejXHHF0SCMbl+mgRGRk7uqL2nbbNyZnzcgMTFVMZq","previousCounter":0,"rootKey":"E/L0fC43M0Olq4w6MYfLsZkcHzYC+Tb15aSgn3+m7G0="},"indexInfo":{"baseKey":"Bf2xXOUALRSEOPSQ5ckxZga5yktUqG5Cdnzip1ASwFx8","baseKeyType":1,"closed":1721227178365,"used":1721227175670,"created":1721227175670,"remoteIdentityKey":"BdUC3FXKJwCJOHcBNYbIvnnccNRjEj9kUjLF5CCer0ZS"},"_chains":{"BbK8z1qkTXXRuQn5o7Jir+Mt2yIaftopCn+W2+8oIM8R":{"chainKey":{"counter":-1,"key":"ktjFLcHuftkxy4GWDeZO1nbi+fMRJL5UQ9OpBC0MK2w="},"chainType":1,"messageKeys":{}}},"pendingPreKey":{"signedKeyId":3,"baseKey":"Bf2xXOUALRSEOPSQ5ckxZga5yktUqG5Cdnzip1ASwFx8","preKeyId":14428394}},"BSIweo40TEDCT593aJZ0XP6+kC73V50u7s94VZ42ShZb":{"registrationId":872990032,"currentRatchet":{"ephemeralKeyPair":{"pubKey":"BTpYp+1ZpYFM5KSly2JXbfRCDfjAjrQj0bXRSJhuhEMD","privKey":"gCKO/CNx6LXrCyHF4tkVDwLH3CbR51UzSd2Sb1kdbXc="},"lastRemoteEphemeralKey":"BbFejXHHF0SCMbl+mgRGRk7uqL2nbbNyZnzcgMTFVMZq","previousCounter":0,"rootKey":"nA5Q8GgEj1Qsu6irdLuDnNQ1+RT4Ibpzci3eGrxPFDI="},"indexInfo":{"baseKey":"BSIweo40TEDCT593aJZ0XP6+kC73V50u7s94VZ42ShZb","baseKeyType":1,"closed":-1,"used":1721227178362,"created":1721227178362,"remoteIdentityKey":"BdUC3FXKJwCJOHcBNYbIvnnccNRjEj9kUjLF5CCer0ZS"},"_chains":{"BTpYp+1ZpYFM5KSly2JXbfRCDfjAjrQj0bXRSJhuhEMD":{"chainKey":{"counter":1,"key":"DztUXTSVPUjfTgIlqAxHlrlCRtGc8aaEhrDP+10QwNg="},"chainType":1,"messageKeys":{}}},"pendingPreKey":{"signedKeyId":3,"baseKey":"BSIweo40TEDCT593aJZ0XP6+kC73V50u7s94VZ42ShZb","preKeyId":14428804}}},"version":"v1"}