{"_sessions":{"BVHJfT2GoB+uCuCxKZya6AhPGfDPQ0Lkb30F1kdQNep0":{"registrationId":16006,"currentRatchet":{"ephemeralKeyPair":{"pubKey":"BYJRtt2492/F9KWn/GCvVREtO1y1ahc24gJBe+oBgxVx","privKey":"2AOFUR33q832xgJDyMCpHJqHNhzup47TZPl3ebVIykc="},"lastRemoteEphemeralKey":"BfWh5SLKfqTrTE8RPcrXUfy1kiPbnCnkxpP6AtITCGZE","previousCounter":0,"rootKey":"zByyLiFM6er0J1togKVwFoSeSHmSnwb42uMBpahjpF0="},"indexInfo":{"baseKey":"BVHJfT2GoB+uCuCxKZya6AhPGfDPQ0Lkb30F1kdQNep0","baseKeyType":1,"closed":-1,"used":1721227116352,"created":1721227116352,"remoteIdentityKey":"BX0lJrpYQ4Xzmhemwc2exE+Q5L1Jc89BylU1UQ7dtlM6"},"_chains":{"BYJRtt2492/F9KWn/GCvVREtO1y1ahc24gJBe+oBgxVx":{"chainKey":{"counter":0,"key":"O32SDQdQnZNJXOV44+5g/24Bl7dGHMpuTc2iZyekz3M="},"chainType":1,"messageKeys":{}}},"pendingPreKey":{"signedKeyId":2,"baseKey":"BVHJfT2GoB+uCuCxKZya6AhPGfDPQ0Lkb30F1kdQNep0"}}},"version":"v1"}