{"_sessions":{"BcQZoayw/u56EKPACMrG/Ux0z2D4JOyzTeOU8yzbwZc3":{"registrationId":107,"currentRatchet":{"ephemeralKeyPair":{"pubKey":"Ba9BZO8N6WXMVRd1iLUVtk5qb8P6o6/dugNCGMrIrCdS","privKey":"ECtr0hjDsyVVZE0gXuplfU9V3Pr37OYp+LmILJ5ooWY="},"lastRemoteEphemeralKey":"Bf7K+FKORvLOoZDInRKiA9cc/tIfT36EMPMGsM2R9zpf","previousCounter":0,"rootKey":"ErEFSsjH9Pofkv+cjZeVSzJJfsjFgZcgPp8mZzTwiBc="},"indexInfo":{"baseKey":"BcQZoayw/u56EKPACMrG/Ux0z2D4JOyzTeOU8yzbwZc3","baseKeyType":1,"closed":-1,"used":1721196568229,"created":1721196568229,"remoteIdentityKey":"BZVeLggoaOJExNRsdhBWFyNJAqDUCCupCN0iBM4Fnz9g"},"_chains":{"Ba9BZO8N6WXMVRd1iLUVtk5qb8P6o6/dugNCGMrIrCdS":{"chainKey":{"counter":9,"key":"e7EKbO7jHruILt097qm/HtWp0woc0Mp3mrSbaW4bkWc="},"chainType":1,"messageKeys":{}}},"pendingPreKey":{"signedKeyId":1,"baseKey":"BcQZoayw/u56EKPACMrG/Ux0z2D4JOyzTeOU8yzbwZc3"}}},"version":"v1"}