{"_sessions":{"BclGsgHK+cvMKoklgoyWpvDWPe3KGHtUKb7wXCjT8YIs":{"registrationId":13079,"currentRatchet":{"ephemeralKeyPair":{"pubKey":"BRcr6bMq5RPW2OrzIfIe+2YMSraucW9BS73RNtRTYBs/","privKey":"8PtuAZ0vxghhJAr2ToUQF9EdFHiz8a4j3wPhzVQvb00="},"lastRemoteEphemeralKey":"BWIwXCrA0pqlx8mMlvrPSJ5hptV5JBGu3jPjZG1H4ONP","previousCounter":0,"rootKey":"JUyHZ6C3oFZPGfgDNSZKC9wJ1qmSZdpgrBddUQQaK5s="},"indexInfo":{"baseKey":"BclGsgHK+cvMKoklgoyWpvDWPe3KGHtUKb7wXCjT8YIs","baseKeyType":1,"closed":-1,"used":1721227116160,"created":1721227116160,"remoteIdentityKey":"BcoakMYGomgYicZf3rCRt0ajBQZgip/16W/4NGMULvwr"},"_chains":{"BRcr6bMq5RPW2OrzIfIe+2YMSraucW9BS73RNtRTYBs/":{"chainKey":{"counter":0,"key":"qqr4K9lpkuqTWl3lf19NsNVsS/weSBNt2VjpRd4pcDk="},"chainType":1,"messageKeys":{}}},"pendingPreKey":{"signedKeyId":1,"baseKey":"BclGsgHK+cvMKoklgoyWpvDWPe3KGHtUKb7wXCjT8YIs"}}},"version":"v1"}