{"_sessions":{"BQiE8ifuZaekKGn6M9ciylEx2i5nt+unBZsVBcl7+/QA":{"registrationId":9620,"currentRatchet":{"ephemeralKeyPair":{"pubKey":"Bc/U+1UvxU0vpQnXPP8OrcZtAAA5iLhSeJiOWlfDRxV7","privKey":"AH0wBU9IZIcyVDX+F7SKtjpFQICO+976TfWxLRxPOHw="},"lastRemoteEphemeralKey":"BSqlDMqgR4EmFfRxVUCMmDI9XuNBPVftCFk3cjzjc84m","previousCounter":0,"rootKey":"Ra3M0R5RYHXjhFAGuMamfE1fiqL8GW71kp3vh7VP4ZU="},"indexInfo":{"baseKey":"BQiE8ifuZaekKGn6M9ciylEx2i5nt+unBZsVBcl7+/QA","baseKeyType":1,"closed":-1,"used":1721227116042,"created":1721227116042,"remoteIdentityKey":"BXjuOOUy4XaetPgZmfDnKRot+gDSbQ1XX5fX/LbQ4LA0"},"_chains":{"Bc/U+1UvxU0vpQnXPP8OrcZtAAA5iLhSeJiOWlfDRxV7":{"chainKey":{"counter":0,"key":"8/ytVQWS5FzM4ay3DRp8f93y95e4yHlVAEDKnBXm0EY="},"chainType":1,"messageKeys":{}}},"pendingPreKey":{"signedKeyId":1,"baseKey":"BQiE8ifuZaekKGn6M9ciylEx2i5nt+unBZsVBcl7+/QA"}}},"version":"v1"}