{"_sessions":{"BU9diRGAcugN4QJU2mlwFbKQPqTW2ILvbcovHicVdYE8":{"registrationId":521909306,"currentRatchet":{"ephemeralKeyPair":{"pubKey":"BTg9rQMRKCFYmksfpWBrfWWniOhb3MHgwsBXtvNZI2AO","privKey":"kPh5RDpNlq6q12GNQC2/0Yu7IPBf2wDLpbq8Qj8iImU="},"lastRemoteEphemeralKey":"Bfn81scqmyIyOFqXfAxQoznEUKshSctm7gxzKeg5LWF+","previousCounter":0,"rootKey":"HTqp9OxmugoSKujZUBWUXt5lVt+7O4DusAasgLgFIcE="},"indexInfo":{"baseKey":"BU9diRGAcugN4QJU2mlwFbKQPqTW2ILvbcovHicVdYE8","baseKeyType":1,"closed":-1,"used":1721196568404,"created":1721196568404,"remoteIdentityKey":"Bdsp50Osf/w/XsRQgrEzVhmgtcWf4QgvShR5Bh6n3WI1"},"_chains":{"BTg9rQMRKCFYmksfpWBrfWWniOhb3MHgwsBXtvNZI2AO":{"chainKey":{"counter":9,"key":"wl3IO1HgHWqGli0ptYAWaRBVk7eccNcHSNn9AJStNcU="},"chainType":1,"messageKeys":{}}},"pendingPreKey":{"signedKeyId":13,"baseKey":"BU9diRGAcugN4QJU2mlwFbKQPqTW2ILvbcovHicVdYE8","preKeyId":1398128}}},"version":"v1"}