{"_sessions":{"BRk8YYFAM4JQris6R0mIX8dgFr8tTeTQ1cTQG06Z2O1r":{"registrationId":7751,"currentRatchet":{"ephemeralKeyPair":{"pubKey":"BRANJUBqJ6N65jzM0bLlELt/FscvqmxoDxpXKQopt5wx","privKey":"QNFDoTc/ZKio6zKZwgThYKw799ixOexODcenNvzc+10="},"lastRemoteEphemeralKey":"BRABPg6gW38jhPiAzbPeZnlRMSD6Aqp2Nhy0/mL5o9My","previousCounter":0,"rootKey":"DDMA7c6o8E5LxzIsOmbicPkD6cm2De1XhhTvB+acZnI="},"indexInfo":{"baseKey":"BRk8YYFAM4JQris6R0mIX8dgFr8tTeTQ1cTQG06Z2O1r","baseKeyType":1,"closed":-1,"used":1721227116055,"created":1721227116055,"remoteIdentityKey":"BQCnnT6kixT7/GphsToHsdggWVd3pLtDJaj3SDi0XK1J"},"_chains":{"BRANJUBqJ6N65jzM0bLlELt/FscvqmxoDxpXKQopt5wx":{"chainKey":{"counter":0,"key":"FI9golseaYAXwJLbqP4ExJ+lMXLelLMHAQqisDh76Uk="},"chainType":1,"messageKeys":{}}},"pendingPreKey":{"signedKeyId":1,"baseKey":"BRk8YYFAM4JQris6R0mIX8dgFr8tTeTQ1cTQG06Z2O1r"}}},"version":"v1"}