{"_sessions":{"BX1dOm7Am13pp7Lq7Zq5Njbg/oDpxCau8uH3ns3InTRO":{"registrationId":372437769,"currentRatchet":{"ephemeralKeyPair":{"pubKey":"BUmZwZ4AEpZznrG56Ur8UoaKf4h1JpdQXB/DyZez74Bz","privKey":"SC9rXwvkkdycotcKADICN1iOXdAl3ySDAUKFydCCC00="},"lastRemoteEphemeralKey":"Bep6ZwUCtiGidlVDatoeIaeKHE5JdxtjMDN54r7ki706","previousCounter":0,"rootKey":"YB/UUGVVmhJPXgufIvKMX81vC4yNIEylvFGms6lbsjc="},"indexInfo":{"baseKey":"BX1dOm7Am13pp7Lq7Zq5Njbg/oDpxCau8uH3ns3InTRO","baseKeyType":1,"closed":1721227177794,"used":1721227175539,"created":1721227175539,"remoteIdentityKey":"BSXpzLHJ8TP83P/undNOshPMZob8bOJ454mDG1S9n7Eo"},"_chains":{"BUmZwZ4AEpZznrG56Ur8UoaKf4h1JpdQXB/DyZez74Bz":{"chainKey":{"counter":-1,"key":"llp8Jt0TbbmDDeyeuj2cl7kCcbatN8ZM5Sd3L7V4l2U="},"chainType":1,"messageKeys":{}}},"pendingPreKey":{"signedKeyId":4081124,"baseKey":"BX1dOm7Am13pp7Lq7Zq5Njbg/oDpxCau8uH3ns3InTRO","preKeyId":247818}},"BXm9Umfg+kgJ+2iHir6zZjmZRY14n0r6eGYLxAoZ65wT":{"registrationId":372437769,"currentRatchet":{"ephemeralKeyPair":{"pubKey":"BZhbUcybfMtbIeYnTeMzPRdV8+EK1fe7C9T2kF/5mMQW","privKey":"oBBZRoNES8Tz9R8cbNI77jsDm5BUI5SDh/KpaWiWYHw="},"lastRemoteEphemeralKey":"Bep6ZwUCtiGidlVDatoeIaeKHE5JdxtjMDN54r7ki706","previousCounter":0,"rootKey":"xLBIb4aDxtKd4KfoVigk8nOOcEIClP/jxn/uuMj6cOc="},"indexInfo":{"baseKey":"BXm9Umfg+kgJ+2iHir6zZjmZRY14n0r6eGYLxAoZ65wT","baseKeyType":1,"closed":-1,"used":1721227177793,"created":1721227177793,"remoteIdentityKey":"BSXpzLHJ8TP83P/undNOshPMZob8bOJ454mDG1S9n7Eo"},"_chains":{"BZhbUcybfMtbIeYnTeMzPRdV8+EK1fe7C9T2kF/5mMQW":{"chainKey":{"counter":1,"key":"QpY72rcPtgC9XxEdy2b0SY00BE9f8RUz1UMeCmayPRQ="},"chainType":1,"messageKeys":{}}},"pendingPreKey":{"signedKeyId":4081124,"baseKey":"BXm9Umfg+kgJ+2iHir6zZjmZRY14n0r6eGYLxAoZ65wT","preKeyId":248232}}},"version":"v1"}