{"_sessions":{"Bdo3SW8G3qEbTR8PK9pepSp7drfWabugqumkmalV7j1h":{"registrationId":2088610421,"currentRatchet":{"ephemeralKeyPair":{"pubKey":"BZuU1aeV+5SNjmG143X4GQ5J3C3Whx1I2W3Zbaw4zwML","privKey":"mBK4H4CgxjGA2x1oQY8t90i3mP2zzYgk5ysjAQ73elU="},"lastRemoteEphemeralKey":"BQSiMoCWT0qbyKpKXGHUomDPwrKW8iE9ykyIyVcmL+4M","previousCounter":0,"rootKey":"Np0BfsZjTvJ3cj+JoWC5iD00jZZlLhhvKS5UKq6Bl2U="},"indexInfo":{"baseKey":"Bdo3SW8G3qEbTR8PK9pepSp7drfWabugqumkmalV7j1h","baseKeyType":1,"closed":-1,"used":1721196568624,"created":1721196568624,"remoteIdentityKey":"Bd/6pV+fXPS8RY5LV/A3dtguk/HZGalA/eeLl10uSBQZ"},"_chains":{"BZuU1aeV+5SNjmG143X4GQ5J3C3Whx1I2W3Zbaw4zwML":{"chainKey":{"counter":9,"key":"obMl0jm9ayywQ3aoKHkCAizOzKSVPw5dCI8p7QXDD10="},"chainType":1,"messageKeys":{}}},"pendingPreKey":{"signedKeyId":0,"baseKey":"Bdo3SW8G3qEbTR8PK9pepSp7drfWabugqumkmalV7j1h","preKeyId":10010560}}},"version":"v1"}