{"_sessions":{"BTaegLs2HkswJyYEA7Ywhxp97iPVybGTCWVsz74ZY1kW":{"registrationId":1863317028,"currentRatchet":{"ephemeralKeyPair":{"pubKey":"BWlWZxYzHU6nZoPFAh5RQqMdZgRBE2XkR5QUlhpwMPFK","privKey":"UF7IedCmrg0zyRDS27Vh5XUIWsjkyemVCELksolLDnk="},"lastRemoteEphemeralKey":"BdydCRBT3YCUSPDfbhIzbh/hJBO1TsApstCR48y3sJld","previousCounter":0,"rootKey":"zTljGoulmgbWT2ldQCTO85ns1KAxCJRXVY56XRzEUQk="},"indexInfo":{"baseKey":"BTaegLs2HkswJyYEA7Ywhxp97iPVybGTCWVsz74ZY1kW","baseKeyType":1,"closed":1721227178297,"used":1721227175659,"created":1721227175659,"remoteIdentityKey":"BXLMViPLBnnNJcQb2pGDYmrWqtjwh+gEp023wBJwe5lP"},"_chains":{"BWlWZxYzHU6nZoPFAh5RQqMdZgRBE2XkR5QUlhpwMPFK":{"chainKey":{"counter":-1,"key":"iJQGWw1b2tMRHbHuzANwOrZMITmjNSX7nRp+NGcKWj8="},"chainType":1,"messageKeys":{}}},"pendingPreKey":{"signedKeyId":4,"baseKey":"BTaegLs2HkswJyYEA7Ywhxp97iPVybGTCWVsz74ZY1kW","preKeyId":1235614}},"BSd0MdfhIlsaFoIPIMJMqvYWG3WdZg8tfMkS5shJF2Nf":{"registrationId":1863317028,"currentRatchet":{"ephemeralKeyPair":{"pubKey":"BTeRUpvJ4YH1EBrOB3InGljFd0hOH4oabw96L+tWv0Eq","privKey":"WOW83q/wdIphwmC1R8q6jELQPVWk7QEFB8+0UUF4t1Q="},"lastRemoteEphemeralKey":"BdydCRBT3YCUSPDfbhIzbh/hJBO1TsApstCR48y3sJld","previousCounter":0,"rootKey":"pLMj3UWkvei8EpXlWVlt/0QwSvIaH9MPizCpD3toO0s="},"indexInfo":{"baseKey":"BSd0MdfhIlsaFoIPIMJMqvYWG3WdZg8tfMkS5shJF2Nf","baseKeyType":1,"closed":-1,"used":1721227178295,"created":1721227178295,"remoteIdentityKey":"BXLMViPLBnnNJcQb2pGDYmrWqtjwh+gEp023wBJwe5lP"},"_chains":{"BTeRUpvJ4YH1EBrOB3InGljFd0hOH4oabw96L+tWv0Eq":{"chainKey":{"counter":1,"key":"krL6R64Mz/R0r8r+i54QuaFBmWdApsuZuSdvHs8TsTk="},"chainType":1,"messageKeys":{}}},"pendingPreKey":{"signedKeyId":4,"baseKey":"BSd0MdfhIlsaFoIPIMJMqvYWG3WdZg8tfMkS5shJF2Nf","preKeyId":1235609}}},"version":"v1"}