{"_sessions":{"BURAopqzP/lwYYmoqB0tB1wi3/4npLKmb+yqO8ZXMgYp":{"registrationId":1649232806,"currentRatchet":{"ephemeralKeyPair":{"pubKey":"BfSW2oUD3yD05M/BwcJNOWRR/r14l4p6S+0Z59znVSFq","privKey":"yNBQw/GVQrtMxYxSuGsKUF81GBM2Lr5PpdfVKs/cnkU="},"lastRemoteEphemeralKey":"BQtAxjWS/8QaSkQ6LKQckt42jv/LacCQyNG6JhauRAdJ","previousCounter":0,"rootKey":"ZIKYJqe7+opQWHOyONHAG+Ux+qFVG2Zv+etv7FR1CWE="},"indexInfo":{"baseKey":"BURAopqzP/lwYYmoqB0tB1wi3/4npLKmb+yqO8ZXMgYp","baseKeyType":1,"closed":-1,"used":1721227116827,"created":1721227116827,"remoteIdentityKey":"BZHR99X68C0IbPQDV1uMhzXtS84T/5KhnoEVCnACa2E3"},"_chains":{"BfSW2oUD3yD05M/BwcJNOWRR/r14l4p6S+0Z59znVSFq":{"chainKey":{"counter":0,"key":"/C1lwinp/OcPqjps0ze30H+54giSocs+HmdOlG9SoAE="},"chainType":1,"messageKeys":{}}},"pendingPreKey":{"signedKeyId":0,"baseKey":"BURAopqzP/lwYYmoqB0tB1wi3/4npLKmb+yqO8ZXMgYp"}}},"version":"v1"}