{"_sessions":{"BQB1Irvl0VPw2kjqt67RsB9Ps5IzhBOko52V30l2lGxE":{"registrationId":729262609,"currentRatchet":{"ephemeralKeyPair":{"pubKey":"Bd+UkHQNiQL7wCq48a4HE1YcgSGyOWdxP1MlPo2FTm5g","privKey":"cOAkBGNFRofg/TREcy/YAva9cbFhXM1WYBFKcSr8XUg="},"lastRemoteEphemeralKey":"BaDDM4Hm6uUeQ1W01O358hj0/J7Yq4OYUmVsQn1mpvQW","previousCounter":0,"rootKey":"xivpJaRBFmff1uLkleX6FK4CUaggQxRzHDQn2lClH14="},"indexInfo":{"baseKey":"BQB1Irvl0VPw2kjqt67RsB9Ps5IzhBOko52V30l2lGxE","baseKeyType":1,"closed":-1,"used":1721196568930,"created":1721196568930,"remoteIdentityKey":"Be/9uMpuPtwY6LlyEi2DqIBPdTSfWLBdGBt8LGlA0swg"},"_chains":{"Bd+UkHQNiQL7wCq48a4HE1YcgSGyOWdxP1MlPo2FTm5g":{"chainKey":{"counter":9,"key":"fndfB2gldpfNuQdZSb4kd4B1Pod0b5ipbEe300Md9y0="},"chainType":1,"messageKeys":{}}},"pendingPreKey":{"signedKeyId":6,"baseKey":"BQB1Irvl0VPw2kjqt67RsB9Ps5IzhBOko52V30l2lGxE","preKeyId":7047940}}},"version":"v1"}