{"_sessions":{"BaFcRJJGsE5Hl/zF5V1EBeHxtp0VIwtWJRvGBS0YLlps":{"registrationId":1904440851,"currentRatchet":{"ephemeralKeyPair":{"pubKey":"BULXldJtqgh95uF5dV7NGwhHXhlcpjJyEORz/3yI4TR7","privKey":"KGY3vWoxmOxtLah/8kffA3XGqOA2Y/JQDGztminWYnE="},"lastRemoteEphemeralKey":"BWGRW+azp8g4XWvLoaMcixo23iEBpnRxOINmUwEGJJEG","previousCounter":0,"rootKey":"jR4a0043XraOS3uQ2aNUxRJIx/USaKR5Vm7HVRvkKLQ="},"indexInfo":{"baseKey":"BaFcRJJGsE5Hl/zF5V1EBeHxtp0VIwtWJRvGBS0YLlps","baseKeyType":1,"closed":-1,"used":1721196568471,"created":1721196568471,"remoteIdentityKey":"BZNAwWqYB8TFcb5J2oyyHyHt69AqzxuYDQatU1Ac2jQZ"},"_chains":{"BULXldJtqgh95uF5dV7NGwhHXhlcpjJyEORz/3yI4TR7":{"chainKey":{"counter":9,"key":"RKgThETdGoRWDfGM+hHvc1bHeS82ezN6CTJRPHi2rPA="},"chainType":1,"messageKeys":{}}},"pendingPreKey":{"signedKeyId":2,"baseKey":"BaFcRJJGsE5Hl/zF5V1EBeHxtp0VIwtWJRvGBS0YLlps","preKeyId":3169106}}},"version":"v1"}