{"_sessions":{"BQQSeofhrrnHFjNJlo+ILh/Oc5o28J6ap5BOMcwp9jwM":{"registrationId":134866928,"currentRatchet":{"ephemeralKeyPair":{"pubKey":"BXU8BfrALFO9Eqn0wzOWQtCwy4GtyXO6mbir4V+P9sR5","privKey":"+Ak5X/khP3+j72JlyIBTYgyCS1tw1eItFs/lTgNJb0g="},"lastRemoteEphemeralKey":"BX+WsHBBJpeKrItkYVQEfe0Ycv21dhddAacTfY0oj4ZF","previousCounter":0,"rootKey":"S11h84mpZh8SVJ9gKOMpo8V0ASdOUdXfYahuSfwi7J0="},"indexInfo":{"baseKey":"BQQSeofhrrnHFjNJlo+ILh/Oc5o28J6ap5BOMcwp9jwM","baseKeyType":1,"closed":-1,"used":1721227117505,"created":1721227117505,"remoteIdentityKey":"BQdSTAMlf5+tffUyrUCphT9i360a7JYTv1AXl0D/KaJo"},"_chains":{"BXU8BfrALFO9Eqn0wzOWQtCwy4GtyXO6mbir4V+P9sR5":{"chainKey":{"counter":0,"key":"XiyYYnhhxJsig186KzlrXSSWNGnFtxOlLnd/f6yn0D4="},"chainType":1,"messageKeys":{}}},"pendingPreKey":{"signedKeyId":2,"baseKey":"BQQSeofhrrnHFjNJlo+ILh/Oc5o28J6ap5BOMcwp9jwM","preKeyId":2214794}}},"version":"v1"}