{"_sessions":{"BVtLYMzphEe/fWwF/2teCygHIZmzcmB9RqT4IniHm1EH":{"registrationId":176,"currentRatchet":{"ephemeralKeyPair":{"pubKey":"BVMPBVz5GaGzO5BuBaanYgoI87CD1sarGCj7NpUQQA4p","privKey":"UOanBKhkD2GD3zdJAVDL50MUH9JpCg/pemDrn5iCuEE="},"lastRemoteEphemeralKey":"Bet7a4p3MCh+FL3WEkO9c4vXAcEYWbUjsaS8nVI7ydct","previousCounter":0,"rootKey":"RyFCua8zBWMcYmdzsGu0QdKGCGcA/ideGZFGwjjFuJ0="},"indexInfo":{"baseKey":"BVtLYMzphEe/fWwF/2teCygHIZmzcmB9RqT4IniHm1EH","baseKeyType":1,"closed":1721227176968,"used":1721227175235,"created":1721227175235,"remoteIdentityKey":"Bat325yfzMcNP5PW7ROpnK++nTmoz3isKifOydbtmitk"},"_chains":{"BVMPBVz5GaGzO5BuBaanYgoI87CD1sarGCj7NpUQQA4p":{"chainKey":{"counter":-1,"key":"R20IxC35ALw8vGTnXS3fdTw40y81M8qxLIm+H4dMeiM="},"chainType":1,"messageKeys":{}}},"pendingPreKey":{"signedKeyId":1,"baseKey":"BVtLYMzphEe/fWwF/2teCygHIZmzcmB9RqT4IniHm1EH","preKeyId":136}},"BQs8dIGlBXxctCHdjH7UNgrIbieX3tIo0wWymq7obJ0m":{"registrationId":176,"currentRatchet":{"ephemeralKeyPair":{"pubKey":"Bb3jidKMbZ9plSq3r+hTX66P/ZJvK70ecxHFLQ84nORz","privKey":"APpvgVkoU1da63wpBQ7zHx0ycVWoVDlW+YRkp81Bkms="},"lastRemoteEphemeralKey":"Bet7a4p3MCh+FL3WEkO9c4vXAcEYWbUjsaS8nVI7ydct","previousCounter":0,"rootKey":"+n25Eqbb2TXCo9AVTSQFNA9DPTo4aaPw0bWzMBr4AMM="},"indexInfo":{"baseKey":"BQs8dIGlBXxctCHdjH7UNgrIbieX3tIo0wWymq7obJ0m","baseKeyType":1,"closed":-1,"used":1721227176966,"created":1721227176966,"remoteIdentityKey":"Bat325yfzMcNP5PW7ROpnK++nTmoz3isKifOydbtmitk"},"_chains":{"Bb3jidKMbZ9plSq3r+hTX66P/ZJvK70ecxHFLQ84nORz":{"chainKey":{"counter":1,"key":"Vifonx/NShQ4Jt0fstWiqFoU+4r4SSOZg0xl9iJt5qk="},"chainType":1,"messageKeys":{}}},"pendingPreKey":{"signedKeyId":1,"baseKey":"BQs8dIGlBXxctCHdjH7UNgrIbieX3tIo0wWymq7obJ0m","preKeyId":128}}},"version":"v1"}