{"_sessions":{"BXboekWC4sNRTPFKiYo1inNK4Gy5m/weqz2Fvvmz2Co2":{"registrationId":1622627935,"currentRatchet":{"ephemeralKeyPair":{"pubKey":"BejOYal5QJXVe9dBwX+9JDe4aAUjAj+O7btB8yUbp2U8","privKey":"iL9sVv5DmQlcgJ6uRaN1cS6eEz5OLFVmAxVOCl6dsWo="},"lastRemoteEphemeralKey":"BWjUh8l8FPKHGGTFO6/B9c3xJIs/YuP5EYsXH7hM7KUJ","previousCounter":0,"rootKey":"Qd/QxvarCz8VMt3o+xH8FI02BL9WyVvIcXoOxhEqj0g="},"indexInfo":{"baseKey":"BXboekWC4sNRTPFKiYo1inNK4Gy5m/weqz2Fvvmz2Co2","baseKeyType":1,"closed":-1,"used":1721196568665,"created":1721196568665,"remoteIdentityKey":"BYQIfFd3kgipeTombYUa/gJ/MRiWjYGHxMPYCgt/+HUu"},"_chains":{"BejOYal5QJXVe9dBwX+9JDe4aAUjAj+O7btB8yUbp2U8":{"chainKey":{"counter":9,"key":"9S82/39R3Z7TNDTx1HD85sBhCL3kqQJz9JX9IYHVPKA="},"chainType":1,"messageKeys":{}}},"pendingPreKey":{"signedKeyId":0,"baseKey":"BXboekWC4sNRTPFKiYo1inNK4Gy5m/weqz2Fvvmz2Co2","preKeyId":1197083}}},"version":"v1"}