{"_sessions":{"BU2/r3XZ8taElAljkH6jdDbNy0co+QZZrwDAVm21bstl":{"registrationId":520951754,"currentRatchet":{"ephemeralKeyPair":{"pubKey":"BX5aCEcRAtF30IE9NlaP3el2UkWDw/37gAYvXB0/xhhr","privKey":"+AK8IfnoSyDGrl9Jh4h4mK+uohrCacjylE8hDdeSLEo="},"lastRemoteEphemeralKey":"BVZZuMN52YsHwh/qwY6kJHJaEoLj1p3QUEasOz0zj8Ux","previousCounter":0,"rootKey":"impmDlWRtpSYTj+gZwxls0OrZbmpfhK2j1HWqdaWrd4="},"indexInfo":{"baseKey":"BU2/r3XZ8taElAljkH6jdDbNy0co+QZZrwDAVm21bstl","baseKeyType":1,"closed":-1,"used":1721196568630,"created":1721196568630,"remoteIdentityKey":"BfaZNKQ9vpbsBnPm3bFCfztjNBai8OoscCPFlhIjIdkW"},"_chains":{"BX5aCEcRAtF30IE9NlaP3el2UkWDw/37gAYvXB0/xhhr":{"chainKey":{"counter":9,"key":"R43NQgg4ITDnQuz35Ebca/Nqb6lwVcU2RlwJVf4its4="},"chainType":1,"messageKeys":{}}},"pendingPreKey":{"signedKeyId":1,"baseKey":"BU2/r3XZ8taElAljkH6jdDbNy0co+QZZrwDAVm21bstl","preKeyId":14982456}}},"version":"v1"}