{"_sessions":{"BRF2JVI5Txat21eJbdS8iNNKQz33bTu1GQi3w99wxsg7":{"registrationId":9154,"currentRatchet":{"ephemeralKeyPair":{"pubKey":"BZPrdDfvPZ8PdMb8aF4kIB+FMYFcgiJ3TIODB6rFGQgN","privKey":"uJdMJk1dlYal5h5MoNexaXzPK3iSzfNxWRXKe553/VY="},"lastRemoteEphemeralKey":"BR7zOyWqTFwFBWXDkjViMsxhOhj+gUFDmJwi44GAe1xo","previousCounter":0,"rootKey":"GW059rygXO15LJkO+fBgPVHx37RqqmJLORzOOd688z0="},"indexInfo":{"baseKey":"BRF2JVI5Txat21eJbdS8iNNKQz33bTu1GQi3w99wxsg7","baseKeyType":1,"closed":-1,"used":1721227115951,"created":1721227115951,"remoteIdentityKey":"BWf2EtGi3llceabCfVejTj0TCRNYD1Nk+B8OSY3ov5Aq"},"_chains":{"BZPrdDfvPZ8PdMb8aF4kIB+FMYFcgiJ3TIODB6rFGQgN":{"chainKey":{"counter":0,"key":"ORXfmKt9sBDmB889ZWMGYORKfQ9aoFXSanm0gDiDFcs="},"chainType":1,"messageKeys":{}}},"pendingPreKey":{"signedKeyId":1,"baseKey":"BRF2JVI5Txat21eJbdS8iNNKQz33bTu1GQi3w99wxsg7","preKeyId":4435}}},"version":"v1"}