{"_sessions":{"BWi7fMJC+yEr2txHiyPeZHr9fRqRiGYV1ikFv6QN1WR9":{"registrationId":554601519,"currentRatchet":{"ephemeralKeyPair":{"pubKey":"BXFpOuRhuNLQ5kjKvXtQ4cbGPSgTuITV9OiEjB4GlLt7","privKey":"GETob29LyxTMoB4hNAGTo8Ck58anuCRmoQdjnC/k70U="},"lastRemoteEphemeralKey":"BVWF8yUll+EECEmeJ1WKKDKp3rmTx0/TXW1ck925a+Zh","previousCounter":0,"rootKey":"153rdtBZGmBo+6jMCfJ1epWvh8z3rMDdozaSJU2jOwI="},"indexInfo":{"baseKey":"BWi7fMJC+yEr2txHiyPeZHr9fRqRiGYV1ikFv6QN1WR9","baseKeyType":1,"closed":-1,"used":1721227117348,"created":1721227117348,"remoteIdentityKey":"BQSJ1wiGfIufV+X4fu1M0DmiP0fLUpoakhSEa2n7w016"},"_chains":{"BXFpOuRhuNLQ5kjKvXtQ4cbGPSgTuITV9OiEjB4GlLt7":{"chainKey":{"counter":0,"key":"ABHnqymqSlWQfgfwmUC9Cg5EQFEaT7f4NLO8Lk2+geo="},"chainType":1,"messageKeys":{}}},"pendingPreKey":{"signedKeyId":5922313,"baseKey":"BWi7fMJC+yEr2txHiyPeZHr9fRqRiGYV1ikFv6QN1WR9","preKeyId":2366}}},"version":"v1"}