{"_sessions":{"BWPMQ6hVaBKd4W1YEgKqGE+yUki1ugMvqJ7g4STL35w7":{"registrationId":1395062582,"currentRatchet":{"ephemeralKeyPair":{"pubKey":"BYjyNJUKvIjN5T0GVh4r0IOdRWUTlwKCsJXY94h7mjRU","privKey":"IPGFXlf59/YcTqkgzz/La7WJjOrKz/Rq3ORPdqORAEg="},"lastRemoteEphemeralKey":"BVW4xYYaqbL7hKNrHXP2fg8ptvphG2LU24QQKEOaH/cz","previousCounter":0,"rootKey":"nj7E2TzlY40+E+xkMIwpDbu4vLTNBnW2EQTciMndC1I="},"indexInfo":{"baseKey":"BWPMQ6hVaBKd4W1YEgKqGE+yUki1ugMvqJ7g4STL35w7","baseKeyType":1,"closed":-1,"used":1721219488876,"created":1721219488876,"remoteIdentityKey":"BTqhjzo1kxdGJVMgAU567HSaGG9c9fDtHyDpOfLONg0r"},"_chains":{"BYjyNJUKvIjN5T0GVh4r0IOdRWUTlwKCsJXY94h7mjRU":{"chainKey":{"counter":47,"key":"JNwTEKc3OG8VF/kCb/pK5JQuALVm9d8ldTtzFOLU+bE="},"chainType":1,"messageKeys":{}}},"pendingPreKey":{"signedKeyId":1,"baseKey":"BWPMQ6hVaBKd4W1YEgKqGE+yUki1ugMvqJ7g4STL35w7"}}},"version":"v1"}