{"_sessions":{"Bfn/5I3K0lcqSVPWjvh86E/azj+YP2DaBRvnLdPnEU0g":{"registrationId":1046807418,"currentRatchet":{"ephemeralKeyPair":{"pubKey":"BY4Gj3oLf5GO+qWxv7uXq0evQPxiu05lxPzzZq/cksM7","privKey":"YBS9bkgg56JM7hlVszERgUkuA7S0MhIOfQOrtJ9PFXM="},"lastRemoteEphemeralKey":"BdzE4Tvqu4Ni7eBT5F0uhMUyoXNO/RplLuVMXdqGY1xg","previousCounter":0,"rootKey":"VXFCTNJKja3+ztui3IkCPctnv/VC8IK148Bzmtj2Qy4="},"indexInfo":{"baseKey":"Bfn/5I3K0lcqSVPWjvh86E/azj+YP2DaBRvnLdPnEU0g","baseKeyType":1,"closed":-1,"used":1721227117251,"created":1721227117251,"remoteIdentityKey":"BU71N1LYArSETuXKsaiAf+uaBXADMZfUdXIVTQUs5h8f"},"_chains":{"BY4Gj3oLf5GO+qWxv7uXq0evQPxiu05lxPzzZq/cksM7":{"chainKey":{"counter":0,"key":"vfBIeJgUPjZjEYS72JkV8jkBJYYmynNJR1Mp8qsnImw="},"chainType":1,"messageKeys":{}}},"pendingPreKey":{"signedKeyId":8,"baseKey":"Bfn/5I3K0lcqSVPWjvh86E/azj+YP2DaBRvnLdPnEU0g"}}},"version":"v1"}