{"_sessions":{"BTL9RTFU0wQXIgu32KeN1Lg7vwearO+kccWUcFuUpFc8":{"registrationId":1034879163,"currentRatchet":{"ephemeralKeyPair":{"pubKey":"BQa4ITbbHG9o7aOzV62zXmsMZy0aWyUiPqR0gPU/CLM8","privKey":"4JFTRaoiHzJmLaA1otbJb1nlcVpualf7LBM9IaDfmno="},"lastRemoteEphemeralKey":"Bbktsvbd5jBnh4pSEv7+AMFPMZJaoeJLEKIrko1PPlZQ","previousCounter":0,"rootKey":"TBcpuqm2eg9alAhBwma51BX9VEmHL1UBWejrmw1x7tY="},"indexInfo":{"baseKey":"BTL9RTFU0wQXIgu32KeN1Lg7vwearO+kccWUcFuUpFc8","baseKeyType":1,"closed":1721227179297,"used":1721227176108,"created":1721227176108,"remoteIdentityKey":"BdKPgejugzj8wOw1/+jDq22+zWuZA4F+dhOjzW6Ryrks"},"_chains":{"BQa4ITbbHG9o7aOzV62zXmsMZy0aWyUiPqR0gPU/CLM8":{"chainKey":{"counter":-1,"key":"P4VgHWyrbWuutXGN8T7EQwB0HBQ6YUTC6afJUUs2wXQ="},"chainType":1,"messageKeys":{}}},"pendingPreKey":{"signedKeyId":1,"baseKey":"BTL9RTFU0wQXIgu32KeN1Lg7vwearO+kccWUcFuUpFc8","preKeyId":15743052}},"BQNGVtGvzFW5/rotEckOEd2LbWzwovWh9tciJiKyfwRJ":{"registrationId":1034879163,"currentRatchet":{"ephemeralKeyPair":{"pubKey":"BSw1jsv8feC2QRLeOSwGTXV0br23xWggIShImY3gdTgv","privKey":"wMBhyJ6A53QGS53FHWn4b5EzF5mjJUoTuSC7+LBN5mM="},"lastRemoteEphemeralKey":"Bbktsvbd5jBnh4pSEv7+AMFPMZJaoeJLEKIrko1PPlZQ","previousCounter":0,"rootKey":"1YxJGCCwgoWEMMHyEbVXGaM0suT7Ua7mcTCxtWQ0dmI="},"indexInfo":{"baseKey":"BQNGVtGvzFW5/rotEckOEd2LbWzwovWh9tciJiKyfwRJ","baseKeyType":1,"closed":-1,"used":1721227179296,"created":1721227179296,"remoteIdentityKey":"BdKPgejugzj8wOw1/+jDq22+zWuZA4F+dhOjzW6Ryrks"},"_chains":{"BSw1jsv8feC2QRLeOSwGTXV0br23xWggIShImY3gdTgv":{"chainKey":{"counter":1,"key":"rz7H3z92n6e5wZmsk0QsbomnJSgXQGgLEyBjmEZoY+o="},"chainType":1,"messageKeys":{}}},"pendingPreKey":{"signedKeyId":1,"baseKey":"BQNGVtGvzFW5/rotEckOEd2LbWzwovWh9tciJiKyfwRJ","preKeyId":15742627}}},"version":"v1"}