{"_sessions":{"BQ5LW9o/1TB+zAST0kdm/9iME3E2m2tSIUyaLRrV6c8m":{"registrationId":625009676,"currentRatchet":{"ephemeralKeyPair":{"pubKey":"BT1QdtGgnAG0m9x+hOOXH01ntm9A1Ap2l5+Cyp+avnAi","privKey":"IB0piJjijMP79AAFKhDTRVltk5+q53wDCPQaNwLnwmo="},"lastRemoteEphemeralKey":"BZq52GKIenVCcKwn5SAmq5Mvw+oQRC17m/XqVZipbadx","previousCounter":0,"rootKey":"FeEftHQdL7e6AfgdgMueh4Gtwd+LEhAh8yJb16N2eMI="},"indexInfo":{"baseKey":"BQ5LW9o/1TB+zAST0kdm/9iME3E2m2tSIUyaLRrV6c8m","baseKeyType":1,"closed":-1,"used":1721227117553,"created":1721227117553,"remoteIdentityKey":"BdyrlwAU9iYSNmA7q6m8t48dUKXdmQaTnJmyCcalJvwU"},"_chains":{"BT1QdtGgnAG0m9x+hOOXH01ntm9A1Ap2l5+Cyp+avnAi":{"chainKey":{"counter":0,"key":"ePA5F4JF+SXBKUefRtwt/hblP4Psog2aO8ZtvW3byDU="},"chainType":1,"messageKeys":{}}},"pendingPreKey":{"signedKeyId":0,"baseKey":"BQ5LW9o/1TB+zAST0kdm/9iME3E2m2tSIUyaLRrV6c8m"}}},"version":"v1"}