{"_sessions":{"BSeFd/hd9IRAJ2uLR9GqPp5u/C23yGKqKxe/U9r9XFcs":{"registrationId":1363858910,"currentRatchet":{"ephemeralKeyPair":{"pubKey":"BWX27G/siUzAoF+XH66LzfE+alY/x8twR6yrcAAfptc7","privKey":"KIb7sYX67MBn4RVXEgy3SWI7ohVIbZHsIomJEUroGHg="},"lastRemoteEphemeralKey":"BcAO7jqekHHO5Bg8SUsj5jEVQBai+dY/U/DZFeXHbQBD","previousCounter":0,"rootKey":"GmalEPROcpyf+xzExSoc7N9JF1j+hLxRPtr7lgCmcUY="},"indexInfo":{"baseKey":"BSeFd/hd9IRAJ2uLR9GqPp5u/C23yGKqKxe/U9r9XFcs","baseKeyType":1,"closed":1721227178379,"used":1721227175675,"created":1721227175675,"remoteIdentityKey":"Bfi1Ix0B4Y9hLnLbKXrZTAvPZ3iMakQPHhOwCjgSbtp7"},"_chains":{"BWX27G/siUzAoF+XH66LzfE+alY/x8twR6yrcAAfptc7":{"chainKey":{"counter":-1,"key":"E5maB6Fuzr75JEs0geN8LFM1OLBwHJigloRnUW9fzFA="},"chainType":1,"messageKeys":{}}},"pendingPreKey":{"signedKeyId":9,"baseKey":"BSeFd/hd9IRAJ2uLR9GqPp5u/C23yGKqKxe/U9r9XFcs","preKeyId":9170646}},"Bdtil5SCiYtXOy3kT5doGy3nDyRz1ZDuSqER71UEw2xC":{"registrationId":1363858910,"currentRatchet":{"ephemeralKeyPair":{"pubKey":"BWXB0vijyokVz1CZEKAEb/9lDW2bLG4uEgsoVB2hi45z","privKey":"8D+WE8c7XLg639EgUE637X3uI0Hlq6H+StdbFTUNHnE="},"lastRemoteEphemeralKey":"BcAO7jqekHHO5Bg8SUsj5jEVQBai+dY/U/DZFeXHbQBD","previousCounter":0,"rootKey":"L7QVvVQusa/dfaFIgLmrHpqUef9KyAMbTdKPalQ+E8w="},"indexInfo":{"baseKey":"Bdtil5SCiYtXOy3kT5doGy3nDyRz1ZDuSqER71UEw2xC","baseKeyType":1,"closed":-1,"used":1721227178378,"created":1721227178378,"remoteIdentityKey":"Bfi1Ix0B4Y9hLnLbKXrZTAvPZ3iMakQPHhOwCjgSbtp7"},"_chains":{"BWXB0vijyokVz1CZEKAEb/9lDW2bLG4uEgsoVB2hi45z":{"chainKey":{"counter":1,"key":"8NGo3K06/wWHXA3fgpGICGV/bABqM15xBDkwRKRMgMg="},"chainType":1,"messageKeys":{}}},"pendingPreKey":{"signedKeyId":9,"baseKey":"Bdtil5SCiYtXOy3kT5doGy3nDyRz1ZDuSqER71UEw2xC","preKeyId":9170689}}},"version":"v1"}