{"_sessions":{"BRHTooZstismL6+GrB8e2E/Mzg3TDZwos75GuBVfpwsg":{"registrationId":1336413508,"currentRatchet":{"ephemeralKeyPair":{"pubKey":"BV7o9yOjY9GlhL6AJ1D20H+8o9rg+y5FWym9QuxQdUhT","privKey":"gM90yOcKmAB/rxuPcOVaBzCp3M07G3hpipm6YEL9TXE="},"lastRemoteEphemeralKey":"BYTv+lV+EPevmko840Ld2CdBJ/I9wg1HoNqo1y+opy0e","previousCounter":0,"rootKey":"QkIFGpWr5d5xQFFFviC3IXwMB59Dx3vnON7KcpOqEQE="},"indexInfo":{"baseKey":"BRHTooZstismL6+GrB8e2E/Mzg3TDZwos75GuBVfpwsg","baseKeyType":1,"closed":-1,"used":1721227117150,"created":1721227117150,"remoteIdentityKey":"BVDIJVOYr1JpIRsFC0jOWRkmyARb4whaZ8VNxZFY7Cxq"},"_chains":{"BV7o9yOjY9GlhL6AJ1D20H+8o9rg+y5FWym9QuxQdUhT":{"chainKey":{"counter":0,"key":"9WDD30CW52Ax0Zbks/U4TDkkpR0oOQwDberBUUYj410="},"chainType":1,"messageKeys":{}}},"pendingPreKey":{"signedKeyId":0,"baseKey":"BRHTooZstismL6+GrB8e2E/Mzg3TDZwos75GuBVfpwsg"}}},"version":"v1"}