{"_sessions":{"BQP6dtmn6hMJVYuhbcFZOQanYiiYZ8nsGA3EORA+pZhh":{"registrationId":1948648030,"currentRatchet":{"ephemeralKeyPair":{"pubKey":"BX1uY6ydKap4PdA5povSBNVjK/sxJZIdU0ne4JlvlEk7","privKey":"QC+JkQofBVM1wSUrI2kIUwnStK48ZQPG0+Hfpspp9nY="},"lastRemoteEphemeralKey":"BWYFuQYN9kiFyx8vaUvkmj/Dmd6y410SVS+tRLyyWVtl","previousCounter":0,"rootKey":"hkf2RrrMbzW4Z0GYKR6/qcvVI5mGUln9n/J9GeyWihw="},"indexInfo":{"baseKey":"BQP6dtmn6hMJVYuhbcFZOQanYiiYZ8nsGA3EORA+pZhh","baseKeyType":1,"closed":-1,"used":1721227117461,"created":1721227117461,"remoteIdentityKey":"BTM66HaSW1JiJC4UzNAcOdB6nl8XSyMBFggok1FPK1MI"},"_chains":{"BX1uY6ydKap4PdA5povSBNVjK/sxJZIdU0ne4JlvlEk7":{"chainKey":{"counter":0,"key":"o4Os1E2WCWztGjpB/g4C2RnTeyG2cakJ2Ui8pNoSYRE="},"chainType":1,"messageKeys":{}}},"pendingPreKey":{"signedKeyId":1,"baseKey":"BQP6dtmn6hMJVYuhbcFZOQanYiiYZ8nsGA3EORA+pZhh","preKeyId":7144328}}},"version":"v1"}