{"_sessions":{"BVC/RIAX62+v1gPjCBFqy6fLlRw7X6bwzbQZZAafZ8dL":{"registrationId":1541588640,"currentRatchet":{"ephemeralKeyPair":{"pubKey":"BfOWSpqckJqBZa94zwAT7vchX3y9z2T7KIeQxf36PZoI","privKey":"INKqkjk68TEuwJnVqV4iHWOytWeZQp2Z+toYJy8x1Vg="},"lastRemoteEphemeralKey":"BbcJZqH9EADrWQN4+bwmTLsNY9X6fSzzcc/nQNmj1rBy","previousCounter":0,"rootKey":"CQBFfUwiNNbbk8mEWHaQ2f6L8Im4xRwZdRUQK2Jin9s="},"indexInfo":{"baseKey":"BVC/RIAX62+v1gPjCBFqy6fLlRw7X6bwzbQZZAafZ8dL","baseKeyType":1,"closed":-1,"used":1721196568766,"created":1721196568766,"remoteIdentityKey":"Bedbbh38e8RAD98tak9hlx4W19OBpXLWCaA/nFa3jnUY"},"_chains":{"BfOWSpqckJqBZa94zwAT7vchX3y9z2T7KIeQxf36PZoI":{"chainKey":{"counter":9,"key":"IYXxEAm3KpHs2S4414VkMe6W+v2CiGGXxsnvNpkK92g="},"chainType":1,"messageKeys":{}}},"pendingPreKey":{"signedKeyId":1,"baseKey":"BVC/RIAX62+v1gPjCBFqy6fLlRw7X6bwzbQZZAafZ8dL","preKeyId":16680013}}},"version":"v1"}