{"_sessions":{"BVlE+X8RrnS7tGzxM665/TtNMeQqSPcuK/MDNHvNng00":{"registrationId":1235012105,"currentRatchet":{"ephemeralKeyPair":{"pubKey":"BanAuy+Q18Ee7mHJVASeyifZOA47cPXWANDYNP0GK7Ru","privKey":"KHG6HDmP6YoM9ejf/dC0RFZ9+SV9fXtyXeOiShMRflo="},"lastRemoteEphemeralKey":"BUDEzAjJUyNDfgXmvP7sUOZijuDbYs9tLQ21Du0jn9xx","previousCounter":0,"rootKey":"31xkTrjiTdNOZ/ddXs5b5YuOErGiGiMBVbK1/TJZ4OM="},"indexInfo":{"baseKey":"BVlE+X8RrnS7tGzxM665/TtNMeQqSPcuK/MDNHvNng00","baseKeyType":1,"closed":-1,"used":1721196568863,"created":1721196568863,"remoteIdentityKey":"BcAIVCBlnN2MqYxpc3EtIiXF0zOn/wpSYfnZQMRNvtE6"},"_chains":{"BanAuy+Q18Ee7mHJVASeyifZOA47cPXWANDYNP0GK7Ru":{"chainKey":{"counter":9,"key":"pKoc7AB153RJrfXBdVYXebHIlWc7DpyG3HhQ3cPku9c="},"chainType":1,"messageKeys":{}}},"pendingPreKey":{"signedKeyId":20,"baseKey":"BVlE+X8RrnS7tGzxM665/TtNMeQqSPcuK/MDNHvNng00","preKeyId":3870399}}},"version":"v1"}