{"_sessions":{"BUWRwS1g1iVJne0a0EBwRFMrb7QJxnWuoqAcmcTZFaFr":{"registrationId":1586648760,"currentRatchet":{"ephemeralKeyPair":{"pubKey":"BeGl/brp0vhoXsnyKUjaBQytxnKUDGO4TUvug11jIVET","privKey":"oG7yA4EqQiNX/CLpFIs4kaHEt9fd0QF2tDQYpHZRqm8="},"lastRemoteEphemeralKey":"BTgVc3IOPAnx/57jQtiVkrPQdPT+xGTPGRESvzRBvqNq","previousCounter":0,"rootKey":"l5P9tBxyDRQlizXz2wmQ8W46qiiGYAOVKa/lBCxhKQk="},"indexInfo":{"baseKey":"BUWRwS1g1iVJne0a0EBwRFMrb7QJxnWuoqAcmcTZFaFr","baseKeyType":1,"closed":-1,"used":1721196568409,"created":1721196568409,"remoteIdentityKey":"BRXpf0FBwIjMzAWhOsry3znEKns93TgsJxL+TgGS2kMg"},"_chains":{"BeGl/brp0vhoXsnyKUjaBQytxnKUDGO4TUvug11jIVET":{"chainKey":{"counter":9,"key":"2OK/h1U00A0B0KrzhnjbqUv8ywFmZDW4Ys6KMdn6VVY="},"chainType":1,"messageKeys":{}}},"pendingPreKey":{"signedKeyId":8,"baseKey":"BUWRwS1g1iVJne0a0EBwRFMrb7QJxnWuoqAcmcTZFaFr","preKeyId":1277903}}},"version":"v1"}