{"_sessions":{"BT3q7ngryVQvZzMuGHM8b5oI0L0TWTQ1HW42wNPwo1hx":{"registrationId":1742227225,"currentRatchet":{"ephemeralKeyPair":{"pubKey":"BYnuZaNkvilPdKUsKYPyQEdqdy1wX5cKJbttvW2PQOY8","privKey":"SAGYBZbVhx2JUzDvpGjSiUSU0hs5OLrgWqTMxrp1xl4="},"lastRemoteEphemeralKey":"BWioLWs0w+Ku52Pf22Tf6zFKzog5rKSzyJxFPCRiu6wo","previousCounter":0,"rootKey":"k/nZGSFP5YjvDsd+qwdOM0BR75chZIZlxJZFORS04Ng="},"indexInfo":{"baseKey":"BT3q7ngryVQvZzMuGHM8b5oI0L0TWTQ1HW42wNPwo1hx","baseKeyType":1,"closed":1721227178714,"used":1721227175858,"created":1721227175858,"remoteIdentityKey":"Bb9+W0skv64TuZhBU3/TbqO+qCQnNWD4V1kU1O9kPRwu"},"_chains":{"BYnuZaNkvilPdKUsKYPyQEdqdy1wX5cKJbttvW2PQOY8":{"chainKey":{"counter":-1,"key":"f6XQjKNR2Qv5g06yCME95zGfEWmQi4g8JnLdsRjFwxg="},"chainType":1,"messageKeys":{}}},"pendingPreKey":{"signedKeyId":0,"baseKey":"BT3q7ngryVQvZzMuGHM8b5oI0L0TWTQ1HW42wNPwo1hx","preKeyId":12464729}},"BWlG3wUAZ9+YYGSU1CvGagxtwUDQazOm1BqEjli+Hktz":{"registrationId":1742227225,"currentRatchet":{"ephemeralKeyPair":{"pubKey":"Bf2prunxzIKishsYn37ETQsCZTMcPfZdCXqAAgg+tlZ1","privKey":"IIG172otf6XeyVVqH5811CQLE9au21jySAoa3vii1ks="},"lastRemoteEphemeralKey":"BWioLWs0w+Ku52Pf22Tf6zFKzog5rKSzyJxFPCRiu6wo","previousCounter":0,"rootKey":"XMNJsvf9Oq5HuJw8/Guo87mJnqzvb+cDQimVbLydRlE="},"indexInfo":{"baseKey":"BWlG3wUAZ9+YYGSU1CvGagxtwUDQazOm1BqEjli+Hktz","baseKeyType":1,"closed":-1,"used":1721227178713,"created":1721227178713,"remoteIdentityKey":"Bb9+W0skv64TuZhBU3/TbqO+qCQnNWD4V1kU1O9kPRwu"},"_chains":{"Bf2prunxzIKishsYn37ETQsCZTMcPfZdCXqAAgg+tlZ1":{"chainKey":{"counter":1,"key":"h4ZDlmA6ulKdY/ZAvv3jxFwfBK4mSeOTMt8EAj3rB+s="},"chainType":1,"messageKeys":{}}},"pendingPreKey":{"signedKeyId":0,"baseKey":"BWlG3wUAZ9+YYGSU1CvGagxtwUDQazOm1BqEjli+Hktz","preKeyId":12465184}}},"version":"v1"}