{"_sessions":{"BReVaQU4az79D/hywEcfwXlbnXIQxmfy54B0YBlspcRr":{"registrationId":1472480229,"currentRatchet":{"ephemeralKeyPair":{"pubKey":"BSXvmTUfdda349khrUqeQpOHC+iaLujgEYUTqsY+SvgE","privKey":"aAiKXNUllWwDiZ2nKXYLul7xqlNtVjmr1k4gs3V5o04="},"lastRemoteEphemeralKey":"Bb+5VgE88kZ7sJcSrvgsY3GjsWQAMxjvXz+EXWqNl3IE","previousCounter":0,"rootKey":"BieAIkBpFBwEbdDtGq3ZSLSTTFqkWq0dv7mzoYfI+Kk="},"indexInfo":{"baseKey":"BReVaQU4az79D/hywEcfwXlbnXIQxmfy54B0YBlspcRr","baseKeyType":1,"closed":1721227178775,"used":1721227175911,"created":1721227175911,"remoteIdentityKey":"BfJqZDnPnyPM5ea/g+WmRvlIrXPvPSlzrXEzIhYpySAK"},"_chains":{"BSXvmTUfdda349khrUqeQpOHC+iaLujgEYUTqsY+SvgE":{"chainKey":{"counter":-1,"key":"gDowMuC9pj3HIcncOExsunczJ1gUbypYXMdr5N7McDg="},"chainType":1,"messageKeys":{}}},"pendingPreKey":{"signedKeyId":0,"baseKey":"BReVaQU4az79D/hywEcfwXlbnXIQxmfy54B0YBlspcRr","preKeyId":7942224}},"BYSsAEbzKpLh3fhzM6CW4ctNadOK5ksz9ftOEkZJzL4i":{"registrationId":1472480229,"currentRatchet":{"ephemeralKeyPair":{"pubKey":"BcNa5SNtYRRYdbvnX9snkC87dCChTlZ7cQPS5tHxYFl1","privKey":"8H51U4ra6ODu7XQ54iuE19PCtZrV6tLOlrLFeqQwrmM="},"lastRemoteEphemeralKey":"Bb+5VgE88kZ7sJcSrvgsY3GjsWQAMxjvXz+EXWqNl3IE","previousCounter":0,"rootKey":"JD76ristZWzpJk0NU9TEyQXfppsXDMYZngWX2UDS+pI="},"indexInfo":{"baseKey":"BYSsAEbzKpLh3fhzM6CW4ctNadOK5ksz9ftOEkZJzL4i","baseKeyType":1,"closed":-1,"used":1721227178773,"created":1721227178773,"remoteIdentityKey":"BfJqZDnPnyPM5ea/g+WmRvlIrXPvPSlzrXEzIhYpySAK"},"_chains":{"BcNa5SNtYRRYdbvnX9snkC87dCChTlZ7cQPS5tHxYFl1":{"chainKey":{"counter":1,"key":"v/krlvym5XKf/0ZB9SbNBA5fYnWPLcdaR99uEVKCSQ0="},"chainType":1,"messageKeys":{}}},"pendingPreKey":{"signedKeyId":0,"baseKey":"BYSsAEbzKpLh3fhzM6CW4ctNadOK5ksz9ftOEkZJzL4i","preKeyId":7942095}}},"version":"v1"}