{"_sessions":{"BbEKOWr7VyjlGkrH6Deh306ALB32lrySfPPUd6uQf497":{"registrationId":167,"currentRatchet":{"ephemeralKeyPair":{"pubKey":"BbwNo2hmw4SPQJDQnKO2FXqVRrwGSW/092R4SQt9p5YQ","privKey":"6Fral6oxMtAZlTkp4ljRuqAh94X7ZcIe6uP+8eaaAWo="},"lastRemoteEphemeralKey":"BZv3lDppI0d+z/olKS1CtV/dSllC6KPP6XIJ1AbjB6dk","previousCounter":0,"rootKey":"+NmgFE52+KTJpNgMow18mjTd9VLdR/C0DgoTUic71Og="},"indexInfo":{"baseKey":"BbEKOWr7VyjlGkrH6Deh306ALB32lrySfPPUd6uQf497","baseKeyType":1,"closed":-1,"used":1721196568317,"created":1721196568317,"remoteIdentityKey":"Bc6f8AkukV6n7JfjUhH9v68RiaBkXcYCnPPUOVVMGy9P"},"_chains":{"BbwNo2hmw4SPQJDQnKO2FXqVRrwGSW/092R4SQt9p5YQ":{"chainKey":{"counter":9,"key":"DYsq6tCrdaQmwCBb7/mYZtKgjSwzYcpIMi7iFcqxLRw="},"chainType":1,"messageKeys":{}}},"pendingPreKey":{"signedKeyId":1,"baseKey":"BbEKOWr7VyjlGkrH6Deh306ALB32lrySfPPUd6uQf497"}}},"version":"v1"}