{"_sessions":{"BaZycsa8hJ7yfK1ORuVPXILdWreM9gVaidywyOoLZ7Q6":{"registrationId":277801165,"currentRatchet":{"ephemeralKeyPair":{"pubKey":"BcftvgVUFylAe0g0NZdDq+mincmnLFoLkE8fLNyQmMxU","privKey":"UPwQAAkWAvHJlSrYgkT4IAQfRzRe+BnPM/shPuoN03I="},"lastRemoteEphemeralKey":"BRy9xrxbK0xXSGKMCx6bgP0JJk2H2nT75YwXpubgtqU0","previousCounter":0,"rootKey":"V44e/rGTV+on4K4xvIH5ngp2bIuNwnIK0giBGWl0QEc="},"indexInfo":{"baseKey":"BaZycsa8hJ7yfK1ORuVPXILdWreM9gVaidywyOoLZ7Q6","baseKeyType":2,"closed":-1,"used":1721227102244,"created":1721227102244,"remoteIdentityKey":"BdCVGDKv7yJSD3IdxFP2j86cuD2m1gVXE9XenJyyiWtD"},"_chains":{"BRy9xrxbK0xXSGKMCx6bgP0JJk2H2nT75YwXpubgtqU0":{"chainKey":{"counter":0,"key":"AOS1QIolRp1QKyr6/m6lFTJ+gfww71MZmUqRY984kJI="},"chainType":2,"messageKeys":{}},"BcftvgVUFylAe0g0NZdDq+mincmnLFoLkE8fLNyQmMxU":{"chainKey":{"counter":0,"key":"xU/2CP5it9z8U9Ke+vBF1DPnpsfPqH6Swd7dCfJSD70="},"chainType":1,"messageKeys":{}}}}},"version":"v1"}