{"_sessions":{"Bf4lJG0COGWDWYRTeYHfCQ+caKb4FXcAHogmhtGTcx1G":{"registrationId":378707792,"currentRatchet":{"ephemeralKeyPair":{"pubKey":"BT2eox6c3S7hLFQbJwF9GmnWN8B/VBwiU9PYZlo16e1+","privKey":"QI3QKKrZn/Vzid3OjabmzvzHN0nU5aA7PM9Chg55hGc="},"lastRemoteEphemeralKey":"BX9myXiUNae50bchdEQq64dLnfz2rmQBnsMK8Qt8nmhO","previousCounter":0,"rootKey":"uTdAPKHHLJOeVTjyujBwG5mv+bnebNx/wsqoK7QFc08="},"indexInfo":{"baseKey":"Bf4lJG0COGWDWYRTeYHfCQ+caKb4FXcAHogmhtGTcx1G","baseKeyType":1,"closed":-1,"used":1721227116911,"created":1721227116911,"remoteIdentityKey":"BSRbZQyAlRzPodonbrQFNWbtiNnT+9PoqXmxSWGYKoE5"},"_chains":{"BT2eox6c3S7hLFQbJwF9GmnWN8B/VBwiU9PYZlo16e1+":{"chainKey":{"counter":0,"key":"zAWtuzNNnPw1ZA525ohOyIwTBJegR3kTilpKEUXXKZY="},"chainType":1,"messageKeys":{}}},"pendingPreKey":{"signedKeyId":3,"baseKey":"Bf4lJG0COGWDWYRTeYHfCQ+caKb4FXcAHogmhtGTcx1G","preKeyId":6270329}}},"version":"v1"}