{"_sessions":{"BZ6NUDHRXyVsRr09CJk+/W3ahcTxcMHx05ehUpN6S11Z":{"registrationId":758462505,"currentRatchet":{"ephemeralKeyPair":{"pubKey":"BQgv3SvjTNijvm1VhfgmLPfpoZ6g3qERSrf2vHRjoO5T","privKey":"cBbNUkSUBib6B60em9nfxNlPk9JWZ5XmyOkkApXzUUc="},"lastRemoteEphemeralKey":"BZdHv6vo+nyUitQ6dvHDzm3hToYebFgIwxLtAvc6N2gA","previousCounter":0,"rootKey":"r7oB7BvvIic248Sbkj40vZUNcHLxFDuhFeBexLEkNXM="},"indexInfo":{"baseKey":"BZ6NUDHRXyVsRr09CJk+/W3ahcTxcMHx05ehUpN6S11Z","baseKeyType":1,"closed":1721227178453,"used":1721227175749,"created":1721227175749,"remoteIdentityKey":"BeB2gt6cof/R75pvIleS5KwZ8M+sXA9/HlCOrozUFNlF"},"_chains":{"BQgv3SvjTNijvm1VhfgmLPfpoZ6g3qERSrf2vHRjoO5T":{"chainKey":{"counter":-1,"key":"45LuiL2hYQ1ljeh/ho1grhU2EaKqnl8OzJO+TNidyjc="},"chainType":1,"messageKeys":{}}},"pendingPreKey":{"signedKeyId":14,"baseKey":"BZ6NUDHRXyVsRr09CJk+/W3ahcTxcMHx05ehUpN6S11Z","preKeyId":1519511}},"BZeoy37G7hcSWZNkSRxYVVldQM+17kBXxcVba71YBTgv":{"registrationId":758462505,"currentRatchet":{"ephemeralKeyPair":{"pubKey":"BZOYDEqafi8IePUa/mleNlK0XSGX1hJK5VvuI1pQ4n4J","privKey":"QMqrJjA/0V4jHOkOjPOedQYoGd70IFo1R5b5A1rvQ1c="},"lastRemoteEphemeralKey":"BZdHv6vo+nyUitQ6dvHDzm3hToYebFgIwxLtAvc6N2gA","previousCounter":0,"rootKey":"zaGsW/GH/HaXwjztj/EiyiDgnkcUBok+o1+K+p7mRdo="},"indexInfo":{"baseKey":"BZeoy37G7hcSWZNkSRxYVVldQM+17kBXxcVba71YBTgv","baseKeyType":1,"closed":-1,"used":1721227178450,"created":1721227178450,"remoteIdentityKey":"BeB2gt6cof/R75pvIleS5KwZ8M+sXA9/HlCOrozUFNlF"},"_chains":{"BZOYDEqafi8IePUa/mleNlK0XSGX1hJK5VvuI1pQ4n4J":{"chainKey":{"counter":1,"key":"t4/g4Xtd9icvBe3U5kuAl8rCJeo1re8D59IhIcAF4og="},"chainType":1,"messageKeys":{}}},"pendingPreKey":{"signedKeyId":14,"baseKey":"BZeoy37G7hcSWZNkSRxYVVldQM+17kBXxcVba71YBTgv","preKeyId":1518768}}},"version":"v1"}