{"_sessions":{"BVYDUFo/1N2I6m7MfjewNHpb0QENmmMlMH0dAxzI+usi":{"registrationId":2048680675,"currentRatchet":{"ephemeralKeyPair":{"pubKey":"BYI5m639TY25ynTWNvmEIMd8YEZbeCLJ8MHr3VaaFZo6","privKey":"mGuSB2l7+vW1DP5nj+teO0sErYWuCeYdTs8vxzV1020="},"lastRemoteEphemeralKey":"BZQdHiY4q8vu31u10m1vH263TXCRGwk5pdmwZ7on260S","previousCounter":0,"rootKey":"e+O68aT/ACwHwgtQr55hdSQUlSf924muL5Sb0qLc2O8="},"indexInfo":{"baseKey":"BVYDUFo/1N2I6m7MfjewNHpb0QENmmMlMH0dAxzI+usi","baseKeyType":1,"closed":-1,"used":1721196568743,"created":1721196568743,"remoteIdentityKey":"BTJmPh1DgeCnCUjCHnx5MAOYsnAZHdMsO7vL3kMMEq9n"},"_chains":{"BYI5m639TY25ynTWNvmEIMd8YEZbeCLJ8MHr3VaaFZo6":{"chainKey":{"counter":9,"key":"FEuJfEbb77jI3d/WcbP80jH8LUW3yGadKlOH9PBojcY="},"chainType":1,"messageKeys":{}}},"pendingPreKey":{"signedKeyId":4,"baseKey":"BVYDUFo/1N2I6m7MfjewNHpb0QENmmMlMH0dAxzI+usi","preKeyId":1039603}}},"version":"v1"}