{"_sessions":{"BX+audbn55b9ONYQOcrAnn/fcsDSxsz6sqxB7u8hWlRi":{"registrationId":37587804,"currentRatchet":{"ephemeralKeyPair":{"pubKey":"BZV1DZ/qsH0t1iRT4rCSX/jb+ZYlGfbz6vBbDEJf0OMG","privKey":"KDg1VCHW/Vu/5QcSvNO0vvqcbbj1ZEeukn+gJEjmums="},"lastRemoteEphemeralKey":"BSwOmIh6VHul9hnN6jQXxl4SkE2etu2qEiy89DWVTTZ4","previousCounter":0,"rootKey":"XpUj29T/K/uZU1l+8C06GmfH2cgKpiy3HDtPAiqXa+E="},"indexInfo":{"baseKey":"BX+audbn55b9ONYQOcrAnn/fcsDSxsz6sqxB7u8hWlRi","baseKeyType":1,"closed":-1,"used":1721196568520,"created":1721196568520,"remoteIdentityKey":"BcAkIgKeRXxghDU9fVIsPqmVWj9RlBqsJvvJ4DtYNZ9v"},"_chains":{"BZV1DZ/qsH0t1iRT4rCSX/jb+ZYlGfbz6vBbDEJf0OMG":{"chainKey":{"counter":9,"key":"fN1HLyVOIdQ+8jY9PP6klA1YGsAc2DXAmM05gPWt9Ek="},"chainType":1,"messageKeys":{}}},"pendingPreKey":{"signedKeyId":8,"baseKey":"BX+audbn55b9ONYQOcrAnn/fcsDSxsz6sqxB7u8hWlRi","preKeyId":13251498}}},"version":"v1"}