{"_sessions":{"BfdvBIZjjyqxiBqenxgPJN4b5P53pGYpBoHBKbFvR/JC":{"registrationId":699574200,"currentRatchet":{"ephemeralKeyPair":{"pubKey":"BQawjGkCjiWr2bFOXAhBJUU6FhlAk7MyKcwaOYCFNYZW","privKey":"GJh+6s2EgRo6mTRLYQ7AsLSvI5wikbc2TsG1f1QXTnE="},"lastRemoteEphemeralKey":"BU68hEbxDwj/GgwzXD5bYYKzv/4OOvaUgo3K7qKc/n07","previousCounter":0,"rootKey":"xv0lZM2WUMYyT0dpsx3JsTwAbcSo8I6B0PqXe9ZqFhI="},"indexInfo":{"baseKey":"BfdvBIZjjyqxiBqenxgPJN4b5P53pGYpBoHBKbFvR/JC","baseKeyType":1,"closed":-1,"used":1721227116410,"created":1721227116410,"remoteIdentityKey":"BYCCGLtHi1jl3t0QdwVjN3wIOM5+47/sSH/0gvNJZkZa"},"_chains":{"BQawjGkCjiWr2bFOXAhBJUU6FhlAk7MyKcwaOYCFNYZW":{"chainKey":{"counter":0,"key":"0w3KhvIrfOvmjIu/uE60MEgIR4kJ0nlMeKkDmK7rCWI="},"chainType":1,"messageKeys":{}}},"pendingPreKey":{"signedKeyId":4,"baseKey":"BfdvBIZjjyqxiBqenxgPJN4b5P53pGYpBoHBKbFvR/JC","preKeyId":2232186}}},"version":"v1"}