{"_sessions":{"BXA38Nt3XyLywjUEkghUJDrboTiAy0gN9dKPB059yy1E":{"registrationId":2127205,"currentRatchet":{"ephemeralKeyPair":{"pubKey":"BaJ4n+BM0xBpgY89iic6qRKMA3X2fs5MDuzxSHeGLcst","privKey":"kEW/TLJta/dHE9r/vtAe2N6z1yt7dPdZVOd6YiObHlo="},"lastRemoteEphemeralKey":"Bc6umDr35TCSzj/GgJk0Nlct+qxZ0uo+AUT1YOwNM3hm","previousCounter":0,"rootKey":"jgL5mBa95Cv8OpaADcW0ENNYHw6L7rrkd2ntI8Czw2E="},"indexInfo":{"baseKey":"BXA38Nt3XyLywjUEkghUJDrboTiAy0gN9dKPB059yy1E","baseKeyType":1,"closed":-1,"used":1721227116619,"created":1721227116619,"remoteIdentityKey":"BdGeG3Cshlk0FDz4zbsuQfB6wW9uayeX/NaW8T1kLAEB"},"_chains":{"BaJ4n+BM0xBpgY89iic6qRKMA3X2fs5MDuzxSHeGLcst":{"chainKey":{"counter":0,"key":"1IyRNqE3K7bPhWpXzn0hAQaTHNs/Q1elkKpLkXrCnk4="},"chainType":1,"messageKeys":{}}},"pendingPreKey":{"signedKeyId":12,"baseKey":"BXA38Nt3XyLywjUEkghUJDrboTiAy0gN9dKPB059yy1E","preKeyId":6133606}}},"version":"v1"}