{"_sessions":{"BZqz37vGuZy7EGnN9NPfmLrO7spTf9ozalH+e6WA5URt":{"registrationId":317523010,"currentRatchet":{"ephemeralKeyPair":{"pubKey":"BQ3XmV7V8V/YeRZPoBdx61cUSOoXR4pbEKMI+Th7DfAW","privKey":"oB2dDG1lZ2Ewt3X38RtQimjPMiGJXcpUEGD4m5zHvmo="},"lastRemoteEphemeralKey":"BYIn8pt/c8lyG7aADpU5E6h5LTgNmK2U6UoB9c4cGG0R","previousCounter":0,"rootKey":"fsRV/8DjsAEG1JddTrAO+dlCc2INs2C6b8jZ1wsau1k="},"indexInfo":{"baseKey":"BZqz37vGuZy7EGnN9NPfmLrO7spTf9ozalH+e6WA5URt","baseKeyType":1,"closed":-1,"used":1721196568512,"created":1721196568512,"remoteIdentityKey":"BfuNb85Pe4bEqlErYBKfQVpvOo/acWxli59V1oOVPRtw"},"_chains":{"BQ3XmV7V8V/YeRZPoBdx61cUSOoXR4pbEKMI+Th7DfAW":{"chainKey":{"counter":9,"key":"vmlbFqTuIVElRmDVa00wRKAV/jUkB7DzfUX1YE+QC8E="},"chainType":1,"messageKeys":{}}},"pendingPreKey":{"signedKeyId":5,"baseKey":"BZqz37vGuZy7EGnN9NPfmLrO7spTf9ozalH+e6WA5URt","preKeyId":5910322}}},"version":"v1"}