{"_sessions":{"BZ0w6DGKb+k8QSb3HryefGvrni+uRAujbuFf3UQp6Vd8":{"registrationId":1946522821,"currentRatchet":{"ephemeralKeyPair":{"pubKey":"BanLDFKGk1reXS4F3TYAzxya+MxLkMKjxW+SyCgmPHku","privKey":"+ID2JsZVZGr7m+3eCjOA4vu7v3ZAsmFxWtEwKErepmU="},"lastRemoteEphemeralKey":"Ba/RaoHkJQnf03p6TWk1gEx5ha6gy7WUUpNldv4ZP25l","previousCounter":0,"rootKey":"aigksWsPDKDHM0WHVaezMUewCXNDKVoDVejg0DfRZn0="},"indexInfo":{"baseKey":"BZ0w6DGKb+k8QSb3HryefGvrni+uRAujbuFf3UQp6Vd8","baseKeyType":1,"closed":-1,"used":1721227116239,"created":1721227116239,"remoteIdentityKey":"Bag2MDxKfKOAbIXw8BMVhHUlb0BwUMu1c3r2IpK+2fQh"},"_chains":{"BanLDFKGk1reXS4F3TYAzxya+MxLkMKjxW+SyCgmPHku":{"chainKey":{"counter":0,"key":"viZKXe+n9sWj3JsGWYGatYseJGmoJ7u6cxLTJ47ov+Q="},"chainType":1,"messageKeys":{}}},"pendingPreKey":{"signedKeyId":0,"baseKey":"BZ0w6DGKb+k8QSb3HryefGvrni+uRAujbuFf3UQp6Vd8"}}},"version":"v1"}