{"_sessions":{"BWghh0zqt7T/Qxvp4eoacWP7b55lZT619u62D+6UiE5e":{"registrationId":1854413365,"currentRatchet":{"ephemeralKeyPair":{"pubKey":"BQb1M0VUx71XIevJXt1ZvWZFtZifynSqjKYsBwqsn6hA","privKey":"KNCyO5de8mmsga7P37Sd59Amx7nYdFphUaoX2qecuUs="},"lastRemoteEphemeralKey":"Bdz6UlPlT4U3sJ//7yhyNmt+xrfJatRONThyK5xijWNS","previousCounter":0,"rootKey":"/peFhg2f1vfeISWF2k7qxyK76MM2ebtieLgpzojHJEc="},"indexInfo":{"baseKey":"BWghh0zqt7T/Qxvp4eoacWP7b55lZT619u62D+6UiE5e","baseKeyType":1,"closed":-1,"used":1721227117356,"created":1721227117356,"remoteIdentityKey":"Bf7Zz1ZgiRBHcVaSQX+nqBaiexlBLcMQiHX5VS2cEclr"},"_chains":{"BQb1M0VUx71XIevJXt1ZvWZFtZifynSqjKYsBwqsn6hA":{"chainKey":{"counter":0,"key":"NQkmvTkCguLN5hjvXD1FeZmHltbQOu0ATbKgRECwEgc="},"chainType":1,"messageKeys":{}}},"pendingPreKey":{"signedKeyId":2,"baseKey":"BWghh0zqt7T/Qxvp4eoacWP7b55lZT619u62D+6UiE5e","preKeyId":4751286}}},"version":"v1"}