{"_sessions":{"Bev1pKFJmWGrMhsLF+ebOGNd/Z1hXw0UUj6+/qDM020c":{"registrationId":779277684,"currentRatchet":{"ephemeralKeyPair":{"pubKey":"BRIqWsOhchNGucPvZ/U/9uTeF3AENXRgSuQbpGhWHMBx","privKey":"SA/zK+ASOavFW+pWeYY4tL3KmyU0iA5FqzXiL8aHf2o="},"lastRemoteEphemeralKey":"BS8NzsVenGYPOHjYyURu7liTT8NMLV7E9PmlKf/8//5n","previousCounter":0,"rootKey":"kI3a69yODPYWs+yPE0XmNZp1BvuNW+VjMDsi83zfkpc="},"indexInfo":{"baseKey":"Bev1pKFJmWGrMhsLF+ebOGNd/Z1hXw0UUj6+/qDM020c","baseKeyType":1,"closed":-1,"used":1721227117534,"created":1721227117534,"remoteIdentityKey":"BcendiUZN6MMbVVQz5IDO6mBbWa2nmKl1vVJW7xFKPpL"},"_chains":{"BRIqWsOhchNGucPvZ/U/9uTeF3AENXRgSuQbpGhWHMBx":{"chainKey":{"counter":0,"key":"Nh/jSdJbHq2m4yuNWp308Kh3JUmjncJzLZbRDI3aKcA="},"chainType":1,"messageKeys":{}}},"pendingPreKey":{"signedKeyId":0,"baseKey":"Bev1pKFJmWGrMhsLF+ebOGNd/Z1hXw0UUj6+/qDM020c","preKeyId":2688512}}},"version":"v1"}