{"_sessions":{"BTwnjy7HlUUXGi3pmGQ40D+TSW7f+sNWV4gQtuUEN0Be":{"registrationId":608016198,"currentRatchet":{"ephemeralKeyPair":{"pubKey":"BYRB6GN80M4gUQMsHKGB5cN6v1KCo/NWeJ1wpDOom+kI","privKey":"wBrX8UX3odLHrfj9Oymvy/lEegxNjBgSVKpt8SSfI34="},"lastRemoteEphemeralKey":"BaxBmYuHcAB/jjfbd14c/MTMtxGtoCqHpKyT3kDrgzdE","previousCounter":0,"rootKey":"xytaCRxuGf0vD/KXkWuU3H+mEvc4B33wAoUps2y1jc4="},"indexInfo":{"baseKey":"BTwnjy7HlUUXGi3pmGQ40D+TSW7f+sNWV4gQtuUEN0Be","baseKeyType":1,"closed":-1,"used":1721227184939,"created":1721227116807,"remoteIdentityKey":"BVHm9NhgCevyB/TLDe5oy3f/TVpaiXMvBDMhI44xGq1k"},"_chains":{"BaxBmYuHcAB/jjfbd14c/MTMtxGtoCqHpKyT3kDrgzdE":{"chainKey":{"counter":0,"key":"fWJlCt1ZdHBOypS1lWk5OTGRD/nm6I23qPAP0dEN8k0="},"chainType":2,"messageKeys":{}},"BYRB6GN80M4gUQMsHKGB5cN6v1KCo/NWeJ1wpDOom+kI":{"chainKey":{"counter":-1,"key":"DWAOavWJjKFu6Yg6DL1BYDQrLeU1LxIU4cKCsrun9y0="},"chainType":1,"messageKeys":{}}}}},"version":"v1"}