{"_sessions":{"BViYedZs2rDtGYSucM1djxCDJmNHNNG6088cNp2UUpV9":{"registrationId":1372764146,"currentRatchet":{"ephemeralKeyPair":{"pubKey":"BffabETxbn8ZAJAf+HeWYvFKfMODFmj7D6KcgT9WK5Z4","privKey":"+EXQ+APz/o9+iFlBwegLM3sEmYpGvf627veIfXqokmg="},"lastRemoteEphemeralKey":"BTLTDVqkNPIoPGzezHqVVdflycHmwxpMI9bdKuueatR9","previousCounter":0,"rootKey":"60ywMHCJc7SkvdQzhjxIt+wzr/EIJM6vU/nHu2kynw0="},"indexInfo":{"baseKey":"BViYedZs2rDtGYSucM1djxCDJmNHNNG6088cNp2UUpV9","baseKeyType":1,"closed":-1,"used":1721227117255,"created":1721227117255,"remoteIdentityKey":"BUsubyVIGooxZpvujvly4hOYzKQ5/dSiyqRc9iabI8gB"},"_chains":{"BffabETxbn8ZAJAf+HeWYvFKfMODFmj7D6KcgT9WK5Z4":{"chainKey":{"counter":0,"key":"xEauvijUoNIPVsyEJb5d6QGMMjt28HOsX2cCTB9YQBM="},"chainType":1,"messageKeys":{}}},"pendingPreKey":{"signedKeyId":0,"baseKey":"BViYedZs2rDtGYSucM1djxCDJmNHNNG6088cNp2UUpV9"}}},"version":"v1"}