{"_sessions":{"BUajTcoavAPSFvHinz2U0+Hsq4UT+Dd4vp/yk0hgV6hJ":{"registrationId":1064081902,"currentRatchet":{"ephemeralKeyPair":{"pubKey":"BX6+mYfwFjaF5CSP+cjVT91FFT0IBYaOrI4g/qb+0opp","privKey":"wPCcn2JC/UGtoIQ3p/cII38WsCCCj0mqq46JMOUnaFs="},"lastRemoteEphemeralKey":"BV3kswQL497dHxTHG+1oa3wDSitL8uvJUHp13ipSTkBK","previousCounter":0,"rootKey":"6qC+xX13RIsbbY3NLVZN2XT71cNoqcCw/b7exzUir/g="},"indexInfo":{"baseKey":"BUajTcoavAPSFvHinz2U0+Hsq4UT+Dd4vp/yk0hgV6hJ","baseKeyType":1,"closed":-1,"used":1721196568267,"created":1721196568267,"remoteIdentityKey":"Bbn8TP9AXGwFVQaTnvpgAm7wqHEuEwfDoO5jPi2fQTYv"},"_chains":{"BX6+mYfwFjaF5CSP+cjVT91FFT0IBYaOrI4g/qb+0opp":{"chainKey":{"counter":9,"key":"Ea3+VfepoMequpaS+jK1kEaMIKi2A5QBdoerycS/x/A="},"chainType":1,"messageKeys":{}}},"pendingPreKey":{"signedKeyId":1,"baseKey":"BUajTcoavAPSFvHinz2U0+Hsq4UT+Dd4vp/yk0hgV6hJ","preKeyId":178}}},"version":"v1"}