{"_sessions":{"BcngXLo68oq1s4Adr9LJJbHdHC3GmQYXEkPEpnuQfglL":{"registrationId":1647799266,"currentRatchet":{"ephemeralKeyPair":{"pubKey":"BXpUwuvESY4KkuwFoDmzwMQMmWt1BrfdLX2HKaTyavMT","privKey":"SAAERm2x31YcbfEcUGztcejaR4p545AP2m22WrYxpXs="},"lastRemoteEphemeralKey":"BWyRqVjkC/8Mp1Ceiv60UsXyEOVtwBxyfkALw8yDWid6","previousCounter":0,"rootKey":"FKQ1kL4EnzFRpb6M2WSuOUR1yHZMBIgTQXqJQCoVrAs="},"indexInfo":{"baseKey":"BcngXLo68oq1s4Adr9LJJbHdHC3GmQYXEkPEpnuQfglL","baseKeyType":1,"closed":-1,"used":1721196568794,"created":1721196568794,"remoteIdentityKey":"BUNRMUDpW2pqqDgJg8eALNF8avD+wwQ/AkFxHr7Hkug7"},"_chains":{"BXpUwuvESY4KkuwFoDmzwMQMmWt1BrfdLX2HKaTyavMT":{"chainKey":{"counter":9,"key":"ntt/Q6u7rFT0k7qToAp0vBI3ODm8tWM+sp/a3VkqqLs="},"chainType":1,"messageKeys":{}}},"pendingPreKey":{"signedKeyId":7,"baseKey":"BcngXLo68oq1s4Adr9LJJbHdHC3GmQYXEkPEpnuQfglL","preKeyId":3926804}}},"version":"v1"}