{"_sessions":{"BXylnnPslKY+1L7L5K1jdLXfbICTIelsg5VhoryaPvcR":{"registrationId":956880427,"currentRatchet":{"ephemeralKeyPair":{"pubKey":"BQqh8iFJIOKkLZkfoyORJKH7aVDQt2YwL3V31FZ6PPxB","privKey":"iFxiJ3nuYE1QnG+AhI+rt11FbA9GoQavAtmIOqM0DEI="},"lastRemoteEphemeralKey":"BVkRS3y1akpiqW5K/N7X0kqZxlVEVnlceTzLk9xrrfUv","previousCounter":0,"rootKey":"aR7MvlM8JpzIEEfgBeiJ7BxAr+kVYXKjWnAQ7sHg6YI="},"indexInfo":{"baseKey":"BXylnnPslKY+1L7L5K1jdLXfbICTIelsg5VhoryaPvcR","baseKeyType":1,"closed":-1,"used":1721196568398,"created":1721196568398,"remoteIdentityKey":"BaRgvTztf8a2eE9dL65etFY1Jmi3MZAvLDJRd/5flGlI"},"_chains":{"BQqh8iFJIOKkLZkfoyORJKH7aVDQt2YwL3V31FZ6PPxB":{"chainKey":{"counter":9,"key":"+xeCnhEnIj0OWRra0v8Z36QtHDSGoR0F405oKsgR8r4="},"chainType":1,"messageKeys":{}}},"pendingPreKey":{"signedKeyId":0,"baseKey":"BXylnnPslKY+1L7L5K1jdLXfbICTIelsg5VhoryaPvcR","preKeyId":6858440}}},"version":"v1"}