{"_sessions":{"BXZI+tcrGGayQKM6Oa9nJyNKPLpke3Cu76IyR551bCsK":{"registrationId":73,"currentRatchet":{"ephemeralKeyPair":{"pubKey":"BdTO7Yw6sb4/BxI1vgyvqBIvlrnII4EiAwDK8TAI6Rkr","privKey":"0G1sLSAiuw1yUSlbxc0k83teACuPM9dnxx9IXIJaJVA="},"lastRemoteEphemeralKey":"BYqm6paZrlucIK2w0POIGTv//d0Vv1XYukEJe2Y5Fssw","previousCounter":0,"rootKey":"GM+UxQC0wZWBxgbHLHrw6J3c9lS1p72rgGfXI4aFXow="},"indexInfo":{"baseKey":"BXZI+tcrGGayQKM6Oa9nJyNKPLpke3Cu76IyR551bCsK","baseKeyType":1,"closed":-1,"used":1721196568288,"created":1721196568288,"remoteIdentityKey":"BZX89fXzFqulFELdwS9+DpJea2mmlvBCnGAXW5m4DEFT"},"_chains":{"BdTO7Yw6sb4/BxI1vgyvqBIvlrnII4EiAwDK8TAI6Rkr":{"chainKey":{"counter":9,"key":"mNAtp5JMzosgNYgpORkvF1sVQqzIYv9+wgOJwcdgcQk="},"chainType":1,"messageKeys":{}}},"pendingPreKey":{"signedKeyId":1,"baseKey":"BXZI+tcrGGayQKM6Oa9nJyNKPLpke3Cu76IyR551bCsK"}}},"version":"v1"}