{"_sessions":{"BZiGFqMPSNYmbGVommfe1vkFbYnAF/kgOJL9u9056e91":{"registrationId":1544215597,"currentRatchet":{"ephemeralKeyPair":{"pubKey":"BfoEhnO69x+wFSkvHpP/KufiVDF6soXZGGOSejUKeKcG","privKey":"WJpvcjOeyrr7MjqM8/ilq2iZUFtFU7yH+jUbunzpk1U="},"lastRemoteEphemeralKey":"BbUl1AZ+g4h7rOiugpwKR317JyR0V7FhS0b8H8bCGuQS","previousCounter":0,"rootKey":"7PvDJAaS9HMt1S8DpK6xrDr646EK/1r+F6obX8TgoY8="},"indexInfo":{"baseKey":"BZiGFqMPSNYmbGVommfe1vkFbYnAF/kgOJL9u9056e91","baseKeyType":1,"closed":1721227178432,"used":1721227175744,"created":1721227175744,"remoteIdentityKey":"BZL5NRZE7HxlKhPonkPT6GdBAUoZoWW4MXBi0UhRna82"},"_chains":{"BfoEhnO69x+wFSkvHpP/KufiVDF6soXZGGOSejUKeKcG":{"chainKey":{"counter":-1,"key":"0AcmOkYnU+/7kLUbIhXcjGUvL4vViMipvmJ8okotoZ0="},"chainType":1,"messageKeys":{}}},"pendingPreKey":{"signedKeyId":5,"baseKey":"BZiGFqMPSNYmbGVommfe1vkFbYnAF/kgOJL9u9056e91","preKeyId":1037184}},"BUZQhS+iRWHsC4rJQ1SFti+YFbIVJzCIC0PhZYc6iqkr":{"registrationId":1544215597,"currentRatchet":{"ephemeralKeyPair":{"pubKey":"Bc0SjtXU6sMecmBr2JgOPa7GWJRuGw4MPr7l5U0PZnR5","privKey":"QBd24NfE0Ig902XmOEWPWndl5kAKNasVUZ0jltGua3c="},"lastRemoteEphemeralKey":"BbUl1AZ+g4h7rOiugpwKR317JyR0V7FhS0b8H8bCGuQS","previousCounter":0,"rootKey":"ddRPGMo/Cushm6nm8MHN6sbBJlOo3VlG7HpLWsit0E4="},"indexInfo":{"baseKey":"BUZQhS+iRWHsC4rJQ1SFti+YFbIVJzCIC0PhZYc6iqkr","baseKeyType":1,"closed":-1,"used":1721227178431,"created":1721227178431,"remoteIdentityKey":"BZL5NRZE7HxlKhPonkPT6GdBAUoZoWW4MXBi0UhRna82"},"_chains":{"Bc0SjtXU6sMecmBr2JgOPa7GWJRuGw4MPr7l5U0PZnR5":{"chainKey":{"counter":1,"key":"D0FaUA5HBXeXmVCSQsbg4OB4xsIZtfD/z2k8pD8nqAQ="},"chainType":1,"messageKeys":{}}},"pendingPreKey":{"signedKeyId":5,"baseKey":"BUZQhS+iRWHsC4rJQ1SFti+YFbIVJzCIC0PhZYc6iqkr","preKeyId":1037161}}},"version":"v1"}