{"_sessions":{"BcAOAO0UlpeOL57hlWgIrh3uJhe5ldKqmXNNslu6rx46":{"registrationId":632238956,"currentRatchet":{"ephemeralKeyPair":{"pubKey":"BcsUSffP/EHSIsFQDy+7mZ7Wme5bCbwU0LJM8Tr2s3dS","privKey":"kC6wl/dLlUgvBcZkXvWgNWrG+9Hhq1g7VJxjBVco/0I="},"lastRemoteEphemeralKey":"BTMFF3GL2NySeyxaXgbtSe8rfLx3EMo1tcrcpFXrsHcg","previousCounter":0,"rootKey":"BxcVO/yztYMe7u35vOoyVvo0ma1OS6nIe4BJPKPZBFs="},"indexInfo":{"baseKey":"BcAOAO0UlpeOL57hlWgIrh3uJhe5ldKqmXNNslu6rx46","baseKeyType":1,"closed":-1,"used":1721196568529,"created":1721196568529,"remoteIdentityKey":"Bet9bVL4N2tBOGLholx1ePjNsUPEnSVukflzeHrhmYR8"},"_chains":{"BcsUSffP/EHSIsFQDy+7mZ7Wme5bCbwU0LJM8Tr2s3dS":{"chainKey":{"counter":9,"key":"nBIJed2hbBHfA0W2P50Y27Vs2BONUduaAqmCH9zm2EA="},"chainType":1,"messageKeys":{}}},"pendingPreKey":{"signedKeyId":0,"baseKey":"BcAOAO0UlpeOL57hlWgIrh3uJhe5ldKqmXNNslu6rx46"}}},"version":"v1"}