{"_sessions":{"BU605DOXgiBk7tkGAUIeihUgVFJTtk8ck0L7DAUekEII":{"registrationId":12098,"currentRatchet":{"ephemeralKeyPair":{"pubKey":"BejOkP9S18pqw3B4jV6beePit1D7/fryVOR4bxHEDAlx","privKey":"MJFZo+i3PA687sywoiaUpYhsV6T/zPBBpIt+eGEtSFY="},"lastRemoteEphemeralKey":"BSJMHD5pcW2hDTNnuCxS3TN8/tnJTfJY5H9qhFHJ+78+","previousCounter":0,"rootKey":"Av6gPoZgNkNOLuAZ9i8SobYWKHYK8QqgsIl5fp60aQM="},"indexInfo":{"baseKey":"BU605DOXgiBk7tkGAUIeihUgVFJTtk8ck0L7DAUekEII","baseKeyType":1,"closed":-1,"used":1721227115848,"created":1721227115848,"remoteIdentityKey":"BebZ6aKl8sKm/3IcaLtRLIruaZHQQpNB2OUc1g2Jn0pR"},"_chains":{"BejOkP9S18pqw3B4jV6beePit1D7/fryVOR4bxHEDAlx":{"chainKey":{"counter":0,"key":"nFOOAKFakMgr/YjVfycinuAk632CkLHDLgfvbXnJuEY="},"chainType":1,"messageKeys":{}}},"pendingPreKey":{"signedKeyId":1,"baseKey":"BU605DOXgiBk7tkGAUIeihUgVFJTtk8ck0L7DAUekEII"}}},"version":"v1"}