{"_sessions":{"BTUryXRhZE1QR4eAw9RtWEvV6XpGfIW/S5PdHPS7S1R7":{"registrationId":37587804,"currentRatchet":{"ephemeralKeyPair":{"pubKey":"BaSkE6KZ34E9aLVpXgU/O/mge10ogt/ni1LeXKtQ4hcJ","privKey":"MO10x0l+E3eBkWkQvmPLgKTPYX6hQ41DWm2GiDJZbWk="},"lastRemoteEphemeralKey":"BSwOmIh6VHul9hnN6jQXxl4SkE2etu2qEiy89DWVTTZ4","previousCounter":0,"rootKey":"HlmCF/YdFxFhSbqTMuMlUWDNexwETm6YQ7V10liufaE="},"indexInfo":{"baseKey":"BTUryXRhZE1QR4eAw9RtWEvV6XpGfIW/S5PdHPS7S1R7","baseKeyType":1,"closed":1721227178511,"used":1721227175770,"created":1721227175770,"remoteIdentityKey":"BcAkIgKeRXxghDU9fVIsPqmVWj9RlBqsJvvJ4DtYNZ9v"},"_chains":{"BaSkE6KZ34E9aLVpXgU/O/mge10ogt/ni1LeXKtQ4hcJ":{"chainKey":{"counter":-1,"key":"ZlHGuXXeutToCi+J5RT81S8Ta5aXD9WzvGsNFa/k1QQ="},"chainType":1,"messageKeys":{}}},"pendingPreKey":{"signedKeyId":8,"baseKey":"BTUryXRhZE1QR4eAw9RtWEvV6XpGfIW/S5PdHPS7S1R7","preKeyId":13251603}},"BUqs0h8QN70pzQjExu5mMK6uYtUQ9B3WaRtcbeFJrHkt":{"registrationId":37587804,"currentRatchet":{"ephemeralKeyPair":{"pubKey":"BYQh4aLo5YZXKw2octxELu6adXY+v0Qp87U10QXeAngh","privKey":"wAD7DW6KfQ3LvxiT3s/wdkh5lRsJ9Ksoxxf2VpCiJ38="},"lastRemoteEphemeralKey":"BSwOmIh6VHul9hnN6jQXxl4SkE2etu2qEiy89DWVTTZ4","previousCounter":0,"rootKey":"DClHMt2pl91ryU7PmGL406aieWDWvVVf7XMfzSW4+rI="},"indexInfo":{"baseKey":"BUqs0h8QN70pzQjExu5mMK6uYtUQ9B3WaRtcbeFJrHkt","baseKeyType":1,"closed":-1,"used":1721227178507,"created":1721227178507,"remoteIdentityKey":"BcAkIgKeRXxghDU9fVIsPqmVWj9RlBqsJvvJ4DtYNZ9v"},"_chains":{"BYQh4aLo5YZXKw2octxELu6adXY+v0Qp87U10QXeAngh":{"chainKey":{"counter":1,"key":"RHiXXXERCGhrrCSeEcH7snSqATdwY3LAXwlq7qNLcj4="},"chainType":1,"messageKeys":{}}},"pendingPreKey":{"signedKeyId":8,"baseKey":"BUqs0h8QN70pzQjExu5mMK6uYtUQ9B3WaRtcbeFJrHkt","preKeyId":13251569}}},"version":"v1"}