{"_sessions":{"BSmSu686l9M8BVQvkVawIAWE9QkUZdnwlu5tZ5OXEB0f":{"registrationId":1742227225,"currentRatchet":{"ephemeralKeyPair":{"pubKey":"Bf+XEQYr5fTzmn1G58sx6/nHEoRBH+KfDcjZyzzJqjNi","privKey":"sHgvqY9ZVUdMSJkAsGDXrM869vqxWXxzPVuWz/lN/n8="},"lastRemoteEphemeralKey":"BWioLWs0w+Ku52Pf22Tf6zFKzog5rKSzyJxFPCRiu6wo","previousCounter":0,"rootKey":"WTQFGIO+qrsJv91bTaI3N9veBgbNsRpElDfx0FIN3Ao="},"indexInfo":{"baseKey":"BSmSu686l9M8BVQvkVawIAWE9QkUZdnwlu5tZ5OXEB0f","baseKeyType":1,"closed":-1,"used":1721196568559,"created":1721196568559,"remoteIdentityKey":"Bb9+W0skv64TuZhBU3/TbqO+qCQnNWD4V1kU1O9kPRwu"},"_chains":{"Bf+XEQYr5fTzmn1G58sx6/nHEoRBH+KfDcjZyzzJqjNi":{"chainKey":{"counter":9,"key":"23gXIsr+p9iWzWLhuAozUCO6/tWhBKztKGNEDFKHeTM="},"chainType":1,"messageKeys":{}}},"pendingPreKey":{"signedKeyId":0,"baseKey":"BSmSu686l9M8BVQvkVawIAWE9QkUZdnwlu5tZ5OXEB0f","preKeyId":12464792}}},"version":"v1"}