{"_sessions":{"BYbwnfxn/vJswPY7ZfIsmrmjZ9yeTsAYdH/fHgP1c95q":{"registrationId":129,"currentRatchet":{"ephemeralKeyPair":{"pubKey":"BRd39gAEQxV4KJC477nAS0MhAi97ICHddnTatPH6JwYp","privKey":"cD6POUYo5pWpi9RayXYCKfXbQrCtBzjrQ2YvGX6+nGU="},"lastRemoteEphemeralKey":"BUI21Y3Tn6wtgArOl+4Ykn8Uk4vw7mFEqEqof8bzeYJv","previousCounter":0,"rootKey":"N/hWWZ2yqpUejo69EgVulXIqUp8ee23q6FC24vfTnIQ="},"indexInfo":{"baseKey":"BYbwnfxn/vJswPY7ZfIsmrmjZ9yeTsAYdH/fHgP1c95q","baseKeyType":1,"closed":1721227177419,"used":1721227175428,"created":1721227175428,"remoteIdentityKey":"BdkFB+jpyFPOWH3y5FJ20WBbfeEz0SG8RH0KYPrBKwpS"},"_chains":{"BRd39gAEQxV4KJC477nAS0MhAi97ICHddnTatPH6JwYp":{"chainKey":{"counter":-1,"key":"KAIszmnG6MlvVIv+Ob/Ns0ltCGEjGQFTa6vHtbuq2Ow="},"chainType":1,"messageKeys":{}}},"pendingPreKey":{"signedKeyId":1,"baseKey":"BYbwnfxn/vJswPY7ZfIsmrmjZ9yeTsAYdH/fHgP1c95q"}},"BTlYa9FLtilKZWpTWNs85U0Kk404SAPDUf8+NeQdW0Bu":{"registrationId":129,"currentRatchet":{"ephemeralKeyPair":{"pubKey":"BW1Frd+mmabr4RtcFfucD1xYlWNum2/6CDm2aO9eJ/Rj","privKey":"wHV+zlLudDiE1g/7DnksiWnkZof3lF7NASv9o0VVk28="},"lastRemoteEphemeralKey":"BUI21Y3Tn6wtgArOl+4Ykn8Uk4vw7mFEqEqof8bzeYJv","previousCounter":0,"rootKey":"5SJhc2VuFIF04Ue9MXkNa1lMAERdX0IxmzCxvh61t4E="},"indexInfo":{"baseKey":"BTlYa9FLtilKZWpTWNs85U0Kk404SAPDUf8+NeQdW0Bu","baseKeyType":1,"closed":-1,"used":1721227177415,"created":1721227177415,"remoteIdentityKey":"BdkFB+jpyFPOWH3y5FJ20WBbfeEz0SG8RH0KYPrBKwpS"},"_chains":{"BW1Frd+mmabr4RtcFfucD1xYlWNum2/6CDm2aO9eJ/Rj":{"chainKey":{"counter":1,"key":"MkDufviJW6jo3nPmkBk4CNAC9BnhRpxwFNNwSkvRgD4="},"chainType":1,"messageKeys":{}}},"pendingPreKey":{"signedKeyId":1,"baseKey":"BTlYa9FLtilKZWpTWNs85U0Kk404SAPDUf8+NeQdW0Bu"}}},"version":"v1"}