{"_sessions":{"BTACCX6OA5likqFWiZD6W5tDjkEDFl3zwOKxrFZ8GeQH":{"registrationId":583609870,"currentRatchet":{"ephemeralKeyPair":{"pubKey":"BVRPbWOlE85RAVygIY0DaiBvAi6eoSa8TUAM/bPIEhc9","privKey":"+PLptOqGwMd+r5mUII8vc7SmoeQDZxuKALKUN9l211Q="},"lastRemoteEphemeralKey":"BQO7vR6VIqAgDI8pD5rTy6bpOKIXd5LUXVh9S1BuWhEt","previousCounter":0,"rootKey":"SxsJ/mUEfhSOtfbdb7lGaxVBoA2ysNlkjyxhuMShBeE="},"indexInfo":{"baseKey":"BTACCX6OA5likqFWiZD6W5tDjkEDFl3zwOKxrFZ8GeQH","baseKeyType":1,"closed":-1,"used":1721227117369,"created":1721227117369,"remoteIdentityKey":"BVPHOybZcoOVb/P2wIiVu7fYUqj5RoZwzMkrk3rnYiFB"},"_chains":{"BVRPbWOlE85RAVygIY0DaiBvAi6eoSa8TUAM/bPIEhc9":{"chainKey":{"counter":0,"key":"KwPdMuLJZ7Pr/4fpO9x3CsoYekscNZ9knP4f99hrnxE="},"chainType":1,"messageKeys":{}}},"pendingPreKey":{"signedKeyId":1,"baseKey":"BTACCX6OA5likqFWiZD6W5tDjkEDFl3zwOKxrFZ8GeQH"}}},"version":"v1"}