{"_sessions":{"BeegnaCH11TMGMTQW3gfanyALBljUSyrG0NigAmOV/MK":{"registrationId":1803350751,"currentRatchet":{"ephemeralKeyPair":{"pubKey":"BXMAFBWST66zkVmPgXr7+EXx04CDk+KY/ZMFfX/Nf9ck","privKey":"GE/vgWh+i+U9WPoXuDNVsvj5BYDsLpVRQ6B/ohEyJm4="},"lastRemoteEphemeralKey":"BbJL4fllSeOSDRkZQMhQXbgYKPPkkjRybtWsRUUch5BQ","previousCounter":0,"rootKey":"N30JhfHRavqfbZjaIc1rgr87TiBJcQazhlz57dd9CHk="},"indexInfo":{"baseKey":"BeegnaCH11TMGMTQW3gfanyALBljUSyrG0NigAmOV/MK","baseKeyType":1,"closed":-1,"used":1721227116751,"created":1721227116751,"remoteIdentityKey":"BbMn46LeCgqMP2h8ju4p9cOtXhTdFH7GfykLPmVtY3IO"},"_chains":{"BXMAFBWST66zkVmPgXr7+EXx04CDk+KY/ZMFfX/Nf9ck":{"chainKey":{"counter":0,"key":"AvIqCMI+3i4fLO5h+DDTNV1sW91qat/JJbfMPLoYhO0="},"chainType":1,"messageKeys":{}}},"pendingPreKey":{"signedKeyId":2,"baseKey":"BeegnaCH11TMGMTQW3gfanyALBljUSyrG0NigAmOV/MK"}}},"version":"v1"}