{"_sessions":{"Bf+sspN98imRcw5PPVmtur+MdorF8B6Uf13gxcC7S4U9":{"registrationId":125815457,"currentRatchet":{"ephemeralKeyPair":{"pubKey":"BamIuBGjtjgJCgw/2cLFQqvJUG7OeNXRTdHvtu9cYhhK","privKey":"4CsSX268JxJrePsYtHw7ia14XF2nKNNfVBM986iOT0k="},"lastRemoteEphemeralKey":"BdGI66c9r7fPYjKzaopgDzIPj99SliTtNTCn9ixtzNAQ","previousCounter":0,"rootKey":"2eXmSNGsS0xCsZpNdnPoWHnt3QOyIe2LCbWLlccd6WU="},"indexInfo":{"baseKey":"Bf+sspN98imRcw5PPVmtur+MdorF8B6Uf13gxcC7S4U9","baseKeyType":1,"closed":-1,"used":1721196568379,"created":1721196568379,"remoteIdentityKey":"BbOxtL4PLuce/SQm/RFbHYlO+SEiYCq4dQUOSSRVoWF5"},"_chains":{"BamIuBGjtjgJCgw/2cLFQqvJUG7OeNXRTdHvtu9cYhhK":{"chainKey":{"counter":9,"key":"FrHXJm3fkhTKCu5HXfAKZz6MuIlzBz6gJTCkhtkNtmQ="},"chainType":1,"messageKeys":{}}},"pendingPreKey":{"signedKeyId":20,"baseKey":"Bf+sspN98imRcw5PPVmtur+MdorF8B6Uf13gxcC7S4U9"}}},"version":"v1"}