{"_sessions":{"Be2LOt07a1wRMruDH2+i4TlYfMR/7Yx+84jBTv0uLDsm":{"registrationId":633531762,"currentRatchet":{"ephemeralKeyPair":{"pubKey":"BeWZOfQvUrL/ndBUEDimON6a5r8uNF8Cre8Z5MftsyIa","privKey":"UDCSlhWlup8YThYz8DV/uRVOxqyaqPzxpXgtQK7vWUU="},"lastRemoteEphemeralKey":"BdiuEnb4+EKCUxXK20GEBZcQcqvJI5xjcDncM2h58UkG","previousCounter":0,"rootKey":"pnpzBOvYjtgzgFx+eekn/w93pa38k+e8GT3KQfT0IeQ="},"indexInfo":{"baseKey":"Be2LOt07a1wRMruDH2+i4TlYfMR/7Yx+84jBTv0uLDsm","baseKeyType":1,"closed":1721227178857,"used":1721227175926,"created":1721227175926,"remoteIdentityKey":"BWO5xTQ4NZQ3ePoJYI68/v7spkvcFnImvDWBpiH0rx4F"},"_chains":{"BeWZOfQvUrL/ndBUEDimON6a5r8uNF8Cre8Z5MftsyIa":{"chainKey":{"counter":-1,"key":"1pW5y6Yc9XPel6xk2/acEIRkkes8P0yt+Osttfswnfk="},"chainType":1,"messageKeys":{}}},"pendingPreKey":{"signedKeyId":1,"baseKey":"Be2LOt07a1wRMruDH2+i4TlYfMR/7Yx+84jBTv0uLDsm","preKeyId":10065230}},"Bc4OduSsUUpy5ril/jQdDP3neYPV7kOffELgCeBlcUwi":{"registrationId":633531762,"currentRatchet":{"ephemeralKeyPair":{"pubKey":"BUEwrQCcuShQBokIMtsTEE5svqdwaIUiLvbaFAhYhvlP","privKey":"2DlZmKRg8Zft10SztZNZrABWs6WmQ+fx/lpRGHTPPV4="},"lastRemoteEphemeralKey":"BdiuEnb4+EKCUxXK20GEBZcQcqvJI5xjcDncM2h58UkG","previousCounter":0,"rootKey":"g4fOo4/+jaX/aGR2CQB9RTpmeLLOU5mef618teWa6Ac="},"indexInfo":{"baseKey":"Bc4OduSsUUpy5ril/jQdDP3neYPV7kOffELgCeBlcUwi","baseKeyType":1,"closed":-1,"used":1721227178853,"created":1721227178853,"remoteIdentityKey":"BWO5xTQ4NZQ3ePoJYI68/v7spkvcFnImvDWBpiH0rx4F"},"_chains":{"BUEwrQCcuShQBokIMtsTEE5svqdwaIUiLvbaFAhYhvlP":{"chainKey":{"counter":1,"key":"3jdjmU6jne7kpbLo43seik82xiOPHvDNnkWbbmsOQMs="},"chainType":1,"messageKeys":{}}},"pendingPreKey":{"signedKeyId":1,"baseKey":"Bc4OduSsUUpy5ril/jQdDP3neYPV7kOffELgCeBlcUwi","preKeyId":10065847}}},"version":"v1"}