{"_sessions":{"BSmGfYyI97cepPllhfDcAAcxZiEUa+s4x2T9OYqMiQQ/":{"registrationId":520951754,"currentRatchet":{"ephemeralKeyPair":{"pubKey":"BYC81XjBlgLVowD9TbCkCAZUd+okR7aav6DaPw6eP1wd","privKey":"6J5rXSUx3Lz8c9NvNxArFH3Xy24t5GhDM0RX+k0+d2g="},"lastRemoteEphemeralKey":"BVZZuMN52YsHwh/qwY6kJHJaEoLj1p3QUEasOz0zj8Ux","previousCounter":0,"rootKey":"bpKusEgyhLOJY2ee2/mP1yjsVcx65Y6Bjr8nzZ1gQrM="},"indexInfo":{"baseKey":"BSmGfYyI97cepPllhfDcAAcxZiEUa+s4x2T9OYqMiQQ/","baseKeyType":1,"closed":1721227179285,"used":1721227176047,"created":1721227176047,"remoteIdentityKey":"BfaZNKQ9vpbsBnPm3bFCfztjNBai8OoscCPFlhIjIdkW"},"_chains":{"BYC81XjBlgLVowD9TbCkCAZUd+okR7aav6DaPw6eP1wd":{"chainKey":{"counter":-1,"key":"+r8RLKGZgssOfwwVKNWH2yhotQ1mgTdT2W0tf+MPq6A="},"chainType":1,"messageKeys":{}}},"pendingPreKey":{"signedKeyId":1,"baseKey":"BSmGfYyI97cepPllhfDcAAcxZiEUa+s4x2T9OYqMiQQ/","preKeyId":14982011}},"BRdQgsfytcJso9tnAJ7bbotp+1cRtLaj3uPogKiKRnMo":{"registrationId":520951754,"currentRatchet":{"ephemeralKeyPair":{"pubKey":"BfJh9jEXfSN9k577txOVTto2ulLpqcrMtFQ7HNHiRIhs","privKey":"UJbukj9NiLDVfpCfUjiHTIzgTIRtKDRFTkAjVVFMMVw="},"lastRemoteEphemeralKey":"BVZZuMN52YsHwh/qwY6kJHJaEoLj1p3QUEasOz0zj8Ux","previousCounter":0,"rootKey":"WHMHiHfNVXcqXwLfcIkL1TaMI6WFUZ1VQDTpUTCAqrM="},"indexInfo":{"baseKey":"BRdQgsfytcJso9tnAJ7bbotp+1cRtLaj3uPogKiKRnMo","baseKeyType":1,"closed":-1,"used":1721227179283,"created":1721227179283,"remoteIdentityKey":"BfaZNKQ9vpbsBnPm3bFCfztjNBai8OoscCPFlhIjIdkW"},"_chains":{"BfJh9jEXfSN9k577txOVTto2ulLpqcrMtFQ7HNHiRIhs":{"chainKey":{"counter":1,"key":"Incc+D7YlZbsQ5AU2wBHUJVIF+AF+7Qr8xdK0E06Y0k="},"chainType":1,"messageKeys":{}}},"pendingPreKey":{"signedKeyId":1,"baseKey":"BRdQgsfytcJso9tnAJ7bbotp+1cRtLaj3uPogKiKRnMo","preKeyId":14981834}}},"version":"v1"}