{"_sessions":{"BQ4CvofMHbERI9CI0GNRN6EMjzQYFkEp5dZhbWOZlCMY":{"registrationId":807849883,"currentRatchet":{"ephemeralKeyPair":{"pubKey":"BfAfuwnUfl10woi85kOg23IhsPUx+ALRKJP/8pAz3wVJ","privKey":"2D8NqvaWWi8G8+GRSRqklTWeOHzV2vyBLSVufzrOyXE="},"lastRemoteEphemeralKey":"BaaXFnRFTJdrISh7hiPfIbJiLAdJ33Z4i7t1pP4Ph+5l","previousCounter":0,"rootKey":"Kzyk2a/dS3qOn8y3LGR0bxJw2qLEcMfrOoZXhU8r59Y="},"indexInfo":{"baseKey":"BQ4CvofMHbERI9CI0GNRN6EMjzQYFkEp5dZhbWOZlCMY","baseKeyType":1,"closed":-1,"used":1721196568680,"created":1721196568680,"remoteIdentityKey":"Bb+3LEo7C3dd+Q6yOEk8WMJGRj68a8B/lw23HZAtfIY6"},"_chains":{"BfAfuwnUfl10woi85kOg23IhsPUx+ALRKJP/8pAz3wVJ":{"chainKey":{"counter":9,"key":"2LtdTWHVCnsXzPfpWuq8hYJ+wpYrJw2ZS1XF3Cha9gQ="},"chainType":1,"messageKeys":{}}},"pendingPreKey":{"signedKeyId":1,"baseKey":"BQ4CvofMHbERI9CI0GNRN6EMjzQYFkEp5dZhbWOZlCMY","preKeyId":10687056}}},"version":"v1"}