{"_sessions":{"BXcC+YL0pfnYdu/sPLcHglnMs6Lip8gHw36OiajqSbgC":{"registrationId":151,"currentRatchet":{"ephemeralKeyPair":{"pubKey":"BTSM+dvwahj/eFeoN2ajrNlStBO1vbF0nUgokneg6hQG","privKey":"CI5vZrP3i1a9ho/8GRjSo5PaokTGchUGYugl1RXNQU0="},"lastRemoteEphemeralKey":"BZffF4TSJ6CTZVT1fTXZJDnvWlKBxGgTozetetDhZKl9","previousCounter":0,"rootKey":"xDay6kH5VdIg8lWllwH9LwcFrOiR8e29yha+eQYI5fU="},"indexInfo":{"baseKey":"BXcC+YL0pfnYdu/sPLcHglnMs6Lip8gHw36OiajqSbgC","baseKeyType":1,"closed":-1,"used":1721196568297,"created":1721196568297,"remoteIdentityKey":"BVgEixPP1HspioRWIn3tqx7+jS8SlRl4lx9eRQ0prQMs"},"_chains":{"BTSM+dvwahj/eFeoN2ajrNlStBO1vbF0nUgokneg6hQG":{"chainKey":{"counter":9,"key":"jB4DkV7zfB2P+Ss9Qtb030OxjAF/2HraWE4rUDySsOU="},"chainType":1,"messageKeys":{}}},"pendingPreKey":{"signedKeyId":1,"baseKey":"BXcC+YL0pfnYdu/sPLcHglnMs6Lip8gHw36OiajqSbgC"}}},"version":"v1"}