{"_sessions":{"Bd4M5qBPT3mttF+1nnzIRY5QVWykWPRv3m2znCP7YsF6":{"registrationId":9587,"currentRatchet":{"ephemeralKeyPair":{"pubKey":"BaJx9RD6kLqjBN6Z793L7RZnnBsMOgxIgIm8lklNJBZ6","privKey":"sICbywCtkOWMNHLdLndK4PcPJM1tGe0/0gQ4wUgH9nk="},"lastRemoteEphemeralKey":"BX4Nt6ylHETRrbr//ktjDVHWPTTbe5IkUEAP2M/xf/FE","previousCounter":0,"rootKey":"jr8nG+0IiMG3XdQAbTxCDO+qQS3AJb7gp8wFKoNwDcU="},"indexInfo":{"baseKey":"Bd4M5qBPT3mttF+1nnzIRY5QVWykWPRv3m2znCP7YsF6","baseKeyType":1,"closed":-1,"used":1721227115638,"created":1721227115638,"remoteIdentityKey":"BWSVrCyZERKbJj9gBGThvVj7kZY+PkKfnpwhMcwiGU4j"},"_chains":{"BaJx9RD6kLqjBN6Z793L7RZnnBsMOgxIgIm8lklNJBZ6":{"chainKey":{"counter":0,"key":"9uQlYFn0jeVJa1wzi88/h8ZN3dW43khykszUNouvVac="},"chainType":1,"messageKeys":{}}},"pendingPreKey":{"signedKeyId":1,"baseKey":"Bd4M5qBPT3mttF+1nnzIRY5QVWykWPRv3m2znCP7YsF6"}}},"version":"v1"}