{"_sessions":{"BbWaIPy5cai0NW9Hjbs0DgxOX3JUzfbgEzoZMHfdie9M":{"registrationId":103825630,"currentRatchet":{"ephemeralKeyPair":{"pubKey":"Ba55KFv9nnogd2ozTyALeiZG+Y6fiW0/X1TN3I3jvsxK","privKey":"uMCR59wMCFfxnA+4tYgE1UqP4cUMMhXhcInqr9XFukw="},"lastRemoteEphemeralKey":"BcDa5uLovxdZkYA+FtVWiB6gGjUsiW2zOmrPNwdWoTch","previousCounter":0,"rootKey":"MBvPmWnaSGh8SkG4eXOSKOAJl0z/1j7pzcofvkknaNs="},"indexInfo":{"baseKey":"BbWaIPy5cai0NW9Hjbs0DgxOX3JUzfbgEzoZMHfdie9M","baseKeyType":1,"closed":-1,"used":1721196568374,"created":1721196568374,"remoteIdentityKey":"BQmUNXMtYM7qiJnQeuQ7ZuXdoBQjeFYyUnl8e6EZr8gB"},"_chains":{"Ba55KFv9nnogd2ozTyALeiZG+Y6fiW0/X1TN3I3jvsxK":{"chainKey":{"counter":9,"key":"JehKlyBn5/dxmlmdlaJTTlcV6Qp9f9ygwr2yuUXQrGA="},"chainType":1,"messageKeys":{}}},"pendingPreKey":{"signedKeyId":10,"baseKey":"BbWaIPy5cai0NW9Hjbs0DgxOX3JUzfbgEzoZMHfdie9M","preKeyId":6776789}}},"version":"v1"}