{"_sessions":{"BWkC2t05PYW0kbnIIAemklV56t74Ycutp+jo+vO7U+ZO":{"registrationId":1544215597,"currentRatchet":{"ephemeralKeyPair":{"pubKey":"BZEci3GPiVRUji7CrDMu7BOyrthxlaY0fZiPoNpBKHI4","privKey":"6BKQAY0uGwbMN9zDM/kfpeX1DiQrnrLJlp8DyVBNlHM="},"lastRemoteEphemeralKey":"BbUl1AZ+g4h7rOiugpwKR317JyR0V7FhS0b8H8bCGuQS","previousCounter":0,"rootKey":"jbTXlS1fgsUUBKhBQZuaOV/PvEuVu2j//HUTEWjVR0Y="},"indexInfo":{"baseKey":"BWkC2t05PYW0kbnIIAemklV56t74Ycutp+jo+vO7U+ZO","baseKeyType":1,"closed":-1,"used":1721196568476,"created":1721196568476,"remoteIdentityKey":"BZL5NRZE7HxlKhPonkPT6GdBAUoZoWW4MXBi0UhRna82"},"_chains":{"BZEci3GPiVRUji7CrDMu7BOyrthxlaY0fZiPoNpBKHI4":{"chainKey":{"counter":9,"key":"Qg7KgZ0YnJFkXZ8/Z97EO9PaydpAkCRPl/38RiZI7m4="},"chainType":1,"messageKeys":{}}},"pendingPreKey":{"signedKeyId":5,"baseKey":"BWkC2t05PYW0kbnIIAemklV56t74Ycutp+jo+vO7U+ZO","preKeyId":1037228}}},"version":"v1"}