{"_sessions":{"BdNhpKMI6Y8tHdz4amx709viqzY75lAUv2bQUAQ6T/0w":{"registrationId":868978175,"currentRatchet":{"ephemeralKeyPair":{"pubKey":"BSp4z6cEb1yl/mdWfXZhjCUZ7+H5wbu0rwfma4LRUvF5","privKey":"sM2eWkr5Z32LElqLU7njZqL5UaKs202WQ1890SppT3E="},"lastRemoteEphemeralKey":"BcRdJd7dzp7OhP3dwhwbkqhpMyjNmnrgEqeJN/iRYuVS","previousCounter":0,"rootKey":"jk+pEol/EsRBLUEHNTRbOIQeKhpQyxaWYu65s6RjHrM="},"indexInfo":{"baseKey":"BdNhpKMI6Y8tHdz4amx709viqzY75lAUv2bQUAQ6T/0w","baseKeyType":1,"closed":-1,"used":1721196568777,"created":1721196568777,"remoteIdentityKey":"BenWNrxfDzDWd6Ds2hxq4Tko0t1qOfqacFCQNbOdNYxv"},"_chains":{"BSp4z6cEb1yl/mdWfXZhjCUZ7+H5wbu0rwfma4LRUvF5":{"chainKey":{"counter":9,"key":"WXJuaSruLDTveW3GYj8w1wxfdYmp96SItuDR3L1Jgyw="},"chainType":1,"messageKeys":{}}},"pendingPreKey":{"signedKeyId":8,"baseKey":"BdNhpKMI6Y8tHdz4amx709viqzY75lAUv2bQUAQ6T/0w","preKeyId":1853348}}},"version":"v1"}