{"_sessions":{"BbhqYAEhW4BJZXdQEAkYvMYLyUE7wgwoMyWN7KDGhsFi":{"registrationId":1060981433,"currentRatchet":{"ephemeralKeyPair":{"pubKey":"BZebKz23UvYGMSpW3/raEMhL9jCDx88YXppUDYEIx60K","privKey":"aDBgDcKCbw0Ibcazt0vOj+MLEV2bj0oBJO6R0SZhe2Y="},"lastRemoteEphemeralKey":"BaWRvAA8Jyhl7Qik0mp6WlRf/6Q8T4E9cQeW9/w/vJgo","previousCounter":0,"rootKey":"a4xeVRF1+cguzj5jpRvcHodxQzvklpGfDVprMye3NHY="},"indexInfo":{"baseKey":"BbhqYAEhW4BJZXdQEAkYvMYLyUE7wgwoMyWN7KDGhsFi","baseKeyType":1,"closed":-1,"used":1721227116955,"created":1721227116955,"remoteIdentityKey":"BcI136mi4q0iYrlfZGmkbtmy/Z1lixDUw/YpV7p2s6UE"},"_chains":{"BZebKz23UvYGMSpW3/raEMhL9jCDx88YXppUDYEIx60K":{"chainKey":{"counter":0,"key":"LifHvfoXnYLYlY3fyiR+b+E93jskekLc5HWS8xm6xhw="},"chainType":1,"messageKeys":{}}},"pendingPreKey":{"signedKeyId":0,"baseKey":"BbhqYAEhW4BJZXdQEAkYvMYLyUE7wgwoMyWN7KDGhsFi","preKeyId":15782884}}},"version":"v1"}