{"_sessions":{"BdNd72I8XtSEBLF2+AQVbqBxiT+C7q7K1Kc2VMgH4owX":{"registrationId":1748392801,"currentRatchet":{"ephemeralKeyPair":{"pubKey":"BUDHpXmbXAz4UgKFd6et4O3xPPkTnud5yUSQq1ItIBdT","privKey":"EJUIKRLNlHYNemYZJvb8aChjZviwAKxkWZWxy4+2BVc="},"lastRemoteEphemeralKey":"BeCHGMO1xTa7nr2PWxfTyJy8+j6LwwKMXQ0v2zaDp2Yx","previousCounter":0,"rootKey":"hEHa0M4ztXW6hAgkyAl47s3YowQF3AyWdf8gi1dBw4I="},"indexInfo":{"baseKey":"BdNd72I8XtSEBLF2+AQVbqBxiT+C7q7K1Kc2VMgH4owX","baseKeyType":1,"closed":-1,"used":1721196568574,"created":1721196568574,"remoteIdentityKey":"BfSQvKjZSsqWLZcOmNtYKbjUShl5RcgSI07ujFZvgvgy"},"_chains":{"BUDHpXmbXAz4UgKFd6et4O3xPPkTnud5yUSQq1ItIBdT":{"chainKey":{"counter":9,"key":"6p3Ip7KX7xmoBwc/HIqPgUV8s0sqkPtFr25uXzxqEhs="},"chainType":1,"messageKeys":{}}},"pendingPreKey":{"signedKeyId":8,"baseKey":"BdNd72I8XtSEBLF2+AQVbqBxiT+C7q7K1Kc2VMgH4owX","preKeyId":3937125}}},"version":"v1"}