{"_sessions":{"BccEYxuwpAN5YFU/fYB4/1hbmWxtexj6BS8uWFiJRk4o":{"registrationId":434322631,"currentRatchet":{"ephemeralKeyPair":{"pubKey":"BTHkAiJLd2aQD8JrtK2zChKmZ97GY+DwUdBwGiWsLmxc","privKey":"yOIYVz6CFGPTNviTk3tNAoDl/O4X54jrSv00iBphSXU="},"lastRemoteEphemeralKey":"BbHVRvMRLKLj9vSP7ylzlLlobvqbFfoGB0xsrnIob1BX","previousCounter":0,"rootKey":"fNQmgTaAIoQAINOTc96RAdKhwURR8NuAnpIAOj2HlDs="},"indexInfo":{"baseKey":"BccEYxuwpAN5YFU/fYB4/1hbmWxtexj6BS8uWFiJRk4o","baseKeyType":1,"closed":-1,"used":1721227116920,"created":1721227116920,"remoteIdentityKey":"BRBxUkhaMwB802mLX/I/hBz6GBNA72P4FGX+TUPqTkck"},"_chains":{"BTHkAiJLd2aQD8JrtK2zChKmZ97GY+DwUdBwGiWsLmxc":{"chainKey":{"counter":0,"key":"4++aNFyNAuP4pS0mYR+DrqEkiv2/vXhR24jvQ1Yp8aY="},"chainType":1,"messageKeys":{}}},"pendingPreKey":{"signedKeyId":0,"baseKey":"BccEYxuwpAN5YFU/fYB4/1hbmWxtexj6BS8uWFiJRk4o"}}},"version":"v1"}