{"_sessions":{"BeFmiruQLxiefZoQIsC9NO0SOJ3CXzXIW/+Vqw5t0xB+":{"registrationId":1064081902,"currentRatchet":{"ephemeralKeyPair":{"pubKey":"BfaOKDmq5ffbMugrNcxS4ZUtFzYr6iAslCOeaFccCrU+","privKey":"MGbTGXwyWbI5x6eOt+lioOi70hF4pKG9ZuTjxaQi9n8="},"lastRemoteEphemeralKey":"BV3kswQL497dHxTHG+1oa3wDSitL8uvJUHp13ipSTkBK","previousCounter":0,"rootKey":"ks6yVwyMKd0YvNzCQYVZ7nD05xKyrU87UoG9WHue+RY="},"indexInfo":{"baseKey":"BeFmiruQLxiefZoQIsC9NO0SOJ3CXzXIW/+Vqw5t0xB+","baseKeyType":1,"closed":1721227177065,"used":1721227175251,"created":1721227175251,"remoteIdentityKey":"Bbn8TP9AXGwFVQaTnvpgAm7wqHEuEwfDoO5jPi2fQTYv"},"_chains":{"BfaOKDmq5ffbMugrNcxS4ZUtFzYr6iAslCOeaFccCrU+":{"chainKey":{"counter":-1,"key":"oDOxdtYS92E2AZoecYeeus8jR7RC+OXIx7JBftxh4sw="},"chainType":1,"messageKeys":{}}},"pendingPreKey":{"signedKeyId":1,"baseKey":"BeFmiruQLxiefZoQIsC9NO0SOJ3CXzXIW/+Vqw5t0xB+","preKeyId":338}},"BbFE0faLW7g3fBKOuTWGjtLMrSWQ2IbGLpxdWKnDhIR/":{"registrationId":1064081902,"currentRatchet":{"ephemeralKeyPair":{"pubKey":"BSbxDty3lcGk86S68q5af36AG+ZeTV03DpFRzBh8YJw3","privKey":"8Ia+cE9xlvUH3xc2uAMaVa/31w+0yztjCRO2idKjFlo="},"lastRemoteEphemeralKey":"BV3kswQL497dHxTHG+1oa3wDSitL8uvJUHp13ipSTkBK","previousCounter":0,"rootKey":"lDeoFwGeLyhm7GFSSDRt67a7tT4AIHV2QFdCCu2AOEo="},"indexInfo":{"baseKey":"BbFE0faLW7g3fBKOuTWGjtLMrSWQ2IbGLpxdWKnDhIR/","baseKeyType":1,"closed":-1,"used":1721227177063,"created":1721227177063,"remoteIdentityKey":"Bbn8TP9AXGwFVQaTnvpgAm7wqHEuEwfDoO5jPi2fQTYv"},"_chains":{"BSbxDty3lcGk86S68q5af36AG+ZeTV03DpFRzBh8YJw3":{"chainKey":{"counter":1,"key":"7SUT68mZTys6Bl0WuxOVMYIqz1yABg8AL9pf9vJjHt4="},"chainType":1,"messageKeys":{}}},"pendingPreKey":{"signedKeyId":1,"baseKey":"BbFE0faLW7g3fBKOuTWGjtLMrSWQ2IbGLpxdWKnDhIR/","preKeyId":575}}},"version":"v1"}