{"_sessions":{"BUVwjqJoyQjQ1WmTyJx4SyuK35DX+flN6YiWksVN7QdQ":{"registrationId":1845718998,"currentRatchet":{"ephemeralKeyPair":{"pubKey":"BV0TFpMQ0XCWQgcKtehQtMDmDzFvfcfs/MfhzYoZJ8k5","privKey":"KBbzmAyJ+zbbVxjsu7PYNuuLtVH9Wqyc6xSQv7j25mA="},"lastRemoteEphemeralKey":"BQdpsvtDWKQIJmD4DYNhRpyzYpx5lCrGkg3VkxC8nftm","previousCounter":0,"rootKey":"e4c9GlTr0dsImtNi+/pnP+6vS1Yr1XgWdIhbzCSgi4k="},"indexInfo":{"baseKey":"BUVwjqJoyQjQ1WmTyJx4SyuK35DX+flN6YiWksVN7QdQ","baseKeyType":1,"closed":-1,"used":1721227116842,"created":1721227116842,"remoteIdentityKey":"Bbvq6hwNRA41GNUJp0r1PwIxQkUGidqkCRWRGoFUltBB"},"_chains":{"BV0TFpMQ0XCWQgcKtehQtMDmDzFvfcfs/MfhzYoZJ8k5":{"chainKey":{"counter":0,"key":"uBrmtTfVMOZ597WzZaeXpD91PheQBzqaHrsGMYeZxyk="},"chainType":1,"messageKeys":{}}},"pendingPreKey":{"signedKeyId":16,"baseKey":"BUVwjqJoyQjQ1WmTyJx4SyuK35DX+flN6YiWksVN7QdQ","preKeyId":14088260}}},"version":"v1"}