{"_sessions":{"BYlR9ktbomoWGQ8WFWgtZ2UjcSKh5OZAzhobfIpCOY5L":{"registrationId":229,"currentRatchet":{"ephemeralKeyPair":{"pubKey":"BTzBcPfu/tlrdQLI0wQOM9gj8J/+SMUVk0xrvwO9Om1K","privKey":"CFhW6p9VPJhqGFgrx+k/BvB1Rq7c2RD0lX05HlrWWEA="},"lastRemoteEphemeralKey":"BX3e5FXJRvK6B7iBG7LclJH3wpCSLp4/31WkxDYQvDQh","previousCounter":0,"rootKey":"Kz0rOZgAwodkF7Mkh7NlDi5Va5qEK5Xg74A+MR23bf8="},"indexInfo":{"baseKey":"BYlR9ktbomoWGQ8WFWgtZ2UjcSKh5OZAzhobfIpCOY5L","baseKeyType":1,"closed":-1,"used":1721196568233,"created":1721196568233,"remoteIdentityKey":"BWCJNVTrDCU7OS163mn2ESg5e1/ljsuxAdBc3tvVI+97"},"_chains":{"BTzBcPfu/tlrdQLI0wQOM9gj8J/+SMUVk0xrvwO9Om1K":{"chainKey":{"counter":9,"key":"w2SJmHIaEw8pDp2R0HaXSix+GE0BlA01tlJD2ABk7Ek="},"chainType":1,"messageKeys":{}}},"pendingPreKey":{"signedKeyId":1,"baseKey":"BYlR9ktbomoWGQ8WFWgtZ2UjcSKh5OZAzhobfIpCOY5L"}}},"version":"v1"}