{"_sessions":{"BXRPvfvxXhavxR0FP0kyQP2FHI0slas55pgRjyDFO/gL":{"registrationId":337881207,"currentRatchet":{"ephemeralKeyPair":{"pubKey":"BXAx+N/jTk6dj/GAotLevcQIm2yIpIjwvnKr1UMY+iVg","privKey":"6FVhARJQD9IJRGIGJdv5VpTWhFCEz4LztdDpKjpxM0U="},"lastRemoteEphemeralKey":"BeyMSxSvInUXEKEDbS9gKE+V4H1tuzGz6i2GXPkekU4L","previousCounter":0,"rootKey":"IF+iCJ1PqfFKrarOQl/vHoBFvlUDX1kLY7OpSKgEfr4="},"indexInfo":{"baseKey":"BXRPvfvxXhavxR0FP0kyQP2FHI0slas55pgRjyDFO/gL","baseKeyType":1,"closed":1721227179231,"used":1721227176025,"created":1721227176025,"remoteIdentityKey":"BWz0W2MmAvM8DxKuQ9oVkp4u2/pHkXkqn0Ke4e/5rzhq"},"_chains":{"BXAx+N/jTk6dj/GAotLevcQIm2yIpIjwvnKr1UMY+iVg":{"chainKey":{"counter":-1,"key":"yRt+z1WrP8TsUaYFEvrB0Ujkc5rEEuQv3IUiDSZTRrI="},"chainType":1,"messageKeys":{}}},"pendingPreKey":{"signedKeyId":4,"baseKey":"BXRPvfvxXhavxR0FP0kyQP2FHI0slas55pgRjyDFO/gL","preKeyId":9746312}},"BSWrx0SlrxZdNa+osvuMk0xwgL6AT7o+xdPkdwl9gb4o":{"registrationId":337881207,"currentRatchet":{"ephemeralKeyPair":{"pubKey":"BehacyaBRM7xqH0pyL/VOOFzenQTMM64304SERebV7tk","privKey":"KK6NZZzCHgaMDZU4UfzEf2zuiepzwt0I8h4frR4+nH0="},"lastRemoteEphemeralKey":"BeyMSxSvInUXEKEDbS9gKE+V4H1tuzGz6i2GXPkekU4L","previousCounter":0,"rootKey":"2i2Zzlkk2tanA6uSFVQqhwNGAQkAqfi5g73YYo9ZGkw="},"indexInfo":{"baseKey":"BSWrx0SlrxZdNa+osvuMk0xwgL6AT7o+xdPkdwl9gb4o","baseKeyType":1,"closed":-1,"used":1721227179169,"created":1721227179169,"remoteIdentityKey":"BWz0W2MmAvM8DxKuQ9oVkp4u2/pHkXkqn0Ke4e/5rzhq"},"_chains":{"BehacyaBRM7xqH0pyL/VOOFzenQTMM64304SERebV7tk":{"chainKey":{"counter":1,"key":"4xJohWD6PlSQIEmOFMYmUekLoUz37/K+NeMP+9MopLI="},"chainType":1,"messageKeys":{}}},"pendingPreKey":{"signedKeyId":4,"baseKey":"BSWrx0SlrxZdNa+osvuMk0xwgL6AT7o+xdPkdwl9gb4o","preKeyId":9746455}}},"version":"v1"}