{"_sessions":{"Bdii8flp9A9tpKWc0lfjCZ32cW31aofrNDjh2C1y3zwy":{"registrationId":1904440851,"currentRatchet":{"ephemeralKeyPair":{"pubKey":"BQfKQsomRqe5t4P81Jz7dAxWFavDa0VL1ZknfIYkBe0b","privKey":"8PhTAirlw3zEE2yz5Kwk6ptWp69RmnwnIqyobSFGYUU="},"lastRemoteEphemeralKey":"BWGRW+azp8g4XWvLoaMcixo23iEBpnRxOINmUwEGJJEG","previousCounter":0,"rootKey":"Un/np84OsKUUAVloAQOiMqiOG0MN2gc14snvQnjpjr0="},"indexInfo":{"baseKey":"Bdii8flp9A9tpKWc0lfjCZ32cW31aofrNDjh2C1y3zwy","baseKeyType":1,"closed":1721227178394,"used":1721227175689,"created":1721227175689,"remoteIdentityKey":"BZNAwWqYB8TFcb5J2oyyHyHt69AqzxuYDQatU1Ac2jQZ"},"_chains":{"BQfKQsomRqe5t4P81Jz7dAxWFavDa0VL1ZknfIYkBe0b":{"chainKey":{"counter":-1,"key":"4kFou1GU40BduIzJjegi0Ldh3RQEpIdmgBOQQZgB7fo="},"chainType":1,"messageKeys":{}}},"pendingPreKey":{"signedKeyId":2,"baseKey":"Bdii8flp9A9tpKWc0lfjCZ32cW31aofrNDjh2C1y3zwy","preKeyId":3168633}},"BT31NO+1QKz6GS7NCjIzJlFqT9lfslnSJY2OE3EuOj4m":{"registrationId":1904440851,"currentRatchet":{"ephemeralKeyPair":{"pubKey":"BSM+Xrj+iwMPIvMjPVFqTu6OWjlZUS9yGsiEEXrb4u8R","privKey":"YHZKh7ZlI7+8JTy8N913F5F0gs7uObxQ2hN/xyrdz1Y="},"lastRemoteEphemeralKey":"BWGRW+azp8g4XWvLoaMcixo23iEBpnRxOINmUwEGJJEG","previousCounter":0,"rootKey":"cKZr6mLIq3juypROCPhhsgxgyA+oxGSfAonBrT7h11k="},"indexInfo":{"baseKey":"BT31NO+1QKz6GS7NCjIzJlFqT9lfslnSJY2OE3EuOj4m","baseKeyType":1,"closed":-1,"used":1721227178392,"created":1721227178392,"remoteIdentityKey":"BZNAwWqYB8TFcb5J2oyyHyHt69AqzxuYDQatU1Ac2jQZ"},"_chains":{"BSM+Xrj+iwMPIvMjPVFqTu6OWjlZUS9yGsiEEXrb4u8R":{"chainKey":{"counter":1,"key":"kWJ2+c9bMHB0s+rd/kjkX6OkgSU1eNVbPf1l5g1jKWU="},"chainType":1,"messageKeys":{}}},"pendingPreKey":{"signedKeyId":2,"baseKey":"BT31NO+1QKz6GS7NCjIzJlFqT9lfslnSJY2OE3EuOj4m","preKeyId":3169070}}},"version":"v1"}