{"_sessions":{"BXAY50DJiDtCkAbhxxohAaOZP8/DD2/1lhEsUrdZBu1Z":{"registrationId":630417138,"currentRatchet":{"ephemeralKeyPair":{"pubKey":"BXVGXPn39OvCKE1uiBme0E+P9+PbBlLt7Ery00cjtvk0","privKey":"WM80P6TDmlRUQO61E1foWjpGoajpARVX/vfiOkKZckg="},"lastRemoteEphemeralKey":"BQUyBBiNANdi4qRn2lWgHgbBE3ls/WzOv1dUXISoV/oy","previousCounter":0,"rootKey":"fIYL9/dRG3syJwPxBYKeNWVjZoyGpY7mBsksFy6ybv4="},"indexInfo":{"baseKey":"BXAY50DJiDtCkAbhxxohAaOZP8/DD2/1lhEsUrdZBu1Z","baseKeyType":1,"closed":-1,"used":1721227117581,"created":1721227117581,"remoteIdentityKey":"BfxpF1fx4v723JDoH/1Ih1joWiMt4upmZSNwegLryagQ"},"_chains":{"BXVGXPn39OvCKE1uiBme0E+P9+PbBlLt7Ery00cjtvk0":{"chainKey":{"counter":0,"key":"LxjQYKud3wlMnF7+Mg69DfTShSwxLiVsD1nD+6zvIxY="},"chainType":1,"messageKeys":{}}},"pendingPreKey":{"signedKeyId":0,"baseKey":"BXAY50DJiDtCkAbhxxohAaOZP8/DD2/1lhEsUrdZBu1Z","preKeyId":7154551}}},"version":"v1"}